hour_bucket,temperatureC,precipitationMm,cloudCover,shortwaveRadiation,directNormalIrradiance,weatherIsDay
2025-01-01T00:00:00Z,18.9,0.0,23,648.0,463.4,1
2025-01-01T01:00:00Z,19.5,0.0,10,809.0,531.2,1
2025-01-01T02:00:00Z,20.0,0.0,1,1015.0,906.0,1
2025-01-01T03:00:00Z,20.4,0.0,1,1056.0,965.3,1
2025-01-01T04:00:00Z,20.5,0.0,3,1018.0,961.9,1
2025-01-01T05:00:00Z,20.9,0.0,1,884.0,837.4,1
2025-01-01T06:00:00Z,20.2,0.0,15,754.0,857.6,1
2025-01-01T07:00:00Z,20.0,0.0,95,539.0,685.6,1
2025-01-01T08:00:00Z,18.6,0.0,66,271.0,335.8,1
2025-01-01T09:00:00Z,18.0,0.0,23,111.0,218.6,1
2025-01-01T10:00:00Z,17.1,0.0,53,20.0,74.7,0
2025-01-01T11:00:00Z,16.9,0.0,55,0.0,0.0,0
2025-01-01T12:00:00Z,16.5,0.0,37,0.0,0.0,0
2025-01-01T13:00:00Z,16.1,0.2,100,0.0,0.0,0
2025-01-01T14:00:00Z,16.3,0.0,100,0.0,0.0,0
2025-01-01T15:00:00Z,16.0,0.0,97,0.0,0.0,0
2025-01-01T16:00:00Z,15.4,0.0,65,0.0,0.0,0
2025-01-01T17:00:00Z,15.0,0.0,39,0.0,0.0,0
2025-01-01T18:00:00Z,14.6,0.0,73,0.0,0.0,0
2025-01-01T19:00:00Z,14.4,0.0,62,0.0,0.0,0
2025-01-01T20:00:00Z,14.9,0.0,85,34.0,131.5,1
2025-01-01T21:00:00Z,15.8,0.0,100,159.0,276.2,1
2025-01-01T22:00:00Z,16.8,0.0,97,279.0,281.4,1
2025-01-01T23:00:00Z,17.5,0.0,100,417.0,223.6,1
2025-01-02T00:00:00Z,17.9,0.0,89,497.0,187.0,1
2025-01-02T01:00:00Z,19.0,0.0,40,818.0,571.9,1
2025-01-02T02:00:00Z,19.6,0.0,6,972.0,754.2,1
2025-01-02T03:00:00Z,20.0,0.0,4,1048.0,929.4,1
2025-01-02T04:00:00Z,20.0,0.0,6,1020.0,948.0,1
2025-01-02T05:00:00Z,19.9,0.0,21,924.0,932.7,1
2025-01-02T06:00:00Z,19.5,0.0,10,778.0,901.6,1
2025-01-02T07:00:00Z,19.0,0.0,0,590.0,835.1,1
2025-01-02T08:00:00Z,18.4,0.0,22,379.0,719.3,1
2025-01-02T09:00:00Z,17.6,0.0,0,172.0,513.1,1
2025-01-02T10:00:00Z,16.9,0.0,11,23.0,124.0,0
2025-01-02T11:00:00Z,16.2,0.0,15,0.0,0.0,0
2025-01-02T12:00:00Z,15.7,0.0,0,0.0,0.0,0
2025-01-02T13:00:00Z,14.6,0.0,0,0.0,0.0,0
2025-01-02T14:00:00Z,14.2,0.0,0,0.0,0.0,0
2025-01-02T15:00:00Z,13.9,0.0,12,0.0,0.0,0
2025-01-02T16:00:00Z,13.4,0.0,12,0.0,0.0,0
2025-01-02T17:00:00Z,13.0,0.0,8,0.0,0.0,0
2025-01-02T18:00:00Z,12.5,0.0,0,0.0,0.0,0
2025-01-02T19:00:00Z,11.7,0.0,0,0.0,0.0,0
2025-01-02T20:00:00Z,11.6,0.0,0,41.0,204.8,1
2025-01-02T21:00:00Z,13.1,0.0,0,207.0,557.5,1
2025-01-02T22:00:00Z,15.2,0.0,0,416.0,737.6,1
2025-01-02T23:00:00Z,18.0,0.0,0,622.0,841.8,1
2025-01-03T00:00:00Z,20.5,0.0,0,803.0,903.0,1
2025-01-03T01:00:00Z,22.7,0.0,0,942.0,940.7,1
2025-01-03T02:00:00Z,25.0,0.0,0,1027.0,958.3,1
2025-01-03T03:00:00Z,27.2,0.0,0,1049.0,960.9,1
2025-01-03T04:00:00Z,28.2,0.0,0,1009.0,950.1,1
2025-01-03T05:00:00Z,27.8,0.0,0,912.0,927.7,1
2025-01-03T06:00:00Z,27.1,0.0,0,765.0,888.8,1
2025-01-03T07:00:00Z,25.9,0.0,0,579.0,820.6,1
2025-01-03T08:00:00Z,26.2,0.0,0,371.0,706.0,1
2025-01-03T09:00:00Z,26.5,0.0,0,167.0,498.3,1
2025-01-03T10:00:00Z,25.2,0.0,0,23.0,123.6,0
2025-01-03T11:00:00Z,23.8,0.0,0,0.0,0.0,0
2025-01-03T12:00:00Z,22.2,0.0,0,0.0,0.0,0
2025-01-03T13:00:00Z,20.1,0.0,0,0.0,0.0,0
2025-01-03T14:00:00Z,19.6,0.0,0,0.0,0.0,0
2025-01-03T15:00:00Z,19.5,0.0,0,0.0,0.0,0
2025-01-03T16:00:00Z,18.7,0.0,0,0.0,0.0,0
2025-01-03T17:00:00Z,18.0,0.0,0,0.0,0.0,0
2025-01-03T18:00:00Z,17.3,0.0,0,0.0,0.0,0
2025-01-03T19:00:00Z,17.5,0.0,4,0.0,0.0,0
2025-01-03T20:00:00Z,19.2,0.0,0,40.0,217.7,1
2025-01-03T21:00:00Z,22.8,0.0,0,209.0,582.7,1
2025-01-03T22:00:00Z,27.5,0.0,75,420.0,764.1,1
2025-01-03T23:00:00Z,30.6,0.0,72,625.0,855.9,1
2025-01-04T00:00:00Z,32.5,0.0,23,804.0,904.9,1
2025-01-04T01:00:00Z,35.3,0.0,97,948.0,953.5,1
2025-01-04T02:00:00Z,36.8,0.0,100,1016.0,902.9,1
2025-01-04T03:00:00Z,37.4,0.0,100,973.0,675.8,1
2025-01-04T04:00:00Z,36.7,0.0,100,798.0,386.3,1
2025-01-04T05:00:00Z,36.0,0.0,98,691.0,337.9,1
2025-01-04T06:00:00Z,37.2,0.0,100,674.0,581.4,1
2025-01-04T07:00:00Z,38.5,0.0,100,478.0,487.5,1
2025-01-04T08:00:00Z,37.5,0.0,100,165.0,80.5,1
2025-01-04T09:00:00Z,35.2,0.0,100,98.0,94.9,1
2025-01-04T10:00:00Z,25.6,0.0,100,13.0,24.7,0
2025-01-04T11:00:00Z,25.6,0.0,97,0.0,0.0,0
2025-01-04T12:00:00Z,24.6,0.0,99,0.0,0.0,0
2025-01-04T13:00:00Z,23.2,0.0,100,0.0,0.0,0
2025-01-04T14:00:00Z,24.1,0.0,48,0.0,0.0,0
2025-01-04T15:00:00Z,23.2,0.0,57,0.0,0.0,0
2025-01-04T16:00:00Z,23.3,0.0,92,0.0,0.0,0
2025-01-04T17:00:00Z,23.2,0.0,87,0.0,0.0,0
2025-01-04T18:00:00Z,23.5,0.0,15,0.0,0.0,0
2025-01-04T19:00:00Z,23.0,0.0,84,0.0,0.0,0
2025-01-04T20:00:00Z,24.1,0.0,68,30.0,126.0,1
2025-01-04T21:00:00Z,26.1,0.0,98,136.0,240.1,1
2025-01-04T22:00:00Z,28.4,0.0,15,262.0,274.3,1
2025-01-04T23:00:00Z,32.4,0.0,78,627.0,888.1,1
2025-01-05T00:00:00Z,34.2,0.0,100,745.0,731.8,1
2025-01-05T01:00:00Z,37.2,0.0,48,878.0,808.1,1
2025-01-05T02:00:00Z,38.3,0.0,99,970.0,836.8,1
2025-01-05T03:00:00Z,38.3,0.0,43,849.0,653.3,1
2025-01-05T04:00:00Z,39.0,0.0,91,758.0,511.6,1
2025-01-05T05:00:00Z,39.2,0.0,80,773.0,625.6,1
2025-01-05T06:00:00Z,39.4,0.0,99,654.0,637.9,1
2025-01-05T07:00:00Z,39.4,0.0,99,527.0,638.8,1
2025-01-05T08:00:00Z,33.5,0.0,100,104.0,19.5,1
2025-01-05T09:00:00Z,34.0,0.0,100,43.0,4.5,1
2025-01-05T10:00:00Z,27.8,0.0,99,8.0,0.0,0
2025-01-05T11:00:00Z,26.9,0.0,100,0.0,0.0,0
2025-01-05T12:00:00Z,28.0,0.0,100,0.0,0.0,0
2025-01-05T13:00:00Z,30.0,0.0,100,0.0,0.0,0
2025-01-05T14:00:00Z,28.0,0.0,100,0.0,0.0,0
2025-01-05T15:00:00Z,25.5,0.4,100,0.0,0.0,0
2025-01-05T16:00:00Z,25.5,0.0,100,0.0,0.0,0
2025-01-05T17:00:00Z,24.5,0.3,100,0.0,0.0,0
2025-01-05T18:00:00Z,22.4,0.0,100,0.0,0.0,0
2025-01-05T19:00:00Z,21.0,0.0,99,0.0,0.0,0
2025-01-05T20:00:00Z,20.3,0.0,100,20.0,42.5,1
2025-01-05T21:00:00Z,20.0,0.6,100,95.0,52.6,1
2025-01-05T22:00:00Z,19.2,0.6,100,99.0,0.0,1
2025-01-05T23:00:00Z,18.5,2.4,100,176.0,13.1,1
2025-01-06T00:00:00Z,17.1,3.0,100,70.0,0.0,1
2025-01-06T01:00:00Z,16.2,3.4,100,100.0,0.0,1
2025-01-06T02:00:00Z,17.3,0.6,100,273.0,11.7,1
2025-01-06T03:00:00Z,16.9,0.6,100,198.0,0.0,1
2025-01-06T04:00:00Z,17.4,0.1,100,362.0,12.8,1
2025-01-06T05:00:00Z,17.4,0.1,100,317.0,17.5,1
2025-01-06T06:00:00Z,17.0,0.0,100,298.0,41.9,1
2025-01-06T07:00:00Z,16.9,0.0,99,234.0,71.5,1
2025-01-06T08:00:00Z,16.6,0.0,60,192.0,95.0,1
2025-01-06T09:00:00Z,16.5,0.0,87,152.0,338.4,1
2025-01-06T10:00:00Z,15.9,0.0,96,17.0,49.2,0
2025-01-06T11:00:00Z,15.7,0.0,81,0.0,0.0,0
2025-01-06T12:00:00Z,15.2,0.0,29,0.0,0.0,0
2025-01-06T13:00:00Z,14.8,0.0,81,0.0,0.0,0
2025-01-06T14:00:00Z,15.1,0.0,76,0.0,0.0,0
2025-01-06T15:00:00Z,15.4,0.0,100,0.0,0.0,0
2025-01-06T16:00:00Z,15.5,0.0,98,0.0,0.0,0
2025-01-06T17:00:00Z,15.6,0.0,100,0.0,0.0,0
2025-01-06T18:00:00Z,15.5,0.0,95,0.0,0.0,0
2025-01-06T19:00:00Z,15.6,0.0,100,0.0,0.0,0
2025-01-06T20:00:00Z,15.4,0.0,78,20.0,32.3,1
2025-01-06T21:00:00Z,16.0,0.0,1,130.0,200.1,1
2025-01-06T22:00:00Z,17.3,0.0,59,394.0,669.8,1
2025-01-06T23:00:00Z,18.3,0.0,60,534.0,558.0,1
2025-01-07T00:00:00Z,19.5,0.0,27,697.0,617.3,1
2025-01-07T01:00:00Z,21.6,0.0,1,932.0,912.8,1
2025-01-07T02:00:00Z,22.6,0.0,2,1032.0,965.0,1
2025-01-07T03:00:00Z,24.0,0.0,0,1060.0,973.2,1
2025-01-07T04:00:00Z,24.2,0.0,1,1028.0,976.4,1
2025-01-07T05:00:00Z,23.1,0.0,17,922.0,936.5,1
2025-01-07T06:00:00Z,22.5,0.0,0,748.0,818.5,1
2025-01-07T07:00:00Z,22.4,0.0,0,574.0,786.2,1
2025-01-07T08:00:00Z,21.7,0.0,0,376.0,708.5,1
2025-01-07T09:00:00Z,20.2,0.0,0,169.0,491.6,1
2025-01-07T10:00:00Z,18.8,0.0,0,23.0,110.7,0
2025-01-07T11:00:00Z,17.6,0.0,0,0.0,0.0,0
2025-01-07T12:00:00Z,16.8,0.0,0,0.0,0.0,0
2025-01-07T13:00:00Z,15.8,0.0,0,0.0,0.0,0
2025-01-07T14:00:00Z,14.7,0.0,0,0.0,0.0,0
2025-01-07T15:00:00Z,14.3,0.0,0,0.0,0.0,0
2025-01-07T16:00:00Z,13.8,0.0,0,0.0,0.0,0
2025-01-07T17:00:00Z,13.4,0.0,0,0.0,0.0,0
2025-01-07T18:00:00Z,12.9,0.0,0,0.0,0.0,0
2025-01-07T19:00:00Z,12.6,0.0,0,0.0,0.0,0
2025-01-07T20:00:00Z,13.5,0.0,0,32.0,153.0,1
2025-01-07T21:00:00Z,15.1,0.0,0,188.0,511.6,1
2025-01-07T22:00:00Z,17.1,0.0,0,393.0,703.5,1
2025-01-07T23:00:00Z,19.6,0.0,0,600.0,815.9,1
2025-01-08T00:00:00Z,22.1,0.0,0,782.0,881.0,1
2025-01-08T01:00:00Z,24.6,0.0,0,920.0,916.5,1
2025-01-08T02:00:00Z,26.4,0.0,1,1010.0,942.5,1
2025-01-08T03:00:00Z,27.5,0.0,9,1002.0,884.3,1
2025-01-08T04:00:00Z,28.2,0.0,14,942.0,817.2,1
2025-01-08T05:00:00Z,28.7,0.0,80,868.0,821.3,1
2025-01-08T06:00:00Z,28.8,0.0,91,740.0,823.8,1
2025-01-08T07:00:00Z,28.4,0.0,100,576.0,796.2,1
2025-01-08T08:00:00Z,27.5,0.0,98,352.0,572.0,1
2025-01-08T09:00:00Z,26.1,0.0,40,144.0,252.6,1
2025-01-08T10:00:00Z,24.1,0.0,25,22.0,98.5,0
2025-01-08T11:00:00Z,22.6,0.0,93,0.0,0.0,0
2025-01-08T12:00:00Z,21.5,0.0,100,0.0,0.0,0
2025-01-08T13:00:00Z,21.6,0.0,100,0.0,0.0,0
2025-01-08T14:00:00Z,21.4,0.0,100,0.0,0.0,0
2025-01-08T15:00:00Z,20.7,0.0,100,0.0,0.0,0
2025-01-08T16:00:00Z,20.4,0.0,16,0.0,0.0,0
2025-01-08T17:00:00Z,19.1,0.0,100,0.0,0.0,0
2025-01-08T18:00:00Z,18.8,0.0,100,0.0,0.0,0
2025-01-08T19:00:00Z,19.4,0.0,98,0.0,0.0,0
2025-01-08T20:00:00Z,20.9,0.0,68,27.0,44.3,1
2025-01-08T21:00:00Z,22.2,0.0,100,177.0,425.4,1
2025-01-08T22:00:00Z,23.8,0.0,100,362.0,520.7,1
2025-01-08T23:00:00Z,25.9,0.0,100,562.0,656.3,1
2025-01-09T00:00:00Z,27.6,0.0,100,666.0,486.0,1
2025-01-09T01:00:00Z,29.3,0.0,100,917.0,889.1,1
2025-01-09T02:00:00Z,29.6,0.0,100,726.0,274.0,1
2025-01-09T03:00:00Z,30.0,0.0,100,625.0,145.8,1
2025-01-09T04:00:00Z,30.5,0.0,100,530.0,86.8,1
2025-01-09T05:00:00Z,30.7,0.0,100,454.0,66.4,1
2025-01-09T06:00:00Z,31.0,0.0,100,432.0,116.1,1
2025-01-09T07:00:00Z,30.4,0.0,100,337.0,108.9,1
2025-01-09T08:00:00Z,27.0,0.0,100,242.0,150.9,1
2025-01-09T09:00:00Z,26.9,0.0,100,90.0,36.1,1
2025-01-09T10:00:00Z,26.3,0.0,100,12.0,0.0,0
2025-01-09T11:00:00Z,25.8,0.0,100,0.0,0.0,0
2025-01-09T12:00:00Z,25.0,0.0,100,0.0,0.0,0
2025-01-09T13:00:00Z,24.1,0.0,100,0.0,0.0,0
2025-01-09T14:00:00Z,23.0,0.0,100,0.0,0.0,0
2025-01-09T15:00:00Z,22.4,0.0,100,0.0,0.0,0
2025-01-09T16:00:00Z,22.1,0.0,100,0.0,0.0,0
2025-01-09T17:00:00Z,21.4,0.0,100,0.0,0.0,0
2025-01-09T18:00:00Z,20.8,0.0,100,0.0,0.0,0
2025-01-09T19:00:00Z,20.1,0.0,100,0.0,0.0,0
2025-01-09T20:00:00Z,20.1,0.0,100,23.0,45.0,1
2025-01-09T21:00:00Z,21.0,0.0,98,144.0,210.9,1
2025-01-09T22:00:00Z,22.8,0.0,100,366.0,570.6,1
2025-01-09T23:00:00Z,24.5,0.0,100,533.0,558.8,1
2025-01-10T00:00:00Z,25.4,0.0,98,633.0,488.5,1
2025-01-10T01:00:00Z,26.5,0.0,91,890.0,815.4,1
2025-01-10T02:00:00Z,27.2,0.0,1,943.0,787.7,1
2025-01-10T03:00:00Z,28.4,0.0,41,1047.0,976.2,1
2025-01-10T04:00:00Z,29.7,0.0,98,972.0,874.6,1
2025-01-10T05:00:00Z,29.6,0.0,100,859.0,794.7,1
2025-01-10T06:00:00Z,29.2,0.0,51,705.0,727.9,1
2025-01-10T07:00:00Z,28.9,0.0,28,506.0,620.9,1
2025-01-10T08:00:00Z,28.3,0.0,24,342.0,603.7,1
2025-01-10T09:00:00Z,27.9,0.0,11,163.0,478.9,1
2025-01-10T10:00:00Z,27.2,0.0,39,21.0,111.1,0
2025-01-10T11:00:00Z,26.2,0.0,97,0.0,0.0,0
2025-01-10T12:00:00Z,25.0,0.0,65,0.0,0.0,0
2025-01-10T13:00:00Z,22.9,0.0,0,0.0,0.0,0
2025-01-10T14:00:00Z,21.8,0.0,0,0.0,0.0,0
2025-01-10T15:00:00Z,21.0,0.0,0,0.0,0.0,0
2025-01-10T16:00:00Z,20.4,0.0,0,0.0,0.0,0
2025-01-10T17:00:00Z,19.8,0.0,0,0.0,0.0,0
2025-01-10T18:00:00Z,19.2,0.0,0,0.0,0.0,0
2025-01-10T19:00:00Z,19.0,0.0,0,0.0,0.0,0
2025-01-10T20:00:00Z,20.2,0.0,0,27.0,137.1,1
2025-01-10T21:00:00Z,23.2,0.0,0,177.0,495.0,1
2025-01-10T22:00:00Z,26.1,0.0,0,379.0,689.7,1
2025-01-10T23:00:00Z,28.1,0.0,5,582.0,801.3,1
2025-01-11T00:00:00Z,30.0,0.0,6,762.0,865.9,1
2025-01-11T01:00:00Z,32.0,0.0,31,885.0,883.9,1
2025-01-11T02:00:00Z,33.0,0.0,74,892.0,762.9,1
2025-01-11T03:00:00Z,34.5,0.0,100,979.0,843.5,1
2025-01-11T04:00:00Z,33.8,0.0,100,785.0,585.5,1
2025-01-11T05:00:00Z,33.8,0.0,97,741.0,519.9,1
2025-01-11T06:00:00Z,32.5,0.0,46,501.0,333.6,1
2025-01-11T07:00:00Z,31.8,0.0,97,482.0,585.2,1
2025-01-11T08:00:00Z,31.8,0.0,99,327.0,579.6,1
2025-01-11T09:00:00Z,30.5,0.0,51,140.0,352.9,1
2025-01-11T10:00:00Z,28.9,0.0,19,17.0,74.2,0
2025-01-11T11:00:00Z,27.8,0.0,2,0.0,0.0,0
2025-01-11T12:00:00Z,26.8,0.0,40,0.0,0.0,0
2025-01-11T13:00:00Z,25.0,0.0,100,0.0,0.0,0
2025-01-11T14:00:00Z,23.3,0.0,58,0.0,0.0,0
2025-01-11T15:00:00Z,22.5,0.0,30,0.0,0.0,0
2025-01-11T16:00:00Z,22.6,0.0,57,0.0,0.0,0
2025-01-11T17:00:00Z,23.2,0.0,98,0.0,0.0,0
2025-01-11T18:00:00Z,23.0,0.0,91,0.0,0.0,0
2025-01-11T19:00:00Z,22.5,0.0,100,0.0,0.0,0
2025-01-11T20:00:00Z,22.7,0.0,92,20.0,11.6,1
2025-01-11T21:00:00Z,23.8,0.0,32,170.0,462.1,1
2025-01-11T22:00:00Z,25.9,0.0,17,368.0,653.5,1
2025-01-11T23:00:00Z,28.0,0.0,95,572.0,784.1,1
2025-01-12T00:00:00Z,27.5,0.4,100,490.0,333.1,1
2025-01-12T01:00:00Z,22.5,1.9,100,321.0,66.1,1
2025-01-12T02:00:00Z,21.4,1.9,100,267.0,46.0,1
2025-01-12T03:00:00Z,20.7,2.3,100,99.0,0.0,1
2025-01-12T04:00:00Z,20.9,2.2,100,227.0,34.3,1
2025-01-12T05:00:00Z,21.1,1.0,100,163.0,10.5,1
2025-01-12T06:00:00Z,22.0,0.3,100,225.0,10.8,1
2025-01-12T07:00:00Z,22.6,0.0,100,262.0,35.7,1
2025-01-12T08:00:00Z,22.9,0.0,49,215.0,95.0,1
2025-01-12T09:00:00Z,23.0,0.0,9,139.0,317.3,1
2025-01-12T10:00:00Z,21.8,0.0,9,20.0,99.2,0
2025-01-12T11:00:00Z,21.0,0.0,1,0.0,0.0,0
2025-01-12T12:00:00Z,20.3,0.0,0,0.0,0.0,0
2025-01-12T13:00:00Z,19.6,0.0,23,0.0,0.0,0
2025-01-12T14:00:00Z,19.0,0.0,100,0.0,0.0,0
2025-01-12T15:00:00Z,19.0,0.0,100,0.0,0.0,0
2025-01-12T16:00:00Z,18.9,0.0,100,0.0,0.0,0
2025-01-12T17:00:00Z,18.6,0.0,100,0.0,0.0,0
2025-01-12T18:00:00Z,18.5,0.0,99,0.0,0.0,0
2025-01-12T19:00:00Z,18.4,0.0,100,0.0,0.0,0
2025-01-12T20:00:00Z,18.6,0.0,51,17.0,35.4,1
2025-01-12T21:00:00Z,19.2,0.0,52,136.0,266.8,1
2025-01-12T22:00:00Z,20.3,0.0,98,296.0,382.6,1
2025-01-12T23:00:00Z,21.6,0.0,98,534.0,627.4,1
2025-01-13T00:00:00Z,23.0,0.0,10,724.0,725.5,1
2025-01-13T01:00:00Z,23.7,0.0,10,886.0,854.5,1
2025-01-13T02:00:00Z,23.6,0.0,19,982.0,901.9,1
2025-01-13T03:00:00Z,24.2,0.0,88,965.0,826.1,1
2025-01-13T04:00:00Z,24.6,0.0,99,960.0,826.6,1
2025-01-13T05:00:00Z,23.8,0.0,100,834.0,731.4,1
2025-01-13T06:00:00Z,23.5,0.0,99,732.0,789.3,1
2025-01-13T07:00:00Z,23.0,0.0,99,536.0,655.4,1
2025-01-13T08:00:00Z,22.8,0.0,27,324.0,438.9,1
2025-01-13T09:00:00Z,22.1,0.0,3,154.0,409.0,1
2025-01-13T10:00:00Z,21.5,0.0,1,20.0,99.6,0
2025-01-13T11:00:00Z,20.8,0.0,0,0.0,0.0,0
2025-01-13T12:00:00Z,19.9,0.0,1,0.0,0.0,0
2025-01-13T13:00:00Z,19.0,0.0,10,0.0,0.0,0
2025-01-13T14:00:00Z,18.5,0.0,11,0.0,0.0,0
2025-01-13T15:00:00Z,18.1,0.0,27,0.0,0.0,0
2025-01-13T16:00:00Z,17.8,0.0,38,0.0,0.0,0
2025-01-13T17:00:00Z,17.3,0.0,32,0.0,0.0,0
2025-01-13T18:00:00Z,16.9,0.0,54,0.0,0.0,0
2025-01-13T19:00:00Z,16.8,0.0,43,0.0,0.0,0
2025-01-13T20:00:00Z,16.9,0.0,31,20.0,72.1,1
2025-01-13T21:00:00Z,17.9,0.0,95,143.0,283.5,1
2025-01-13T22:00:00Z,19.2,0.0,100,292.0,312.8,1
2025-01-13T23:00:00Z,20.8,0.0,69,470.0,410.3,1
2025-01-14T00:00:00Z,22.4,0.0,22,688.0,588.9,1
2025-01-14T01:00:00Z,22.6,0.0,21,870.0,765.3,1
2025-01-14T02:00:00Z,23.5,0.0,2,997.0,920.2,1
2025-01-14T03:00:00Z,24.4,0.0,0,1034.0,947.0,1
2025-01-14T04:00:00Z,24.8,0.0,0,1004.0,946.4,1
2025-01-14T05:00:00Z,25.5,0.0,0,912.0,926.6,1
2025-01-14T06:00:00Z,25.8,0.0,0,767.0,886.9,1
2025-01-14T07:00:00Z,25.6,0.0,0,582.0,821.0,1
2025-01-14T08:00:00Z,25.6,0.0,0,373.0,705.4,1
2025-01-14T09:00:00Z,25.4,0.0,0,168.0,501.3,1
2025-01-14T10:00:00Z,24.5,0.0,4,22.0,112.5,0
2025-01-14T11:00:00Z,23.6,0.0,1,0.0,0.0,0
2025-01-14T12:00:00Z,22.8,0.0,16,0.0,0.0,0
2025-01-14T13:00:00Z,21.4,0.0,88,0.0,0.0,0
2025-01-14T14:00:00Z,20.8,0.0,100,0.0,0.0,0
2025-01-14T15:00:00Z,20.7,0.0,96,0.0,0.0,0
2025-01-14T16:00:00Z,20.1,0.0,37,0.0,0.0,0
2025-01-14T17:00:00Z,19.4,0.0,97,0.0,0.0,0
2025-01-14T18:00:00Z,19.5,0.0,95,0.0,0.0,0
2025-01-14T19:00:00Z,20.7,0.0,99,0.0,0.0,0
2025-01-14T20:00:00Z,21.5,0.0,100,18.0,36.7,1
2025-01-14T21:00:00Z,24.4,0.0,100,118.0,152.6,1
2025-01-14T22:00:00Z,26.2,0.0,100,200.0,87.2,1
2025-01-14T23:00:00Z,26.8,0.0,100,238.0,52.6,1
2025-01-15T00:00:00Z,26.0,0.0,100,411.0,144.3,1
2025-01-15T01:00:00Z,24.4,0.0,100,551.0,176.0,1
2025-01-15T02:00:00Z,22.8,0.1,100,549.0,174.0,1
2025-01-15T03:00:00Z,22.1,0.0,100,520.0,107.8,1
2025-01-15T04:00:00Z,22.9,0.0,100,628.0,202.1,1
2025-01-15T05:00:00Z,21.3,0.1,100,169.0,0.0,1
2025-01-15T06:00:00Z,20.2,0.1,100,265.0,51.4,1
2025-01-15T07:00:00Z,19.3,0.4,100,206.0,54.5,1
2025-01-15T08:00:00Z,18.2,1.1,100,132.0,44.0,1
2025-01-15T09:00:00Z,18.0,0.3,100,30.0,0.0,1
2025-01-15T10:00:00Z,17.5,0.1,63,5.0,0.0,0
2025-01-15T11:00:00Z,16.9,0.0,8,0.0,0.0,0
2025-01-15T12:00:00Z,16.2,0.0,42,0.0,0.0,0
2025-01-15T13:00:00Z,15.4,0.1,27,0.0,0.0,0
2025-01-15T14:00:00Z,14.9,0.0,3,0.0,0.0,0
2025-01-15T15:00:00Z,14.1,0.0,2,0.0,0.0,0
2025-01-15T16:00:00Z,13.5,0.0,96,0.0,0.0,0
2025-01-15T17:00:00Z,13.2,0.0,65,0.0,0.0,0
2025-01-15T18:00:00Z,13.4,0.0,100,0.0,0.0,0
2025-01-15T19:00:00Z,13.4,0.0,60,0.0,0.0,0
2025-01-15T20:00:00Z,14.0,0.0,7,17.0,49.9,1
2025-01-15T21:00:00Z,15.1,0.0,85,142.0,291.2,1
2025-01-15T22:00:00Z,16.2,0.0,96,228.0,165.8,1
2025-01-15T23:00:00Z,17.0,0.0,100,327.0,197.5,1
2025-01-16T00:00:00Z,17.4,0.1,100,336.0,82.5,1
2025-01-16T01:00:00Z,18.8,0.0,89,535.0,186.8,1
2025-01-16T02:00:00Z,19.5,0.0,100,761.0,488.2,1
2025-01-16T03:00:00Z,19.7,0.0,69,665.0,218.9,1
2025-01-16T04:00:00Z,19.5,0.0,96,630.0,331.3,1
2025-01-16T05:00:00Z,19.8,0.0,88,615.0,288.6,1
2025-01-16T06:00:00Z,19.6,0.1,35,513.0,320.8,1
2025-01-16T07:00:00Z,19.4,0.0,36,456.0,467.4,1
2025-01-16T08:00:00Z,19.3,0.0,54,322.0,501.7,1
2025-01-16T09:00:00Z,18.9,0.0,78,142.0,339.6,1
2025-01-16T10:00:00Z,18.5,0.0,60,16.0,50.5,0
2025-01-16T11:00:00Z,18.2,0.0,28,0.0,0.0,0
2025-01-16T12:00:00Z,18.0,0.0,34,0.0,0.0,0
2025-01-16T13:00:00Z,17.0,0.0,38,0.0,0.0,0
2025-01-16T14:00:00Z,16.9,0.0,86,0.0,0.0,0
2025-01-16T15:00:00Z,17.0,0.1,100,0.0,0.0,0
2025-01-16T16:00:00Z,16.8,1.1,78,0.0,0.0,0
2025-01-16T17:00:00Z,16.4,0.8,71,0.0,0.0,0
2025-01-16T18:00:00Z,16.2,0.6,87,0.0,0.0,0
2025-01-16T19:00:00Z,16.4,0.5,69,0.0,0.0,0
2025-01-16T20:00:00Z,16.5,0.6,68,15.0,50.9,1
2025-01-16T21:00:00Z,17.5,0.1,94,132.0,276.9,1
2025-01-16T22:00:00Z,18.2,0.1,42,305.0,451.7,1
2025-01-16T23:00:00Z,19.0,0.4,28,500.0,589.7,1
2025-01-17T00:00:00Z,19.5,0.0,33,691.0,703.6,1
2025-01-17T01:00:00Z,20.3,0.0,16,861.0,783.8,1
2025-01-17T02:00:00Z,20.8,0.0,6,966.0,849.7,1
2025-01-17T03:00:00Z,20.6,0.0,4,1026.0,919.5,1
2025-01-17T04:00:00Z,20.5,0.0,0,1002.0,932.4,1
2025-01-17T05:00:00Z,20.3,0.0,0,918.0,928.3,1
2025-01-17T06:00:00Z,20.0,0.0,0,776.0,898.1,1
2025-01-17T07:00:00Z,19.9,0.0,0,589.0,829.8,1
2025-01-17T08:00:00Z,19.6,0.0,0,375.0,708.5,1
2025-01-17T09:00:00Z,19.1,0.0,2,164.0,483.8,1
2025-01-17T10:00:00Z,18.4,0.0,1,20.0,88.9,0
2025-01-17T11:00:00Z,18.1,0.0,0,0.0,0.0,0
2025-01-17T12:00:00Z,18.1,0.0,0,0.0,0.0,0
2025-01-17T13:00:00Z,17.4,0.0,0,0.0,0.0,0
2025-01-17T14:00:00Z,16.9,0.0,1,0.0,0.0,0
2025-01-17T15:00:00Z,16.3,0.0,3,0.0,0.0,0
2025-01-17T16:00:00Z,15.9,0.0,1,0.0,0.0,0
2025-01-17T17:00:00Z,15.4,0.0,0,0.0,0.0,0
2025-01-17T18:00:00Z,15.1,0.0,0,0.0,0.0,0
2025-01-17T19:00:00Z,14.7,0.0,1,0.0,0.0,0
2025-01-17T20:00:00Z,14.8,0.0,1,20.0,103.8,1
2025-01-17T21:00:00Z,16.1,0.0,0,167.0,510.3,1
2025-01-17T22:00:00Z,17.7,0.0,0,376.0,716.9,1
2025-01-17T23:00:00Z,19.3,0.0,0,588.0,830.9,1
2025-01-18T00:00:00Z,21.0,0.0,0,773.0,894.6,1
2025-01-18T01:00:00Z,24.2,0.0,0,918.0,934.3,1
2025-01-18T02:00:00Z,26.0,0.0,0,1012.0,956.7,1
2025-01-18T03:00:00Z,27.4,0.0,0,1043.0,962.5,1
2025-01-18T04:00:00Z,28.2,0.0,0,1012.0,956.9,1
2025-01-18T05:00:00Z,28.6,0.0,0,917.0,933.7,1
2025-01-18T06:00:00Z,28.5,0.0,0,769.0,889.3,1
2025-01-18T07:00:00Z,27.9,0.0,0,582.0,820.5,1
2025-01-18T08:00:00Z,26.6,0.0,0,371.0,702.5,1
2025-01-18T09:00:00Z,25.2,0.0,0,164.0,495.3,1
2025-01-18T10:00:00Z,23.4,0.0,0,20.0,102.3,0
2025-01-18T11:00:00Z,22.0,0.0,0,0.0,0.0,0
2025-01-18T12:00:00Z,20.8,0.0,0,0.0,0.0,0
2025-01-18T13:00:00Z,19.8,0.0,0,0.0,0.0,0
2025-01-18T14:00:00Z,19.0,0.0,0,0.0,0.0,0
2025-01-18T15:00:00Z,18.5,0.0,0,0.0,0.0,0
2025-01-18T16:00:00Z,18.0,0.0,0,0.0,0.0,0
2025-01-18T17:00:00Z,17.2,0.0,0,0.0,0.0,0
2025-01-18T18:00:00Z,16.4,0.0,0,0.0,0.0,0
2025-01-18T19:00:00Z,15.9,0.0,0,0.0,0.0,0
2025-01-18T20:00:00Z,16.5,0.0,0,18.0,92.7,1
2025-01-18T21:00:00Z,19.0,0.0,0,159.0,489.4,1
2025-01-18T22:00:00Z,23.1,0.0,0,366.0,699.6,1
2025-01-18T23:00:00Z,26.6,0.0,2,576.0,820.6,1
2025-01-19T00:00:00Z,29.3,0.0,23,763.0,889.0,1
2025-01-19T01:00:00Z,32.0,0.0,99,896.0,890.4,1
2025-01-19T02:00:00Z,33.5,0.0,100,980.0,876.0,1
2025-01-19T03:00:00Z,33.9,0.0,100,1011.0,871.2,1
2025-01-19T04:00:00Z,33.7,0.0,100,993.0,908.2,1
2025-01-19T05:00:00Z,33.1,0.0,100,860.0,721.4,1
2025-01-19T06:00:00Z,32.8,0.0,100,667.0,523.8,1
2025-01-19T07:00:00Z,32.2,0.0,100,454.0,326.9,1
2025-01-19T08:00:00Z,31.1,0.0,99,281.0,228.9,1
2025-01-19T09:00:00Z,30.5,0.0,100,133.0,172.1,1
2025-01-19T10:00:00Z,29.2,0.0,100,17.0,25.8,0
2025-01-19T11:00:00Z,28.2,0.0,100,0.0,0.0,0
2025-01-19T12:00:00Z,26.8,0.0,63,0.0,0.0,0
2025-01-19T13:00:00Z,25.2,0.0,11,0.0,0.0,0
2025-01-19T14:00:00Z,23.6,0.0,0,0.0,0.0,0
2025-01-19T15:00:00Z,22.8,0.0,2,0.0,0.0,0
2025-01-19T16:00:00Z,21.5,0.0,74,0.0,0.0,0
2025-01-19T17:00:00Z,20.2,0.0,98,0.0,0.0,0
2025-01-19T18:00:00Z,19.2,0.0,100,0.0,0.0,0
2025-01-19T19:00:00Z,18.8,0.0,100,0.0,0.0,0
2025-01-19T20:00:00Z,19.2,0.0,100,14.0,13.5,1
2025-01-19T21:00:00Z,20.5,0.0,100,129.0,207.4,1
2025-01-19T22:00:00Z,22.5,0.0,100,314.0,441.3,1
2025-01-19T23:00:00Z,24.0,0.0,99,460.0,386.1,1
2025-01-20T00:00:00Z,25.8,0.0,61,530.0,288.5,1
2025-01-20T01:00:00Z,31.8,0.0,97,901.0,927.5,1
2025-01-20T02:00:00Z,30.7,0.0,99,641.0,317.0,1
2025-01-20T03:00:00Z,30.7,0.0,100,635.0,247.2,1
2025-01-20T04:00:00Z,32.7,0.0,100,782.0,403.8,1
2025-01-20T05:00:00Z,32.7,0.0,99,663.0,321.2,1
2025-01-20T06:00:00Z,32.6,0.0,81,486.0,201.0,1
2025-01-20T07:00:00Z,32.3,0.0,31,438.0,399.3,1
2025-01-20T08:00:00Z,31.8,0.0,4,327.0,540.4,1
2025-01-20T09:00:00Z,30.7,0.0,2,141.0,374.3,1
2025-01-20T10:00:00Z,29.2,0.0,12,18.0,90.9,0
2025-01-20T11:00:00Z,28.0,0.0,25,0.0,0.0,0
2025-01-20T12:00:00Z,26.6,0.0,15,0.0,0.0,0
2025-01-20T13:00:00Z,25.9,0.0,57,0.0,0.0,0
2025-01-20T14:00:00Z,24.6,0.0,0,0.0,0.0,0
2025-01-20T15:00:00Z,23.6,0.0,3,0.0,0.0,0
2025-01-20T16:00:00Z,22.0,0.0,0,0.0,0.0,0
2025-01-20T17:00:00Z,20.8,0.0,0,0.0,0.0,0
2025-01-20T18:00:00Z,20.2,0.0,0,0.0,0.0,0
2025-01-20T19:00:00Z,19.9,0.0,0,0.0,0.0,0
2025-01-20T20:00:00Z,19.9,0.0,3,15.0,82.9,1
2025-01-20T21:00:00Z,20.8,0.0,6,147.0,450.7,1
2025-01-20T22:00:00Z,22.4,0.0,7,346.0,659.2,1
2025-01-20T23:00:00Z,24.5,0.0,0,551.0,780.9,1
2025-01-21T00:00:00Z,27.0,0.0,0,738.0,862.7,1
2025-01-21T01:00:00Z,29.2,0.0,0,883.0,904.8,1
2025-01-21T02:00:00Z,30.2,0.0,2,975.0,927.6,1
2025-01-21T03:00:00Z,29.4,0.0,13,963.0,873.3,1
2025-01-21T04:00:00Z,28.9,0.0,5,903.0,773.9,1
2025-01-21T05:00:00Z,29.6,0.0,16,889.0,912.9,1
2025-01-21T06:00:00Z,27.8,0.0,24,758.0,893.4,1
2025-01-21T07:00:00Z,26.4,0.0,37,551.0,770.7,1
2025-01-21T08:00:00Z,23.3,0.0,100,348.0,645.7,1
2025-01-21T09:00:00Z,22.0,0.0,99,138.0,282.4,1
2025-01-21T10:00:00Z,20.9,0.0,18,15.0,26.2,0
2025-01-21T11:00:00Z,20.2,0.0,20,0.0,0.0,0
2025-01-21T12:00:00Z,20.0,0.0,100,0.0,0.0,0
2025-01-21T13:00:00Z,19.4,0.0,35,0.0,0.0,0
2025-01-21T14:00:00Z,19.3,0.0,100,0.0,0.0,0
2025-01-21T15:00:00Z,19.0,0.0,100,0.0,0.0,0
2025-01-21T16:00:00Z,18.8,0.2,100,0.0,0.0,0
2025-01-21T17:00:00Z,18.5,0.2,100,0.0,0.0,0
2025-01-21T18:00:00Z,18.0,0.3,100,0.0,0.0,0
2025-01-21T19:00:00Z,17.7,0.1,100,0.0,0.0,0
2025-01-21T20:00:00Z,17.4,0.0,99,8.0,0.0,1
2025-01-21T21:00:00Z,17.6,0.0,100,90.0,59.7,1
2025-01-21T22:00:00Z,18.2,0.0,100,178.0,61.1,1
2025-01-21T23:00:00Z,18.4,0.0,100,156.0,0.0,1
2025-01-22T00:00:00Z,18.9,0.2,100,358.0,85.3,1
2025-01-22T01:00:00Z,19.2,0.3,85,391.0,60.3,1
2025-01-22T02:00:00Z,21.1,0.1,100,775.0,517.7,1
2025-01-22T03:00:00Z,20.8,0.1,16,660.0,293.2,1
2025-01-22T04:00:00Z,21.1,0.0,29,834.0,598.4,1
2025-01-22T05:00:00Z,20.9,0.0,7,874.0,836.3,1
2025-01-22T06:00:00Z,20.1,0.0,2,745.0,804.6,1
2025-01-22T07:00:00Z,19.2,0.0,0,565.0,753.1,1
2025-01-22T08:00:00Z,18.4,0.0,0,379.0,729.4,1
2025-01-22T09:00:00Z,17.6,0.0,7,164.0,502.2,1
2025-01-22T10:00:00Z,17.1,0.0,17,18.0,92.5,0
2025-01-22T11:00:00Z,16.8,0.0,17,0.0,0.0,0
2025-01-22T12:00:00Z,16.4,0.0,37,0.0,0.0,0
2025-01-22T13:00:00Z,16.1,0.0,91,0.0,0.0,0
2025-01-22T14:00:00Z,15.9,0.0,91,0.0,0.0,0
2025-01-22T15:00:00Z,15.6,0.0,100,0.0,0.0,0
2025-01-22T16:00:00Z,15.4,0.0,77,0.0,0.0,0
2025-01-22T17:00:00Z,15.1,0.0,89,0.0,0.0,0
2025-01-22T18:00:00Z,14.6,0.0,100,0.0,0.0,0
2025-01-22T19:00:00Z,14.4,0.0,100,0.0,0.0,0
2025-01-22T20:00:00Z,14.8,0.0,100,12.0,14.5,1
2025-01-22T21:00:00Z,15.4,0.0,100,83.0,10.1,1
2025-01-22T22:00:00Z,15.9,0.0,100,166.0,25.6,1
2025-01-22T23:00:00Z,17.0,0.0,100,278.0,52.6,1
2025-01-23T00:00:00Z,18.4,0.0,100,406.0,75.9,1
2025-01-23T01:00:00Z,20.0,0.0,100,645.0,264.2,1
2025-01-23T02:00:00Z,20.4,0.0,100,568.0,144.6,1
2025-01-23T03:00:00Z,20.0,0.0,100,382.0,23.2,1
2025-01-23T04:00:00Z,20.5,0.0,100,246.0,7.6,1
2025-01-23T05:00:00Z,17.8,0.1,100,159.0,2.4,1
2025-01-23T06:00:00Z,17.8,0.2,100,140.0,2.7,1
2025-01-23T07:00:00Z,17.0,0.2,100,70.0,0.0,1
2025-01-23T08:00:00Z,16.9,0.3,100,81.0,2.5,1
2025-01-23T09:00:00Z,16.5,0.1,100,33.0,0.0,1
2025-01-23T10:00:00Z,16.8,0.0,99,7.0,0.0,0
2025-01-23T11:00:00Z,16.9,0.4,100,0.0,0.0,0
2025-01-23T12:00:00Z,15.5,1.8,94,0.0,0.0,0
2025-01-23T13:00:00Z,15.6,0.2,100,0.0,0.0,0
2025-01-23T14:00:00Z,15.8,0.7,100,0.0,0.0,0
2025-01-23T15:00:00Z,15.0,1.2,99,0.0,0.0,0
2025-01-23T16:00:00Z,15.3,1.0,86,0.0,0.0,0
2025-01-23T17:00:00Z,15.1,0.2,100,0.0,0.0,0
2025-01-23T18:00:00Z,15.1,0.1,100,0.0,0.0,0
2025-01-23T19:00:00Z,14.6,0.0,100,0.0,0.0,0
2025-01-23T20:00:00Z,13.6,0.0,99,9.0,14.8,1
2025-01-23T21:00:00Z,14.1,0.0,95,94.0,133.7,1
2025-01-23T22:00:00Z,15.5,0.0,98,208.0,160.1,1
2025-01-23T23:00:00Z,16.7,0.0,100,324.0,141.0,1
2025-01-24T00:00:00Z,17.3,0.2,93,421.0,142.6,1
2025-01-24T01:00:00Z,18.8,0.1,63,538.0,281.4,1
2025-01-24T02:00:00Z,20.0,0.0,68,840.0,631.7,1
2025-01-24T03:00:00Z,20.7,0.0,93,836.0,570.1,1
2025-01-24T04:00:00Z,21.2,0.0,27,891.0,701.8,1
2025-01-24T05:00:00Z,20.8,0.0,5,823.0,726.5,1
2025-01-24T06:00:00Z,21.4,0.0,1,748.0,847.8,1
2025-01-24T07:00:00Z,21.1,0.0,1,570.0,807.7,1
2025-01-24T08:00:00Z,19.9,0.0,1,360.0,684.1,1
2025-01-24T09:00:00Z,19.1,0.0,5,154.0,466.4,1
2025-01-24T10:00:00Z,18.5,0.0,9,16.0,81.0,0
2025-01-24T11:00:00Z,18.5,0.0,81,0.0,0.0,0
2025-01-24T12:00:00Z,18.6,0.0,58,0.0,0.0,0
2025-01-24T13:00:00Z,17.9,0.0,96,0.0,0.0,0
2025-01-24T14:00:00Z,17.6,0.0,61,0.0,0.0,0
2025-01-24T15:00:00Z,17.2,0.0,50,0.0,0.0,0
2025-01-24T16:00:00Z,16.6,0.0,42,0.0,0.0,0
2025-01-24T17:00:00Z,16.2,0.0,38,0.0,0.0,0
2025-01-24T18:00:00Z,15.3,0.0,99,0.0,0.0,0
2025-01-24T19:00:00Z,14.6,0.0,99,0.0,0.0,0
2025-01-24T20:00:00Z,14.6,0.0,100,10.0,15.2,1
2025-01-24T21:00:00Z,15.5,0.0,100,109.0,135.9,1
2025-01-24T22:00:00Z,16.8,0.0,100,236.0,148.3,1
2025-01-24T23:00:00Z,18.2,0.0,100,364.0,230.2,1
2025-01-25T00:00:00Z,19.5,0.0,100,506.0,224.9,1
2025-01-25T01:00:00Z,21.6,0.0,99,728.0,432.0,1
2025-01-25T02:00:00Z,22.3,0.0,41,934.0,775.7,1
2025-01-25T03:00:00Z,23.1,0.0,5,1011.0,924.7,1
2025-01-25T04:00:00Z,23.3,0.0,6,986.0,939.5,1
2025-01-25T05:00:00Z,23.6,0.0,27,882.0,876.0,1
2025-01-25T06:00:00Z,22.4,0.0,17,714.0,771.2,1
2025-01-25T07:00:00Z,20.9,0.0,49,542.0,733.3,1
2025-01-25T08:00:00Z,20.0,0.0,81,317.0,506.1,1
2025-01-25T09:00:00Z,19.0,0.0,94,128.0,286.0,1
2025-01-25T10:00:00Z,18.8,0.0,100,13.0,27.3,0
2025-01-25T11:00:00Z,18.8,0.0,100,0.0,0.0,0
2025-01-25T12:00:00Z,18.6,0.0,100,0.0,0.0,0
2025-01-25T13:00:00Z,18.2,0.1,100,0.0,0.0,0
2025-01-25T14:00:00Z,18.4,0.0,100,0.0,0.0,0
2025-01-25T15:00:00Z,18.0,0.0,100,0.0,0.0,0
2025-01-25T16:00:00Z,17.8,0.1,99,0.0,0.0,0
2025-01-25T17:00:00Z,17.5,0.1,84,0.0,0.0,0
2025-01-25T18:00:00Z,17.4,0.1,66,0.0,0.0,0
2025-01-25T19:00:00Z,17.1,0.0,66,0.0,0.0,0
2025-01-25T20:00:00Z,16.9,0.0,74,8.0,15.6,1
2025-01-25T21:00:00Z,17.5,0.0,83,111.0,281.9,1
2025-01-25T22:00:00Z,18.3,0.1,100,236.0,272.7,1
2025-01-25T23:00:00Z,19.0,0.0,100,285.0,121.0,1
2025-01-26T00:00:00Z,20.6,0.0,100,481.0,224.2,1
2025-01-26T01:00:00Z,21.4,0.0,99,551.0,180.1,1
2025-01-26T02:00:00Z,22.4,0.0,8,762.0,427.3,1
2025-01-26T03:00:00Z,23.0,0.0,9,1001.0,916.6,1
2025-01-26T04:00:00Z,22.6,0.0,0,969.0,907.1,1
2025-01-26T05:00:00Z,22.9,0.0,7,885.0,902.0,1
2025-01-26T06:00:00Z,22.8,0.0,0,741.0,860.1,1
2025-01-26T07:00:00Z,22.4,0.0,1,558.0,797.4,1
2025-01-26T08:00:00Z,22.0,0.0,0,351.0,679.1,1
2025-01-26T09:00:00Z,21.1,0.0,0,149.0,464.5,1
2025-01-26T10:00:00Z,20.1,0.0,0,15.0,69.2,0
2025-01-26T11:00:00Z,19.6,0.0,1,0.0,0.0,0
2025-01-26T12:00:00Z,19.2,0.0,0,0.0,0.0,0
2025-01-26T13:00:00Z,18.2,0.0,100,0.0,0.0,0
2025-01-26T14:00:00Z,17.9,0.0,85,0.0,0.0,0
2025-01-26T15:00:00Z,17.8,0.0,99,0.0,0.0,0
2025-01-26T16:00:00Z,17.8,0.0,7,0.0,0.0,0
2025-01-26T17:00:00Z,17.5,0.0,18,0.0,0.0,0
2025-01-26T18:00:00Z,17.7,0.0,35,0.0,0.0,0
2025-01-26T19:00:00Z,19.1,0.0,35,0.0,0.0,0
2025-01-26T20:00:00Z,21.0,0.0,2,9.0,31.9,1
2025-01-26T21:00:00Z,24.3,0.0,1,132.0,454.5,1
2025-01-26T22:00:00Z,26.9,0.0,99,334.0,684.4,1
2025-01-26T23:00:00Z,27.4,0.0,47,333.0,194.8,1
2025-01-27T00:00:00Z,31.3,0.0,17,676.0,739.1,1
2025-01-27T01:00:00Z,31.5,0.0,36,620.0,472.2,1
2025-01-27T02:00:00Z,34.2,0.0,51,782.0,616.4,1
2025-01-27T03:00:00Z,36.8,0.0,0,900.0,731.0,1
2025-01-27T04:00:00Z,39.0,0.0,3,972.0,937.8,1
2025-01-27T05:00:00Z,39.8,0.0,71,785.0,707.1,1
2025-01-27T06:00:00Z,40.7,0.0,99,650.0,622.9,1
2025-01-27T07:00:00Z,34.2,0.2,52,191.0,48.7,1
2025-01-27T08:00:00Z,34.5,0.0,62,308.0,517.7,1
2025-01-27T09:00:00Z,27.0,0.0,53,101.0,222.1,1
2025-01-27T10:00:00Z,22.2,0.0,16,12.0,56.1,0
2025-01-27T11:00:00Z,21.3,0.0,25,0.0,0.0,0
2025-01-27T12:00:00Z,20.6,0.0,40,0.0,0.0,0
2025-01-27T13:00:00Z,19.4,0.1,100,0.0,0.0,0
2025-01-27T14:00:00Z,19.4,0.6,100,0.0,0.0,0
2025-01-27T15:00:00Z,19.1,0.4,100,0.0,0.0,0
2025-01-27T16:00:00Z,18.9,0.0,100,0.0,0.0,0
2025-01-27T17:00:00Z,18.6,0.0,100,0.0,0.0,0
2025-01-27T18:00:00Z,18.0,0.0,87,0.0,0.0,0
2025-01-27T19:00:00Z,17.4,0.0,100,0.0,0.0,0
2025-01-27T20:00:00Z,17.2,0.0,100,4.0,0.0,1
2025-01-27T21:00:00Z,17.5,0.0,95,69.0,60.6,1
2025-01-27T22:00:00Z,18.2,0.0,92,253.0,284.9,1
2025-01-27T23:00:00Z,19.2,0.0,97,421.0,364.5,1
2025-01-28T00:00:00Z,19.6,0.1,91,456.0,194.8,1
2025-01-28T01:00:00Z,20.4,0.0,98,642.0,378.7,1
2025-01-28T02:00:00Z,20.4,0.0,100,599.0,212.8,1
2025-01-28T03:00:00Z,21.1,0.0,51,836.0,515.1,1
2025-01-28T04:00:00Z,21.4,0.0,31,940.0,801.7,1
2025-01-28T05:00:00Z,21.0,0.0,1,844.0,778.1,1
2025-01-28T06:00:00Z,21.0,0.0,4,759.0,885.3,1
2025-01-28T07:00:00Z,20.6,0.0,9,573.0,825.9,1
2025-01-28T08:00:00Z,19.6,0.0,10,344.0,641.8,1
2025-01-28T09:00:00Z,18.8,0.0,16,142.0,423.6,1
2025-01-28T10:00:00Z,18.1,0.0,26,14.0,71.1,0
2025-01-28T11:00:00Z,17.6,0.0,17,0.0,0.0,0
2025-01-28T12:00:00Z,17.1,0.0,58,0.0,0.0,0
2025-01-28T13:00:00Z,16.5,0.0,74,0.0,0.0,0
2025-01-28T14:00:00Z,16.1,0.0,83,0.0,0.0,0
2025-01-28T15:00:00Z,15.8,0.0,52,0.0,0.0,0
2025-01-28T16:00:00Z,15.4,0.0,100,0.0,0.0,0
2025-01-28T17:00:00Z,15.1,0.0,78,0.0,0.0,0
2025-01-28T18:00:00Z,14.9,0.0,74,0.0,0.0,0
2025-01-28T19:00:00Z,14.8,0.0,33,0.0,0.0,0
2025-01-28T20:00:00Z,14.4,0.0,32,7.0,33.7,1
2025-01-28T21:00:00Z,15.1,0.0,4,121.0,370.1,1
2025-01-28T22:00:00Z,16.3,0.0,55,323.0,598.5,1
2025-01-28T23:00:00Z,17.3,0.0,100,494.0,559.2,1
2025-01-29T00:00:00Z,18.0,0.0,100,610.0,457.0,1
2025-01-29T01:00:00Z,19.1,0.0,45,776.0,579.0,1
2025-01-29T02:00:00Z,20.0,0.0,82,889.0,689.1,1
2025-01-29T03:00:00Z,20.0,0.0,45,986.0,835.7,1
2025-01-29T04:00:00Z,19.8,0.0,45,950.0,775.7,1
2025-01-29T05:00:00Z,19.6,0.0,41,893.0,896.9,1
2025-01-29T06:00:00Z,19.2,0.0,2,757.0,877.5,1
2025-01-29T07:00:00Z,18.8,0.0,0,578.0,842.3,1
2025-01-29T08:00:00Z,18.2,0.0,2,366.0,728.9,1
2025-01-29T09:00:00Z,17.4,0.0,1,152.0,493.6,1
2025-01-29T10:00:00Z,16.9,0.0,8,14.0,72.2,0
2025-01-29T11:00:00Z,16.8,0.0,74,0.0,0.0,0
2025-01-29T12:00:00Z,16.6,0.0,100,0.0,0.0,0
2025-01-29T13:00:00Z,15.8,0.0,100,0.0,0.0,0
2025-01-29T14:00:00Z,15.9,0.0,100,0.0,0.0,0
2025-01-29T15:00:00Z,15.8,0.0,100,0.0,0.0,0
2025-01-29T16:00:00Z,15.9,0.0,100,0.0,0.0,0
2025-01-29T17:00:00Z,15.9,0.0,100,0.0,0.0,0
2025-01-29T18:00:00Z,15.8,0.0,100,0.0,0.0,0
2025-01-29T19:00:00Z,15.7,0.0,100,0.0,0.0,0
2025-01-29T20:00:00Z,15.7,0.0,100,4.0,0.0,1
2025-01-29T21:00:00Z,16.3,0.0,100,80.0,102.8,1
2025-01-29T22:00:00Z,17.0,0.0,100,175.0,78.5,1
2025-01-29T23:00:00Z,17.6,0.0,100,296.0,103.3,1
2025-01-30T00:00:00Z,18.5,0.0,100,495.0,259.6,1
2025-01-30T01:00:00Z,19.5,0.0,90,684.0,428.7,1
2025-01-30T02:00:00Z,20.3,0.0,90,955.0,838.0,1
2025-01-30T03:00:00Z,20.9,0.0,67,931.0,720.8,1
2025-01-30T04:00:00Z,21.0,0.0,26,912.0,743.1,1
2025-01-30T05:00:00Z,20.6,0.0,71,881.0,858.1,1
2025-01-30T06:00:00Z,20.2,0.0,94,618.0,528.7,1
2025-01-30T07:00:00Z,19.9,0.0,38,528.0,709.9,1
2025-01-30T08:00:00Z,19.3,0.0,8,346.0,663.4,1
2025-01-30T09:00:00Z,18.8,0.0,1,140.0,438.1,1
2025-01-30T10:00:00Z,18.3,0.0,5,12.0,58.8,0
2025-01-30T11:00:00Z,18.1,0.0,12,0.0,0.0,0
2025-01-30T12:00:00Z,17.9,0.0,78,0.0,0.0,0
2025-01-30T13:00:00Z,17.1,0.0,43,0.0,0.0,0
2025-01-30T14:00:00Z,16.8,0.0,24,0.0,0.0,0
2025-01-30T15:00:00Z,16.4,0.0,19,0.0,0.0,0
2025-01-30T16:00:00Z,16.1,0.0,53,0.0,0.0,0
2025-01-30T17:00:00Z,15.6,0.0,9,0.0,0.0,0
2025-01-30T18:00:00Z,15.0,0.0,40,0.0,0.0,0
2025-01-30T19:00:00Z,14.6,0.0,23,0.0,0.0,0
2025-01-30T20:00:00Z,14.4,0.0,22,6.0,17.9,1
2025-01-30T21:00:00Z,15.8,0.0,58,113.0,349.3,1
2025-01-30T22:00:00Z,17.9,0.0,12,319.0,616.5,1
2025-01-30T23:00:00Z,19.4,0.0,0,549.0,821.5,1
2025-01-31T00:00:00Z,20.4,0.0,9,736.0,886.1,1
2025-01-31T01:00:00Z,21.5,0.0,13,892.0,948.9,1
2025-01-31T02:00:00Z,22.1,0.0,0,988.0,968.9,1
2025-01-31T03:00:00Z,22.5,0.0,1,1016.0,960.6,1
2025-01-31T04:00:00Z,22.4,0.0,0,986.0,949.4,1
2025-01-31T05:00:00Z,21.8,0.0,0,896.0,930.0,1
2025-01-31T06:00:00Z,21.5,0.0,0,751.0,891.1,1
2025-01-31T07:00:00Z,21.3,0.0,0,566.0,826.5,1
2025-01-31T08:00:00Z,20.9,0.0,0,355.0,708.1,1
2025-01-31T09:00:00Z,20.1,0.0,0,146.0,489.9,1
2025-01-31T10:00:00Z,19.5,0.0,0,12.0,59.8,0
2025-01-31T11:00:00Z,18.8,0.0,2,0.0,0.0,0
2025-01-31T12:00:00Z,18.1,0.0,6,0.0,0.0,0
2025-01-31T13:00:00Z,17.3,0.0,5,0.0,0.0,0
2025-01-31T14:00:00Z,16.9,0.0,0,0.0,0.0,0
2025-01-31T15:00:00Z,16.5,0.0,0,0.0,0.0,0
2025-01-31T16:00:00Z,16.1,0.0,0,0.0,0.0,0
2025-01-31T17:00:00Z,15.7,0.0,0,0.0,0.0,0
2025-01-31T18:00:00Z,15.2,0.0,0,0.0,0.0,0
2025-01-31T19:00:00Z,14.6,0.0,0,0.0,0.0,0
2025-01-31T20:00:00Z,14.1,0.0,0,6.0,36.8,1
2025-01-31T21:00:00Z,14.8,0.0,1,119.0,427.5,1
2025-01-31T22:00:00Z,16.8,0.0,0,320.0,662.9,1
2025-01-31T23:00:00Z,19.2,0.0,0,531.0,798.1,1
2025-02-01T00:00:00Z,22.0,0.0,0,719.0,870.6,1
2025-02-01T01:00:00Z,24.5,0.0,0,869.0,916.2,1
2025-02-01T02:00:00Z,26.8,0.0,0,964.0,937.7,1
2025-02-01T03:00:00Z,28.5,0.0,0,998.0,945.3,1
2025-02-01T04:00:00Z,30.1,0.0,2,970.0,941.2,1
2025-02-01T05:00:00Z,31.4,0.0,1,873.0,908.0,1
2025-02-01T06:00:00Z,32.2,0.0,5,718.0,843.4,1
2025-02-01T07:00:00Z,31.6,0.0,3,523.0,737.6,1
2025-02-01T08:00:00Z,32.0,0.0,6,331.0,644.8,1
2025-02-01T09:00:00Z,31.8,0.0,4,134.0,438.7,1
2025-02-01T10:00:00Z,30.5,0.0,13,11.0,61.0,0
2025-02-01T11:00:00Z,28.6,0.0,6,0.0,0.0,0
2025-02-01T12:00:00Z,27.5,0.0,89,0.0,0.0,0
2025-02-01T13:00:00Z,25.0,0.0,100,0.0,0.0,0
2025-02-01T14:00:00Z,23.6,0.0,99,0.0,0.0,0
2025-02-01T15:00:00Z,23.1,0.0,100,0.0,0.0,0
2025-02-01T16:00:00Z,23.0,0.0,99,0.0,0.0,0
2025-02-01T17:00:00Z,22.6,0.0,100,0.0,0.0,0
2025-02-01T18:00:00Z,23.8,0.0,87,0.0,0.0,0
2025-02-01T19:00:00Z,25.7,0.0,52,0.0,0.0,0
2025-02-01T20:00:00Z,26.0,0.0,22,5.0,19.0,1
2025-02-01T21:00:00Z,26.8,0.0,3,114.0,424.2,1
2025-02-01T22:00:00Z,28.4,0.0,12,310.0,651.8,1
2025-02-01T23:00:00Z,30.5,0.0,86,513.0,763.5,1
2025-02-02T00:00:00Z,32.5,0.0,93,671.0,735.4,1
2025-02-02T01:00:00Z,33.7,0.0,100,634.0,406.5,1
2025-02-02T02:00:00Z,35.6,0.0,97,796.0,618.4,1
2025-02-02T03:00:00Z,36.7,0.0,34,857.0,596.0,1
2025-02-02T04:00:00Z,38.0,0.0,16,861.0,723.0,1
2025-02-02T05:00:00Z,39.5,0.1,100,862.0,902.7,1
2025-02-02T06:00:00Z,26.0,6.1,100,168.0,0.0,1
2025-02-02T07:00:00Z,25.8,0.6,39,43.0,0.0,1
2025-02-02T08:00:00Z,27.5,0.2,95,317.0,583.5,1
2025-02-02T09:00:00Z,26.4,0.0,70,72.0,58.2,1
2025-02-02T10:00:00Z,25.8,0.0,27,9.0,31.1,0
2025-02-02T11:00:00Z,25.7,0.0,94,0.0,0.0,0
2025-02-02T12:00:00Z,25.1,0.0,96,0.0,0.0,0
2025-02-02T13:00:00Z,22.5,0.8,100,0.0,0.0,0
2025-02-02T14:00:00Z,21.8,2.0,100,0.0,0.0,0
2025-02-02T15:00:00Z,21.2,1.5,100,0.0,0.0,0
2025-02-02T16:00:00Z,20.8,3.6,100,0.0,0.0,0
2025-02-02T17:00:00Z,20.5,3.7,100,0.0,0.0,0
2025-02-02T18:00:00Z,20.5,0.2,100,0.0,0.0,0
2025-02-02T19:00:00Z,20.2,0.0,100,0.0,0.0,0
2025-02-02T20:00:00Z,20.3,0.0,100,2.0,0.0,1
2025-02-02T21:00:00Z,21.1,0.0,100,39.0,0.0,1
2025-02-02T22:00:00Z,23.6,0.0,100,180.0,75.5,1
2025-02-02T23:00:00Z,25.5,0.0,100,271.0,120.2,1
2025-02-03T00:00:00Z,27.0,0.0,100,381.0,137.3,1
2025-02-03T01:00:00Z,33.8,0.0,91,648.0,469.7,1
2025-02-03T02:00:00Z,34.9,0.0,68,724.0,515.3,1
2025-02-03T03:00:00Z,34.7,0.0,75,796.0,569.2,1
2025-02-03T04:00:00Z,35.2,0.0,93,825.0,658.2,1
2025-02-03T05:00:00Z,36.6,0.0,37,669.0,547.6,1
2025-02-03T06:00:00Z,36.6,0.0,27,628.0,645.7,1
2025-02-03T07:00:00Z,36.7,0.0,100,465.0,570.6,1
2025-02-03T08:00:00Z,34.3,0.0,100,203.0,191.4,1
2025-02-03T09:00:00Z,31.6,0.0,90,63.0,21.5,1
2025-02-03T10:00:00Z,29.8,0.0,100,7.0,15.9,0
2025-02-03T11:00:00Z,29.3,0.0,100,0.0,0.0,0
2025-02-03T12:00:00Z,28.6,0.0,99,0.0,0.0,0
2025-02-03T13:00:00Z,24.7,0.0,17,0.0,0.0,0
2025-02-03T14:00:00Z,24.8,0.0,19,0.0,0.0,0
2025-02-03T15:00:00Z,24.5,0.0,26,0.0,0.0,0
2025-02-03T16:00:00Z,25.5,0.0,96,0.0,0.0,0
2025-02-03T17:00:00Z,25.6,0.0,100,0.0,0.0,0
2025-02-03T18:00:00Z,25.5,0.0,91,0.0,0.0,0
2025-02-03T19:00:00Z,25.5,0.0,100,0.0,0.0,0
2025-02-03T20:00:00Z,25.2,0.0,58,4.0,0.0,1
2025-02-03T21:00:00Z,26.6,0.0,44,106.0,385.5,1
2025-02-03T22:00:00Z,28.8,0.0,83,281.0,536.2,1
2025-02-03T23:00:00Z,31.1,0.0,97,475.0,604.1,1
2025-02-04T00:00:00Z,33.0,0.0,83,645.0,650.2,1
2025-02-04T01:00:00Z,35.3,0.0,96,829.0,805.3,1
2025-02-04T02:00:00Z,36.8,0.0,63,868.0,733.6,1
2025-02-04T03:00:00Z,37.5,0.0,40,820.0,669.6,1
2025-02-04T04:00:00Z,34.7,0.0,76,837.0,707.1,1
2025-02-04T05:00:00Z,25.7,0.0,100,663.0,464.8,1
2025-02-04T06:00:00Z,23.8,0.0,99,528.0,325.9,1
2025-02-04T07:00:00Z,21.9,0.0,100,339.0,228.4,1
2025-02-04T08:00:00Z,21.1,0.0,91,182.0,44.9,1
2025-02-04T09:00:00Z,20.5,0.0,99,98.0,147.2,1
2025-02-04T10:00:00Z,20.0,0.0,100,6.0,16.3,0
2025-02-04T11:00:00Z,19.9,0.0,94,0.0,0.0,0
2025-02-04T12:00:00Z,19.5,0.0,100,0.0,0.0,0
2025-02-04T13:00:00Z,18.9,0.2,100,0.0,0.0,0
2025-02-04T14:00:00Z,18.5,0.5,100,0.0,0.0,0
2025-02-04T15:00:00Z,18.1,0.1,100,0.0,0.0,0
2025-02-04T16:00:00Z,18.0,0.0,100,0.0,0.0,0
2025-02-04T17:00:00Z,17.8,0.1,100,0.0,0.0,0
2025-02-04T18:00:00Z,17.6,0.0,100,0.0,0.0,0
2025-02-04T19:00:00Z,17.5,0.0,100,0.0,0.0,0
2025-02-04T20:00:00Z,17.4,0.0,100,2.0,0.0,1
2025-02-04T21:00:00Z,17.5,0.0,100,47.0,0.0,1
2025-02-04T22:00:00Z,17.8,0.0,100,151.0,91.1,1
2025-02-04T23:00:00Z,18.3,0.0,91,300.0,153.2,1
2025-02-05T00:00:00Z,19.4,0.0,62,525.0,394.7,1
2025-02-05T01:00:00Z,19.9,0.0,3,833.0,821.0,1
2025-02-05T02:00:00Z,20.4,0.0,1,942.0,890.4,1
2025-02-05T03:00:00Z,21.1,0.0,0,995.0,942.2,1
2025-02-05T04:00:00Z,22.0,0.0,0,973.0,948.9,1
2025-02-05T05:00:00Z,22.9,0.0,0,886.0,935.4,1
2025-02-05T06:00:00Z,22.4,0.0,0,742.0,897.7,1
2025-02-05T07:00:00Z,21.5,0.0,0,554.0,826.2,1
2025-02-05T08:00:00Z,21.3,0.0,0,341.0,701.3,1
2025-02-05T09:00:00Z,20.8,0.0,6,134.0,476.3,1
2025-02-05T10:00:00Z,21.1,0.0,7,8.0,33.3,0
2025-02-05T11:00:00Z,20.6,0.0,0,0.0,0.0,0
2025-02-05T12:00:00Z,19.9,0.0,0,0.0,0.0,0
2025-02-05T13:00:00Z,19.0,0.0,4,0.0,0.0,0
2025-02-05T14:00:00Z,18.8,0.0,0,0.0,0.0,0
2025-02-05T15:00:00Z,18.0,0.0,3,0.0,0.0,0
2025-02-05T16:00:00Z,17.5,0.0,0,0.0,0.0,0
2025-02-05T17:00:00Z,16.8,0.0,0,0.0,0.0,0
2025-02-05T18:00:00Z,16.6,0.0,0,0.0,0.0,0
2025-02-05T19:00:00Z,16.4,0.0,0,0.0,0.0,0
2025-02-05T20:00:00Z,16.3,0.0,3,3.0,21.9,1
2025-02-05T21:00:00Z,17.6,0.0,0,101.0,376.6,1
2025-02-05T22:00:00Z,19.8,0.0,8,299.0,643.5,1
2025-02-05T23:00:00Z,22.2,0.0,3,502.0,757.0,1
2025-02-06T00:00:00Z,25.3,0.0,0,694.0,851.6,1
2025-02-06T01:00:00Z,28.5,0.0,0,853.0,917.8,1
2025-02-06T02:00:00Z,31.3,0.0,0,948.0,937.3,1
2025-02-06T03:00:00Z,32.5,0.0,0,980.0,942.1,1
2025-02-06T04:00:00Z,32.8,0.0,4,952.0,936.6,1
2025-02-06T05:00:00Z,32.8,0.0,2,854.0,899.2,1
2025-02-06T06:00:00Z,31.6,0.0,1,713.0,855.5,1
2025-02-06T07:00:00Z,29.6,0.0,0,533.0,793.8,1
2025-02-06T08:00:00Z,29.4,0.0,0,331.0,690.3,1
2025-02-06T09:00:00Z,29.1,0.0,0,128.0,467.3,1
2025-02-06T10:00:00Z,27.2,0.0,0,7.0,34.2,0
2025-02-06T11:00:00Z,25.6,0.0,0,0.0,0.0,0
2025-02-06T12:00:00Z,24.8,0.0,0,0.0,0.0,0
2025-02-06T13:00:00Z,22.5,0.0,0,0.0,0.0,0
2025-02-06T14:00:00Z,22.0,0.0,0,0.0,0.0,0
2025-02-06T15:00:00Z,21.2,0.0,0,0.0,0.0,0
2025-02-06T16:00:00Z,20.9,0.0,0,0.0,0.0,0
2025-02-06T17:00:00Z,20.1,0.0,0,0.0,0.0,0
2025-02-06T18:00:00Z,19.5,0.0,1,0.0,0.0,0
2025-02-06T19:00:00Z,19.3,0.0,12,0.0,0.0,0
2025-02-06T20:00:00Z,19.0,0.0,61,3.0,0.0,1
2025-02-06T21:00:00Z,20.1,0.0,71,95.0,344.8,1
2025-02-06T22:00:00Z,21.4,0.0,70,257.0,429.1,1
2025-02-06T23:00:00Z,22.5,0.0,81,416.0,453.3,1
2025-02-07T00:00:00Z,23.3,0.0,75,650.0,721.3,1
2025-02-07T01:00:00Z,22.2,0.0,100,660.0,417.2,1
2025-02-07T02:00:00Z,22.4,0.0,100,589.0,208.5,1
2025-02-07T03:00:00Z,23.3,0.0,100,766.0,417.9,1
2025-02-07T04:00:00Z,23.4,0.0,48,821.0,561.7,1
2025-02-07T05:00:00Z,23.0,0.0,27,722.0,538.5,1
2025-02-07T06:00:00Z,22.1,0.0,10,665.0,717.1,1
2025-02-07T07:00:00Z,21.5,0.0,62,512.0,696.1,1
2025-02-07T08:00:00Z,20.6,0.0,38,265.0,380.1,1
2025-02-07T09:00:00Z,19.8,0.0,7,113.0,343.8,1
2025-02-07T10:00:00Z,19.3,0.0,10,7.0,35.1,0
2025-02-07T11:00:00Z,19.0,0.0,26,0.0,0.0,0
2025-02-07T12:00:00Z,18.6,0.0,69,0.0,0.0,0
2025-02-07T13:00:00Z,18.4,0.1,88,0.0,0.0,0
2025-02-07T14:00:00Z,18.0,0.1,100,0.0,0.0,0
2025-02-07T15:00:00Z,17.7,0.1,100,0.0,0.0,0
2025-02-07T16:00:00Z,17.6,0.1,100,0.0,0.0,0
2025-02-07T17:00:00Z,17.6,0.0,100,0.0,0.0,0
2025-02-07T18:00:00Z,17.6,0.0,100,0.0,0.0,0
2025-02-07T19:00:00Z,17.6,0.0,100,0.0,0.0,0
2025-02-07T20:00:00Z,17.8,0.0,100,2.0,0.0,1
2025-02-07T21:00:00Z,18.5,0.0,100,62.0,48.5,1
2025-02-07T22:00:00Z,19.3,0.0,100,206.0,163.9,1
2025-02-07T23:00:00Z,19.5,0.1,100,329.0,180.4,1
2025-02-08T00:00:00Z,20.1,0.0,100,449.0,222.9,1
2025-02-08T01:00:00Z,20.0,0.1,100,485.0,119.7,1
2025-02-08T02:00:00Z,20.7,0.0,94,648.0,318.1,1
2025-02-08T03:00:00Z,21.0,0.1,98,653.0,312.2,1
2025-02-08T04:00:00Z,21.0,0.0,98,551.0,199.6,1
2025-02-08T05:00:00Z,21.1,0.0,98,469.0,182.0,1
2025-02-08T06:00:00Z,21.1,0.0,100,325.0,69.4,1
2025-02-08T07:00:00Z,21.5,0.1,100,196.0,38.1,1
2025-02-08T08:00:00Z,22.4,0.0,100,124.0,19.0,1
2025-02-08T09:00:00Z,21.1,0.0,94,44.0,0.0,1
2025-02-08T10:00:00Z,20.1,0.0,83,5.0,18.0,0
2025-02-08T11:00:00Z,19.5,0.0,87,0.0,0.0,0
2025-02-08T12:00:00Z,18.9,0.0,97,0.0,0.0,0
2025-02-08T13:00:00Z,18.4,0.0,100,0.0,0.0,0
2025-02-08T14:00:00Z,18.4,0.0,92,0.0,0.0,0
2025-02-08T15:00:00Z,18.1,0.0,82,0.0,0.0,0
2025-02-08T16:00:00Z,17.8,0.1,70,0.0,0.0,0
2025-02-08T17:00:00Z,17.3,0.1,62,0.0,0.0,0
2025-02-08T18:00:00Z,17.2,0.1,99,0.0,0.0,0
2025-02-08T19:00:00Z,17.0,0.1,100,0.0,0.0,0
2025-02-08T20:00:00Z,17.0,0.5,100,1.0,0.0,1
2025-02-08T21:00:00Z,17.2,0.2,98,53.0,134.8,1
2025-02-08T22:00:00Z,17.9,0.1,56,139.0,103.4,1
2025-02-08T23:00:00Z,20.1,0.0,30,359.0,393.3,1
2025-02-09T00:00:00Z,22.4,0.1,93,574.0,609.8,1
2025-02-09T01:00:00Z,24.6,0.4,51,656.0,548.4,1
2025-02-09T02:00:00Z,26.2,0.2,29,696.0,503.7,1
2025-02-09T03:00:00Z,27.0,0.1,57,885.0,787.4,1
2025-02-09T04:00:00Z,27.3,0.2,41,838.0,759.0,1
2025-02-09T05:00:00Z,26.0,0.3,54,743.0,680.2,1
2025-02-09T06:00:00Z,24.4,0.2,76,586.0,595.5,1
2025-02-09T07:00:00Z,23.6,0.0,52,393.0,429.0,1
2025-02-09T08:00:00Z,22.5,0.0,78,238.0,377.9,1
2025-02-09T09:00:00Z,20.9,0.0,58,95.0,243.8,1
2025-02-09T10:00:00Z,19.9,0.0,72,4.0,18.6,0
2025-02-09T11:00:00Z,19.4,0.0,39,0.0,0.0,0
2025-02-09T12:00:00Z,18.9,0.0,25,0.0,0.0,0
2025-02-09T13:00:00Z,18.8,0.0,40,0.0,0.0,0
2025-02-09T14:00:00Z,18.7,0.0,34,0.0,0.0,0
2025-02-09T15:00:00Z,18.5,0.0,41,0.0,0.0,0
2025-02-09T16:00:00Z,18.4,0.0,10,0.0,0.0,0
2025-02-09T17:00:00Z,18.0,0.0,7,0.0,0.0,0
2025-02-09T18:00:00Z,17.9,0.0,12,0.0,0.0,0
2025-02-09T19:00:00Z,18.0,0.0,14,0.0,0.0,0
2025-02-09T20:00:00Z,18.0,0.0,2,1.0,0.0,1
2025-02-09T21:00:00Z,18.8,0.0,8,90.0,368.5,1
2025-02-09T22:00:00Z,20.0,0.0,4,286.0,626.1,1
2025-02-09T23:00:00Z,22.0,0.0,20,479.0,706.5,1
2025-02-10T00:00:00Z,24.1,0.0,44,656.0,753.1,1
2025-02-10T01:00:00Z,24.5,0.0,86,751.0,712.7,1
2025-02-10T02:00:00Z,25.5,0.1,100,855.0,679.1,1
2025-02-10T03:00:00Z,26.2,0.0,25,863.0,634.1,1
2025-02-10T04:00:00Z,26.5,0.0,41,792.0,702.6,1
2025-02-10T05:00:00Z,26.3,0.2,37,763.0,759.0,1
2025-02-10T06:00:00Z,26.0,0.1,7,658.0,780.3,1
2025-02-10T07:00:00Z,25.3,0.0,3,513.0,772.4,1
2025-02-10T08:00:00Z,24.0,0.0,3,317.0,673.6,1
2025-02-10T09:00:00Z,22.0,0.0,3,115.0,430.6,1
2025-02-10T10:00:00Z,20.6,0.0,11,5.0,19.2,0
2025-02-10T11:00:00Z,20.1,0.0,25,0.0,0.0,0
2025-02-10T12:00:00Z,19.6,0.0,5,0.0,0.0,0
2025-02-10T13:00:00Z,19.6,0.0,13,0.0,0.0,0
2025-02-10T14:00:00Z,19.3,0.0,35,0.0,0.0,0
2025-02-10T15:00:00Z,19.0,0.0,33,0.0,0.0,0
2025-02-10T16:00:00Z,18.8,0.0,19,0.0,0.0,0
2025-02-10T17:00:00Z,18.5,0.0,10,0.0,0.0,0
2025-02-10T18:00:00Z,18.0,0.0,23,0.0,0.0,0
2025-02-10T19:00:00Z,17.9,0.0,9,0.0,0.0,0
2025-02-10T20:00:00Z,17.8,0.0,12,1.0,0.0,1
2025-02-10T21:00:00Z,18.5,0.0,53,75.0,248.5,1
2025-02-10T22:00:00Z,19.8,0.0,100,232.0,385.3,1
2025-02-10T23:00:00Z,21.4,0.0,62,407.0,457.6,1
2025-02-11T00:00:00Z,23.5,0.0,16,627.0,682.4,1
2025-02-11T01:00:00Z,25.4,0.0,1,827.0,885.5,1
2025-02-11T02:00:00Z,27.0,0.0,1,938.0,948.2,1
2025-02-11T03:00:00Z,28.4,0.0,2,964.0,937.1,1
2025-02-11T04:00:00Z,29.4,0.0,3,938.0,934.8,1
2025-02-11T05:00:00Z,28.7,0.0,5,834.0,887.3,1
2025-02-11T06:00:00Z,29.2,0.0,3,683.0,823.2,1
2025-02-11T07:00:00Z,30.2,0.0,2,488.0,711.8,1
2025-02-11T08:00:00Z,29.0,0.0,2,304.0,643.2,1
2025-02-11T09:00:00Z,26.8,0.0,1,112.0,439.6,1
2025-02-11T10:00:00Z,25.0,0.0,1,4.0,19.8,0
2025-02-11T11:00:00Z,24.1,0.0,0,0.0,0.0,0
2025-02-11T12:00:00Z,23.4,0.0,0,0.0,0.0,0
2025-02-11T13:00:00Z,23.4,0.0,0,0.0,0.0,0
2025-02-11T14:00:00Z,22.5,0.0,0,0.0,0.0,0
2025-02-11T15:00:00Z,21.7,0.0,0,0.0,0.0,0
2025-02-11T16:00:00Z,20.9,0.0,0,0.0,0.0,0
2025-02-11T17:00:00Z,20.2,0.0,0,0.0,0.0,0
2025-02-11T18:00:00Z,19.9,0.0,0,0.0,0.0,0
2025-02-11T19:00:00Z,19.4,0.0,0,0.0,0.0,0
2025-02-11T20:00:00Z,19.0,0.0,0,1.0,0.0,1
2025-02-11T21:00:00Z,20.0,0.0,0,88.0,392.0,1
2025-02-11T22:00:00Z,22.0,0.0,0,283.0,653.4,1
2025-02-11T23:00:00Z,25.1,0.0,0,492.0,790.2,1
2025-02-12T00:00:00Z,28.5,0.0,0,682.0,870.1,1
2025-02-12T01:00:00Z,30.4,0.0,0,832.0,913.3,1
2025-02-12T02:00:00Z,31.9,0.0,0,929.0,936.1,1
2025-02-12T03:00:00Z,32.7,0.0,8,963.0,927.4,1
2025-02-12T04:00:00Z,32.8,0.0,2,928.0,887.7,1
2025-02-12T05:00:00Z,32.9,0.0,0,846.0,891.3,1
2025-02-12T06:00:00Z,33.1,0.0,0,714.0,896.8,1
2025-02-12T07:00:00Z,33.3,0.0,0,524.0,815.8,1
2025-02-12T08:00:00Z,32.5,0.0,0,316.0,696.7,1
2025-02-12T09:00:00Z,30.8,0.0,0,113.0,461.8,1
2025-02-12T10:00:00Z,30.2,0.0,0,4.0,20.6,0
2025-02-12T11:00:00Z,29.6,0.0,0,0.0,0.0,0
2025-02-12T12:00:00Z,29.0,0.0,21,0.0,0.0,0
2025-02-12T13:00:00Z,27.4,0.0,99,0.0,0.0,0
2025-02-12T14:00:00Z,26.6,0.0,99,0.0,0.0,0
2025-02-12T15:00:00Z,27.0,0.0,100,0.0,0.0,0
2025-02-12T16:00:00Z,28.1,0.0,100,0.0,0.0,0
2025-02-12T17:00:00Z,27.6,0.0,100,0.0,0.0,0
2025-02-12T18:00:00Z,27.0,0.0,100,0.0,0.0,0
2025-02-12T19:00:00Z,26.1,0.0,100,0.0,0.0,0
2025-02-12T20:00:00Z,25.5,0.0,100,1.0,0.0,1
2025-02-12T21:00:00Z,25.7,0.0,100,76.0,187.1,1
2025-02-12T22:00:00Z,26.5,0.0,99,234.0,337.5,1
2025-02-12T23:00:00Z,28.0,0.0,100,425.0,472.6,1
2025-02-13T00:00:00Z,29.3,0.0,100,544.0,362.5,1
2025-02-13T01:00:00Z,31.1,0.0,97,659.0,441.2,1
2025-02-13T02:00:00Z,33.1,0.0,100,813.0,582.1,1
2025-02-13T03:00:00Z,34.6,0.0,100,925.0,812.0,1
2025-02-13T04:00:00Z,35.8,0.0,100,824.0,593.1,1
2025-02-13T05:00:00Z,36.0,0.0,100,572.0,331.3,1
2025-02-13T06:00:00Z,32.2,0.0,100,187.0,36.1,1
2025-02-13T07:00:00Z,31.6,0.0,100,98.0,0.0,1
2025-02-13T08:00:00Z,24.3,0.1,100,56.0,2.8,1
2025-02-13T09:00:00Z,22.3,0.4,100,17.0,0.0,1
2025-02-13T10:00:00Z,22.5,0.2,100,1.0,0.0,0
2025-02-13T11:00:00Z,23.0,0.0,100,0.0,0.0,0
2025-02-13T12:00:00Z,22.4,0.8,97,0.0,0.0,0
2025-02-13T13:00:00Z,21.0,3.8,17,0.0,0.0,0
2025-02-13T14:00:00Z,20.6,0.0,27,0.0,0.0,0
2025-02-13T15:00:00Z,20.0,0.0,33,0.0,0.0,0
2025-02-13T16:00:00Z,18.9,0.0,9,0.0,0.0,0
2025-02-13T17:00:00Z,18.0,0.0,1,0.0,0.0,0
2025-02-13T18:00:00Z,17.2,0.0,0,0.0,0.0,0
2025-02-13T19:00:00Z,16.4,0.0,0,0.0,0.0,0
2025-02-13T20:00:00Z,15.9,0.0,0,1.0,0.0,1
2025-02-13T21:00:00Z,16.5,0.0,3,86.0,401.5,1
2025-02-13T22:00:00Z,17.6,0.0,2,283.0,663.1,1
2025-02-13T23:00:00Z,19.1,0.0,40,498.0,813.1,1
2025-02-14T00:00:00Z,20.4,0.1,94,599.0,634.0,1
2025-02-14T01:00:00Z,20.4,0.1,58,537.0,301.8,1
2025-02-14T02:00:00Z,21.2,0.2,28,715.0,488.9,1
2025-02-14T03:00:00Z,21.5,0.1,38,821.0,597.6,1
2025-02-14T04:00:00Z,21.2,0.2,38,701.0,558.5,1
2025-02-14T05:00:00Z,20.0,1.2,74,639.0,491.7,1
2025-02-14T06:00:00Z,19.4,0.5,21,487.0,398.4,1
2025-02-14T07:00:00Z,17.9,3.3,85,472.0,669.3,1
2025-02-14T08:00:00Z,17.8,0.7,29,102.0,57.2,1
2025-02-14T09:00:00Z,17.1,1.3,60,81.0,258.3,1
2025-02-14T10:00:00Z,14.9,4.4,85,2.0,0.0,0
2025-02-14T11:00:00Z,16.0,0.2,89,0.0,0.0,0
2025-02-14T12:00:00Z,15.8,0.1,11,0.0,0.0,0
2025-02-14T13:00:00Z,14.9,0.0,5,0.0,0.0,0
2025-02-14T14:00:00Z,14.0,0.0,4,0.0,0.0,0
2025-02-14T15:00:00Z,13.5,0.0,8,0.0,0.0,0
2025-02-14T16:00:00Z,13.1,0.0,16,0.0,0.0,0
2025-02-14T17:00:00Z,12.9,0.0,17,0.0,0.0,0
2025-02-14T18:00:00Z,12.8,0.0,25,0.0,0.0,0
2025-02-14T19:00:00Z,12.8,0.0,37,0.0,0.0,0
2025-02-14T20:00:00Z,12.8,0.0,35,0.0,0.0,1
2025-02-14T21:00:00Z,13.4,0.0,48,70.0,299.1,1
2025-02-14T22:00:00Z,14.1,0.0,57,232.0,447.5,1
2025-02-14T23:00:00Z,14.6,0.1,44,387.0,472.1,1
2025-02-15T00:00:00Z,15.8,0.0,42,586.0,656.0,1
2025-02-15T01:00:00Z,16.1,0.0,80,617.0,440.3,1
2025-02-15T02:00:00Z,14.6,0.5,49,561.0,325.4,1
2025-02-15T03:00:00Z,15.5,0.1,58,603.0,327.9,1
2025-02-15T04:00:00Z,14.8,0.1,44,743.0,562.4,1
2025-02-15T05:00:00Z,14.4,0.9,69,700.0,617.3,1
2025-02-15T06:00:00Z,14.8,0.1,38,409.0,292.4,1
2025-02-15T07:00:00Z,14.2,0.0,43,428.0,577.0,1
2025-02-15T08:00:00Z,13.6,0.6,37,254.0,479.6,1
2025-02-15T09:00:00Z,12.8,0.0,64,86.0,318.9,1
2025-02-15T10:00:00Z,12.1,0.0,51,2.0,0.0,0
2025-02-15T11:00:00Z,11.5,0.4,39,0.0,0.0,0
2025-02-15T12:00:00Z,11.1,0.3,26,0.0,0.0,0
2025-02-15T13:00:00Z,11.1,1.6,37,0.0,0.0,0
2025-02-15T14:00:00Z,11.6,0.1,34,0.0,0.0,0
2025-02-15T15:00:00Z,11.1,0.1,80,0.0,0.0,0
2025-02-15T16:00:00Z,11.2,0.0,100,0.0,0.0,0
2025-02-15T17:00:00Z,11.1,0.8,85,0.0,0.0,0
2025-02-15T18:00:00Z,11.9,0.1,100,0.0,0.0,0
2025-02-15T19:00:00Z,11.5,0.5,70,0.0,0.0,0
2025-02-15T20:00:00Z,11.9,0.1,59,0.0,0.0,1
2025-02-15T21:00:00Z,12.2,0.3,48,60.0,225.1,1
2025-02-15T22:00:00Z,13.0,1.3,78,207.0,360.3,1
2025-02-15T23:00:00Z,14.1,0.5,52,351.0,443.1,1
2025-02-16T00:00:00Z,14.9,0.0,66,458.0,409.1,1
2025-02-16T01:00:00Z,14.9,0.1,84,511.0,358.2,1
2025-02-16T02:00:00Z,15.7,0.1,44,695.0,530.8,1
2025-02-16T03:00:00Z,16.5,0.1,65,813.0,655.4,1
2025-02-16T04:00:00Z,16.7,0.0,57,756.0,562.9,1
2025-02-16T05:00:00Z,16.6,0.0,43,726.0,625.6,1
2025-02-16T06:00:00Z,16.7,0.0,42,623.0,623.8,1
2025-02-16T07:00:00Z,16.4,0.0,43,442.0,595.7,1
2025-02-16T08:00:00Z,15.8,0.0,47,196.0,242.2,1
2025-02-16T09:00:00Z,15.2,0.0,100,82.0,306.2,1
2025-02-16T10:00:00Z,14.8,0.0,81,2.0,0.0,0
2025-02-16T11:00:00Z,14.6,0.0,100,0.0,0.0,0
2025-02-16T12:00:00Z,14.5,0.0,100,0.0,0.0,0
2025-02-16T13:00:00Z,13.8,0.0,100,0.0,0.0,0
2025-02-16T14:00:00Z,13.6,0.0,95,0.0,0.0,0
2025-02-16T15:00:00Z,13.3,0.0,99,0.0,0.0,0
2025-02-16T16:00:00Z,13.6,0.0,100,0.0,0.0,0
2025-02-16T17:00:00Z,13.5,0.0,100,0.0,0.0,0
2025-02-16T18:00:00Z,13.2,0.0,88,0.0,0.0,0
2025-02-16T19:00:00Z,12.6,0.0,96,0.0,0.0,0
2025-02-16T20:00:00Z,12.4,0.0,77,0.0,0.0,1
2025-02-16T21:00:00Z,13.1,0.0,53,55.0,141.5,1
2025-02-16T22:00:00Z,14.6,0.0,58,221.0,364.0,1
2025-02-16T23:00:00Z,16.0,0.0,49,419.0,525.6,1
2025-02-17T00:00:00Z,17.0,0.0,9,640.0,709.8,1
2025-02-17T01:00:00Z,17.6,0.0,11,842.0,941.0,1
2025-02-17T02:00:00Z,18.2,0.0,0,941.0,963.4,1
2025-02-17T03:00:00Z,18.8,0.0,97,983.0,990.4,1
2025-02-17T04:00:00Z,19.1,0.0,17,942.0,922.4,1
2025-02-17T05:00:00Z,19.4,0.0,48,857.0,934.9,1
2025-02-17T06:00:00Z,19.2,0.0,66,708.0,889.3,1
2025-02-17T07:00:00Z,18.8,0.0,0,514.0,796.0,1
2025-02-17T08:00:00Z,18.4,0.0,3,307.0,704.7,1
2025-02-17T09:00:00Z,17.5,0.0,100,101.0,462.5,1
2025-02-17T10:00:00Z,16.9,0.0,100,2.0,0.0,0
2025-02-17T11:00:00Z,16.0,0.0,70,0.0,0.0,0
2025-02-17T12:00:00Z,14.9,0.0,25,0.0,0.0,0
2025-02-17T13:00:00Z,14.1,0.0,100,0.0,0.0,0
2025-02-17T14:00:00Z,13.7,0.0,93,0.0,0.0,0
2025-02-17T15:00:00Z,13.4,0.0,100,0.0,0.0,0
2025-02-17T16:00:00Z,13.4,0.0,100,0.0,0.0,0
2025-02-17T17:00:00Z,13.2,0.0,95,0.0,0.0,0
2025-02-17T18:00:00Z,12.4,0.0,27,0.0,0.0,0
2025-02-17T19:00:00Z,11.9,0.0,0,0.0,0.0,0
2025-02-17T20:00:00Z,11.5,0.0,0,0.0,0.0,1
2025-02-17T21:00:00Z,12.8,0.0,1,74.0,350.3,1
2025-02-17T22:00:00Z,14.9,0.0,5,267.0,641.8,1
2025-02-17T23:00:00Z,16.9,0.0,2,480.0,784.0,1
2025-02-18T00:00:00Z,17.9,0.0,0,673.0,866.0,1
2025-02-18T01:00:00Z,19.5,0.0,6,838.0,940.4,1
2025-02-18T02:00:00Z,20.5,0.0,100,931.0,931.6,1
2025-02-18T03:00:00Z,20.1,0.0,100,532.0,194.4,1
2025-02-18T04:00:00Z,17.9,0.1,39,555.0,308.4,1
2025-02-18T05:00:00Z,18.4,0.2,100,672.0,557.5,1
2025-02-18T06:00:00Z,17.6,0.0,92,449.0,331.7,1
2025-02-18T07:00:00Z,17.6,0.0,100,311.0,192.1,1
2025-02-18T08:00:00Z,17.0,0.0,100,127.0,20.9,1
2025-02-18T09:00:00Z,16.3,0.0,100,41.0,36.1,1
2025-02-18T10:00:00Z,15.8,0.0,97,1.0,0.0,0
2025-02-18T11:00:00Z,15.4,0.0,100,0.0,0.0,0
2025-02-18T12:00:00Z,15.4,0.0,100,0.0,0.0,0
2025-02-18T13:00:00Z,15.0,0.0,100,0.0,0.0,0
2025-02-18T14:00:00Z,15.1,0.0,100,0.0,0.0,0
2025-02-18T15:00:00Z,14.9,0.0,100,0.0,0.0,0
2025-02-18T16:00:00Z,14.9,0.0,100,0.0,0.0,0
2025-02-18T17:00:00Z,14.7,0.0,100,0.0,0.0,0
2025-02-18T18:00:00Z,14.9,0.0,100,0.0,0.0,0
2025-02-18T19:00:00Z,14.8,0.0,100,0.0,0.0,0
2025-02-18T20:00:00Z,14.9,0.0,100,0.0,0.0,1
2025-02-18T21:00:00Z,15.1,0.0,100,34.0,40.3,1
2025-02-18T22:00:00Z,15.9,0.0,100,156.0,143.4,1
2025-02-18T23:00:00Z,16.2,0.1,100,219.0,80.9,1
2025-02-19T00:00:00Z,16.5,0.1,100,305.0,126.4,1
2025-02-19T01:00:00Z,16.7,0.2,100,404.0,94.6,1
2025-02-19T02:00:00Z,17.0,0.3,100,460.0,96.2,1
2025-02-19T03:00:00Z,17.3,0.2,100,451.0,82.9,1
2025-02-19T04:00:00Z,18.6,0.0,100,693.0,413.0,1
2025-02-19T05:00:00Z,18.5,0.0,100,621.0,360.9,1
2025-02-19T06:00:00Z,18.2,0.0,100,471.0,297.7,1
2025-02-19T07:00:00Z,17.9,0.1,64,258.0,152.8,1
2025-02-19T08:00:00Z,17.6,0.1,71,168.0,156.7,1
2025-02-19T09:00:00Z,16.9,0.0,80,70.0,219.3,1
2025-02-19T10:00:00Z,16.0,0.0,39,1.0,0.0,0
2025-02-19T11:00:00Z,15.8,0.6,52,0.0,0.0,0
2025-02-19T12:00:00Z,15.9,0.6,50,0.0,0.0,0
2025-02-19T13:00:00Z,16.0,0.1,100,0.0,0.0,0
2025-02-19T14:00:00Z,15.6,0.0,100,0.0,0.0,0
2025-02-19T15:00:00Z,15.6,0.0,46,0.0,0.0,0
2025-02-19T16:00:00Z,15.4,0.0,100,0.0,0.0,0
2025-02-19T17:00:00Z,15.3,0.0,100,0.0,0.0,0
2025-02-19T18:00:00Z,15.2,0.0,100,0.0,0.0,0
2025-02-19T19:00:00Z,15.1,0.0,100,0.0,0.0,0
2025-02-19T20:00:00Z,15.0,0.0,100,0.0,0.0,1
2025-02-19T21:00:00Z,15.4,0.0,100,36.0,65.3,1
2025-02-19T22:00:00Z,16.0,0.0,100,123.0,62.6,1
2025-02-19T23:00:00Z,16.6,0.0,100,268.0,140.4,1
2025-02-20T00:00:00Z,17.2,0.0,100,358.0,140.7,1
2025-02-20T01:00:00Z,17.9,0.0,90,484.0,211.7,1
2025-02-20T02:00:00Z,18.8,0.0,88,614.0,228.0,1
2025-02-20T03:00:00Z,19.2,0.0,88,706.0,380.0,1
2025-02-20T04:00:00Z,19.6,0.0,41,823.0,652.1,1
2025-02-20T05:00:00Z,19.8,0.0,9,809.0,814.2,1
2025-02-20T06:00:00Z,19.6,0.0,6,684.0,847.0,1
2025-02-20T07:00:00Z,19.2,0.0,4,503.0,804.3,1
2025-02-20T08:00:00Z,18.5,0.0,2,291.0,676.9,1
2025-02-20T09:00:00Z,17.4,0.0,1,90.0,407.8,1
2025-02-20T10:00:00Z,16.6,0.0,1,1.0,0.0,0
2025-02-20T11:00:00Z,16.0,0.0,0,0.0,0.0,0
2025-02-20T12:00:00Z,15.5,0.0,0,0.0,0.0,0
2025-02-20T13:00:00Z,14.4,0.0,0,0.0,0.0,0
2025-02-20T14:00:00Z,13.8,0.0,0,0.0,0.0,0
2025-02-20T15:00:00Z,13.2,0.0,0,0.0,0.0,0
2025-02-20T16:00:00Z,12.8,0.0,2,0.0,0.0,0
2025-02-20T17:00:00Z,12.4,0.0,65,0.0,0.0,0
2025-02-20T18:00:00Z,11.8,0.0,92,0.0,0.0,0
2025-02-20T19:00:00Z,11.4,0.0,91,0.0,0.0,0
2025-02-20T20:00:00Z,10.1,0.0,91,0.0,0.0,1
2025-02-20T21:00:00Z,11.2,0.0,31,65.0,298.0,1
2025-02-20T22:00:00Z,13.3,0.0,0,261.0,652.3,1
2025-02-20T23:00:00Z,15.9,0.0,46,474.0,802.5,1
2025-02-21T00:00:00Z,18.6,0.0,99,662.0,858.9,1
2025-02-21T01:00:00Z,22.9,0.0,98,811.0,891.2,1
2025-02-21T02:00:00Z,26.5,0.0,89,912.0,928.9,1
2025-02-21T03:00:00Z,29.0,0.0,0,949.0,943.0,1
2025-02-21T04:00:00Z,30.4,0.0,0,923.0,953.2,1
2025-02-21T05:00:00Z,31.0,0.0,13,833.0,932.9,1
2025-02-21T06:00:00Z,31.2,0.0,65,688.0,894.7,1
2025-02-21T07:00:00Z,31.2,0.0,94,499.0,818.0,1
2025-02-21T08:00:00Z,30.7,0.0,98,280.0,629.6,1
2025-02-21T09:00:00Z,27.6,0.0,87,80.0,278.5,1
2025-02-21T10:00:00Z,26.2,0.0,100,1.0,0.0,0
2025-02-21T11:00:00Z,25.8,0.0,42,0.0,0.0,0
2025-02-21T12:00:00Z,24.6,0.0,28,0.0,0.0,0
2025-02-21T13:00:00Z,22.2,0.0,71,0.0,0.0,0
2025-02-21T14:00:00Z,21.1,0.0,100,0.0,0.0,0
2025-02-21T15:00:00Z,19.9,0.0,100,0.0,0.0,0
2025-02-21T16:00:00Z,19.4,0.0,7,0.0,0.0,0
2025-02-21T17:00:00Z,19.0,0.0,89,0.0,0.0,0
2025-02-21T18:00:00Z,19.5,0.0,55,0.0,0.0,0
2025-02-21T19:00:00Z,20.2,0.0,32,0.0,0.0,0
2025-02-21T20:00:00Z,21.4,0.0,67,0.0,0.0,1
2025-02-21T21:00:00Z,23.6,0.0,11,56.0,218.1,1
2025-02-21T22:00:00Z,25.9,0.0,11,248.0,615.5,1
2025-02-21T23:00:00Z,27.6,0.0,12,455.0,760.1,1
2025-02-22T00:00:00Z,29.4,0.0,27,645.0,842.7,1
2025-02-22T01:00:00Z,32.5,0.0,63,792.0,881.5,1
2025-02-22T02:00:00Z,33.8,0.0,38,891.0,918.0,1
2025-02-22T03:00:00Z,34.7,0.0,52,928.0,938.2,1
2025-02-22T04:00:00Z,35.1,0.0,78,811.0,763.7,1
2025-02-22T05:00:00Z,35.2,0.0,93,721.0,722.9,1
2025-02-22T06:00:00Z,36.2,0.0,100,625.0,767.1,1
2025-02-22T07:00:00Z,36.0,0.0,100,445.0,622.5,1
2025-02-22T08:00:00Z,34.4,0.0,97,175.0,178.1,1
2025-02-22T09:00:00Z,33.5,0.0,100,49.0,107.0,1
2025-02-22T10:00:00Z,32.5,0.0,96,0.0,0.0,0
2025-02-22T11:00:00Z,30.8,0.0,100,0.0,0.0,0
2025-02-22T12:00:00Z,30.1,0.0,100,0.0,0.0,0
2025-02-22T13:00:00Z,30.1,0.0,100,0.0,0.0,0
2025-02-22T14:00:00Z,30.2,0.0,100,0.0,0.0,0
2025-02-22T15:00:00Z,29.8,0.0,100,0.0,0.0,0
2025-02-22T16:00:00Z,29.5,0.0,100,0.0,0.0,0
2025-02-22T17:00:00Z,27.8,0.1,100,0.0,0.0,0
2025-02-22T18:00:00Z,27.6,0.0,100,0.0,0.0,0
2025-02-22T19:00:00Z,25.8,0.0,100,0.0,0.0,0
2025-02-22T20:00:00Z,24.7,0.0,100,0.0,0.0,1
2025-02-22T21:00:00Z,23.8,0.2,100,14.0,0.0,1
2025-02-22T22:00:00Z,24.0,0.0,100,153.0,108.8,1
2025-02-22T23:00:00Z,24.4,0.1,29,125.0,8.3,1
2025-02-23T00:00:00Z,26.9,0.0,15,507.0,474.4,1
2025-02-23T01:00:00Z,30.4,0.0,24,650.0,603.3,1
2025-02-23T02:00:00Z,31.0,0.0,55,857.0,850.6,1
2025-02-23T03:00:00Z,27.6,2.4,100,668.0,504.2,1
2025-02-23T04:00:00Z,21.2,7.7,48,427.0,168.0,1
2025-02-23T05:00:00Z,22.6,0.0,63,594.0,481.9,1
2025-02-23T06:00:00Z,23.9,0.0,11,468.0,458.2,1
2025-02-23T07:00:00Z,22.9,0.0,0,476.0,762.7,1
2025-02-23T08:00:00Z,22.1,0.0,0,273.0,658.5,1
2025-02-23T09:00:00Z,20.1,0.0,0,78.0,380.6,1
2025-02-23T10:00:00Z,19.5,0.0,8,0.0,0.0,0
2025-02-23T11:00:00Z,19.4,0.0,0,0.0,0.0,0
2025-02-23T12:00:00Z,19.2,0.0,0,0.0,0.0,0
2025-02-23T13:00:00Z,18.3,0.0,0,0.0,0.0,0
2025-02-23T14:00:00Z,17.6,0.0,0,0.0,0.0,0
2025-02-23T15:00:00Z,17.1,0.0,0,0.0,0.0,0
2025-02-23T16:00:00Z,16.7,0.0,0,0.0,0.0,0
2025-02-23T17:00:00Z,16.2,0.0,0,0.0,0.0,0
2025-02-23T18:00:00Z,15.8,0.0,0,0.0,0.0,0
2025-02-23T19:00:00Z,15.3,0.0,4,0.0,0.0,0
2025-02-23T20:00:00Z,15.1,0.0,17,0.0,0.0,1
2025-02-23T21:00:00Z,15.9,0.0,27,54.0,258.7,1
2025-02-23T22:00:00Z,17.0,0.0,38,216.0,474.4,1
2025-02-23T23:00:00Z,18.5,0.0,21,423.0,650.9,1
2025-02-24T00:00:00Z,20.0,0.0,50,608.0,730.5,1
2025-02-24T01:00:00Z,20.0,0.0,78,607.0,522.2,1
2025-02-24T02:00:00Z,20.8,0.0,67,719.0,508.1,1
2025-02-24T03:00:00Z,20.9,0.0,36,787.0,588.0,1
2025-02-24T04:00:00Z,21.0,0.0,28,828.0,724.9,1
2025-02-24T05:00:00Z,20.6,0.0,5,677.0,588.0,1
2025-02-24T06:00:00Z,20.5,0.0,21,607.0,673.7,1
2025-02-24T07:00:00Z,19.9,0.0,1,439.0,636.3,1
2025-02-24T08:00:00Z,19.2,0.0,0,273.0,667.3,1
2025-02-24T09:00:00Z,18.5,0.0,0,75.0,363.3,1
2025-02-24T10:00:00Z,18.2,0.0,0,0.0,0.0,0
2025-02-24T11:00:00Z,17.7,0.0,14,0.0,0.0,0
2025-02-24T12:00:00Z,17.2,0.0,28,0.0,0.0,0
2025-02-24T13:00:00Z,16.8,0.0,28,0.0,0.0,0
2025-02-24T14:00:00Z,16.4,0.0,18,0.0,0.0,0
2025-02-24T15:00:00Z,16.2,0.0,51,0.0,0.0,0
2025-02-24T16:00:00Z,16.0,0.0,30,0.0,0.0,0
2025-02-24T17:00:00Z,15.3,0.0,4,0.0,0.0,0
2025-02-24T18:00:00Z,14.6,0.0,0,0.0,0.0,0
2025-02-24T19:00:00Z,14.1,0.0,0,0.0,0.0,0
2025-02-24T20:00:00Z,13.9,0.0,0,0.0,0.0,0
2025-02-24T21:00:00Z,14.9,0.0,0,58.0,306.1,1
2025-02-24T22:00:00Z,16.0,0.0,0,252.0,664.0,1
2025-02-24T23:00:00Z,17.6,0.0,0,470.0,827.2,1
2025-02-25T00:00:00Z,19.1,0.0,0,663.0,896.6,1
2025-02-25T01:00:00Z,21.0,0.0,0,817.0,940.0,1
2025-02-25T02:00:00Z,22.7,0.0,40,916.0,964.3,1
2025-02-25T03:00:00Z,24.1,0.0,16,952.0,969.8,1
2025-02-25T04:00:00Z,24.9,0.0,8,921.0,964.0,1
2025-02-25T05:00:00Z,24.6,0.0,0,828.0,941.5,1
2025-02-25T06:00:00Z,24.1,0.0,0,679.0,900.8,1
2025-02-25T07:00:00Z,23.0,0.0,0,486.0,819.5,1
2025-02-25T08:00:00Z,22.0,0.0,32,270.0,673.4,1
2025-02-25T09:00:00Z,21.0,0.0,97,72.0,361.6,1
2025-02-25T10:00:00Z,20.4,0.0,42,0.0,0.0,0
2025-02-25T11:00:00Z,19.9,0.0,0,0.0,0.0,0
2025-02-25T12:00:00Z,19.2,0.0,0,0.0,0.0,0
2025-02-25T13:00:00Z,17.5,0.0,0,0.0,0.0,0
2025-02-25T14:00:00Z,16.8,0.0,48,0.0,0.0,0
2025-02-25T15:00:00Z,16.2,0.0,100,0.0,0.0,0
2025-02-25T16:00:00Z,16.0,0.0,13,0.0,0.0,0
2025-02-25T17:00:00Z,16.0,0.0,6,0.0,0.0,0
2025-02-25T18:00:00Z,15.9,0.0,88,0.0,0.0,0
2025-02-25T19:00:00Z,16.6,0.0,60,0.0,0.0,0
2025-02-25T20:00:00Z,18.6,0.0,1,0.0,0.0,0
2025-02-25T21:00:00Z,20.9,0.0,6,53.0,283.8,1
2025-02-25T22:00:00Z,23.6,0.0,24,241.0,646.9,1
2025-02-25T23:00:00Z,25.8,0.0,10,452.0,790.4,1
2025-02-26T00:00:00Z,28.1,0.0,19,644.0,872.6,1
2025-02-26T01:00:00Z,31.5,0.0,32,800.0,921.4,1
2025-02-26T02:00:00Z,33.5,0.0,65,900.0,954.7,1
2025-02-26T03:00:00Z,34.8,0.0,100,920.0,906.7,1
2025-02-26T04:00:00Z,35.5,0.0,99,869.0,816.7,1
2025-02-26T05:00:00Z,32.6,0.0,100,756.0,710.0,1
2025-02-26T06:00:00Z,26.5,0.0,100,612.0,690.8,1
2025-02-26T07:00:00Z,22.9,0.0,100,308.0,281.6,1
2025-02-26T08:00:00Z,22.5,0.0,100,132.0,75.9,1
2025-02-26T09:00:00Z,21.6,0.0,69,49.0,73.6,1
2025-02-26T10:00:00Z,20.9,0.0,0,0.0,0.0,0
2025-02-26T11:00:00Z,20.1,0.0,0,0.0,0.0,0
2025-02-26T12:00:00Z,19.2,0.0,0,0.0,0.0,0
2025-02-26T13:00:00Z,18.5,0.0,28,0.0,0.0,0
2025-02-26T14:00:00Z,18.1,0.0,32,0.0,0.0,0
2025-02-26T15:00:00Z,17.9,0.0,84,0.0,0.0,0
2025-02-26T16:00:00Z,17.9,0.0,87,0.0,0.0,0
2025-02-26T17:00:00Z,17.9,0.1,98,0.0,0.0,0
2025-02-26T18:00:00Z,17.7,0.1,84,0.0,0.0,0
2025-02-26T19:00:00Z,17.3,0.0,35,0.0,0.0,0
2025-02-26T20:00:00Z,16.9,0.0,55,0.0,0.0,0
2025-02-26T21:00:00Z,17.1,0.0,76,35.0,90.0,1
2025-02-26T22:00:00Z,18.0,0.0,44,160.0,209.8,1
2025-02-26T23:00:00Z,19.6,0.0,67,356.0,406.3,1
2025-02-27T00:00:00Z,21.1,0.0,99,518.0,483.4,1
2025-02-27T01:00:00Z,22.8,0.0,0,789.0,865.8,1
2025-02-27T02:00:00Z,23.9,0.0,9,896.0,934.4,1
2025-02-27T03:00:00Z,25.0,0.0,6,934.0,952.7,1
2025-02-27T04:00:00Z,26.0,0.0,40,908.0,955.1,1
2025-02-27T05:00:00Z,26.4,0.0,41,812.0,924.3,1
2025-02-27T06:00:00Z,25.2,0.0,97,660.0,876.0,1
2025-02-27T07:00:00Z,24.2,0.0,16,442.0,664.6,1
2025-02-27T08:00:00Z,23.2,0.0,26,254.0,629.5,1
2025-02-27T09:00:00Z,22.2,0.0,86,61.0,275.0,1
2025-02-27T10:00:00Z,21.7,0.0,97,0.0,0.0,0
2025-02-27T11:00:00Z,21.0,0.0,100,0.0,0.0,0
2025-02-27T12:00:00Z,20.4,0.0,100,0.0,0.0,0
2025-02-27T13:00:00Z,19.1,0.0,100,0.0,0.0,0
2025-02-27T14:00:00Z,19.3,0.0,100,0.0,0.0,0
2025-02-27T15:00:00Z,19.5,0.0,100,0.0,0.0,0
2025-02-27T16:00:00Z,19.0,0.0,100,0.0,0.0,0
2025-02-27T17:00:00Z,19.0,0.0,100,0.0,0.0,0
2025-02-27T18:00:00Z,18.6,0.0,100,0.0,0.0,0
2025-02-27T19:00:00Z,18.4,0.0,91,0.0,0.0,0
2025-02-27T20:00:00Z,17.9,0.0,0,0.0,0.0,0
2025-02-27T21:00:00Z,18.8,0.0,2,48.0,246.6,1
2025-02-27T22:00:00Z,20.2,0.0,0,229.0,608.0,1
2025-02-27T23:00:00Z,21.6,0.0,12,439.0,766.6,1
2025-02-28T00:00:00Z,23.1,0.0,43,616.0,804.8,1
2025-02-28T01:00:00Z,24.8,0.0,100,681.0,603.3,1
2025-02-28T02:00:00Z,24.5,0.0,85,437.0,89.7,1
2025-02-28T03:00:00Z,26.1,0.0,89,706.0,501.9,1
2025-02-28T04:00:00Z,26.7,0.0,81,762.0,641.4,1
2025-02-28T05:00:00Z,27.6,0.0,57,763.0,818.9,1
2025-02-28T06:00:00Z,23.0,0.0,80,570.0,674.3,1
2025-02-28T07:00:00Z,23.4,0.0,96,446.0,739.0,1
2025-02-28T08:00:00Z,20.7,0.0,64,240.0,577.8,1
2025-02-28T09:00:00Z,20.2,0.0,56,59.0,297.2,1
2025-02-28T10:00:00Z,20.4,0.0,67,0.0,0.0,0
2025-02-28T11:00:00Z,19.8,0.0,92,0.0,0.0,0
2025-02-28T12:00:00Z,18.9,0.0,96,0.0,0.0,0
2025-02-28T13:00:00Z,18.1,0.0,98,0.0,0.0,0
2025-02-28T14:00:00Z,17.8,0.0,76,0.0,0.0,0
2025-02-28T15:00:00Z,17.4,0.0,10,0.0,0.0,0
2025-02-28T16:00:00Z,16.8,0.0,4,0.0,0.0,0
2025-02-28T17:00:00Z,16.2,0.0,2,0.0,0.0,0
2025-02-28T18:00:00Z,15.9,0.0,0,0.0,0.0,0
2025-02-28T19:00:00Z,15.4,0.0,0,0.0,0.0,0
2025-02-28T20:00:00Z,15.0,0.0,0,0.0,0.0,0
2025-02-28T21:00:00Z,15.4,0.0,2,48.0,250.3,1
2025-02-28T22:00:00Z,16.9,0.0,3,233.0,629.7,1
2025-02-28T23:00:00Z,18.8,0.0,67,445.0,784.7,1
2025-03-01T00:00:00Z,19.9,0.0,68,515.0,550.3,1
2025-03-01T01:00:00Z,22.3,0.0,6,735.0,761.3,1
2025-03-01T02:00:00Z,22.8,0.0,1,875.0,919.9,1
2025-03-01T03:00:00Z,22.9,0.0,1,911.0,940.3,1
2025-03-01T04:00:00Z,22.9,0.0,0,878.0,930.9,1
2025-03-01T05:00:00Z,23.2,0.0,0,787.0,909.7,1
2025-03-01T06:00:00Z,23.3,0.0,0,642.0,866.6,1
2025-03-01T07:00:00Z,22.0,0.0,17,454.0,787.5,1
2025-03-01T08:00:00Z,21.1,0.0,9,244.0,624.8,1
2025-03-01T09:00:00Z,20.4,0.0,5,56.0,277.1,1
2025-03-01T10:00:00Z,19.9,0.0,0,0.0,0.0,0
2025-03-01T11:00:00Z,19.2,0.0,1,0.0,0.0,0
2025-03-01T12:00:00Z,18.7,0.0,36,0.0,0.0,0
2025-03-01T13:00:00Z,18.1,0.0,86,0.0,0.0,0
2025-03-01T14:00:00Z,17.7,0.0,92,0.0,0.0,0
2025-03-01T15:00:00Z,17.6,0.0,100,0.0,0.0,0
2025-03-01T16:00:00Z,17.5,0.0,99,0.0,0.0,0
2025-03-01T17:00:00Z,17.2,0.0,98,0.0,0.0,0
2025-03-01T18:00:00Z,16.9,0.0,100,0.0,0.0,0
2025-03-01T19:00:00Z,16.6,0.0,100,0.0,0.0,0
2025-03-01T20:00:00Z,16.6,0.0,99,0.0,0.0,0
2025-03-01T21:00:00Z,17.0,0.1,100,26.0,37.6,1
2025-03-01T22:00:00Z,17.5,0.1,100,121.0,99.4,1
2025-03-01T23:00:00Z,18.3,0.1,100,229.0,104.2,1
2025-03-02T00:00:00Z,18.5,0.1,100,368.0,171.5,1
2025-03-02T01:00:00Z,19.5,0.0,100,357.0,80.0,1
2025-03-02T02:00:00Z,20.3,0.0,100,613.0,350.8,1
2025-03-02T03:00:00Z,20.9,0.0,100,745.0,531.5,1
2025-03-02T04:00:00Z,21.0,0.0,86,744.0,625.3,1
2025-03-02T05:00:00Z,20.6,0.0,87,651.0,562.8,1
2025-03-02T06:00:00Z,20.0,0.0,90,452.0,452.6,1
2025-03-02T07:00:00Z,19.4,0.0,87,317.0,323.4,1
2025-03-02T08:00:00Z,18.8,0.0,75,154.0,228.0,1
2025-03-02T09:00:00Z,17.9,0.0,15,50.0,212.1,0
2025-03-02T10:00:00Z,17.1,0.0,18,0.0,0.0,0
2025-03-02T11:00:00Z,16.4,0.0,16,0.0,0.0,0
2025-03-02T12:00:00Z,15.9,0.0,7,0.0,0.0,0
2025-03-02T13:00:00Z,15.0,0.0,5,0.0,0.0,0
2025-03-02T14:00:00Z,14.6,0.0,16,0.0,0.0,0
2025-03-02T15:00:00Z,14.1,0.0,12,0.0,0.0,0
2025-03-02T16:00:00Z,13.6,0.0,36,0.0,0.0,0
2025-03-02T17:00:00Z,13.4,0.0,94,0.0,0.0,0
2025-03-02T18:00:00Z,13.4,0.0,96,0.0,0.0,0
2025-03-02T19:00:00Z,13.0,0.0,79,0.0,0.0,0
2025-03-02T20:00:00Z,12.4,0.0,70,0.0,0.0,0
2025-03-02T21:00:00Z,13.2,0.0,28,44.0,239.0,1
2025-03-02T22:00:00Z,14.9,0.0,22,230.0,633.7,1
2025-03-02T23:00:00Z,16.9,0.0,1,447.0,808.6,1
2025-03-03T00:00:00Z,18.0,0.0,23,607.0,795.9,1
2025-03-03T01:00:00Z,18.9,0.0,26,780.0,909.7,1
2025-03-03T02:00:00Z,19.9,0.0,24,844.0,819.4,1
2025-03-03T03:00:00Z,20.5,0.0,18,876.0,837.9,1
2025-03-03T04:00:00Z,20.2,0.0,4,869.0,906.4,1
2025-03-03T05:00:00Z,19.9,0.0,1,779.0,892.4,1
2025-03-03T06:00:00Z,19.6,0.0,4,638.0,869.9,1
2025-03-03T07:00:00Z,19.0,0.0,0,449.0,789.3,1
2025-03-03T08:00:00Z,18.2,0.0,1,238.0,634.5,1
2025-03-03T09:00:00Z,17.3,0.0,0,51.0,270.7,0
2025-03-03T10:00:00Z,16.8,0.0,0,0.0,0.0,0
2025-03-03T11:00:00Z,16.4,0.0,0,0.0,0.0,0
2025-03-03T12:00:00Z,15.9,0.0,0,0.0,0.0,0
2025-03-03T13:00:00Z,15.5,0.0,0,0.0,0.0,0
2025-03-03T14:00:00Z,15.1,0.0,0,0.0,0.0,0
2025-03-03T15:00:00Z,14.7,0.0,0,0.0,0.0,0
2025-03-03T16:00:00Z,14.2,0.0,12,0.0,0.0,0
2025-03-03T17:00:00Z,13.9,0.0,0,0.0,0.0,0
2025-03-03T18:00:00Z,13.7,0.0,0,0.0,0.0,0
2025-03-03T19:00:00Z,12.8,0.0,0,0.0,0.0,0
2025-03-03T20:00:00Z,11.9,0.0,0,0.0,0.0,0
2025-03-03T21:00:00Z,12.6,0.0,0,42.0,233.0,1
2025-03-03T22:00:00Z,14.8,0.0,0,224.0,626.3,1
2025-03-03T23:00:00Z,17.4,0.0,0,432.0,781.2,1
2025-03-04T00:00:00Z,20.3,0.0,0,620.0,861.5,1
2025-03-04T01:00:00Z,23.5,0.0,0,771.0,909.6,1
2025-03-04T02:00:00Z,27.4,0.0,0,867.0,934.5,1
2025-03-04T03:00:00Z,29.9,0.0,0,901.0,943.5,1
2025-03-04T04:00:00Z,31.0,0.0,0,870.0,935.9,1
2025-03-04T05:00:00Z,31.5,0.0,0,776.0,913.1,1
2025-03-04T06:00:00Z,31.8,0.0,0,630.0,870.9,1
2025-03-04T07:00:00Z,31.8,0.0,0,441.0,788.2,1
2025-03-04T08:00:00Z,31.0,0.0,0,233.0,634.3,1
2025-03-04T09:00:00Z,28.4,0.0,0,49.0,267.3,0
2025-03-04T10:00:00Z,27.8,0.0,0,0.0,0.0,0
2025-03-04T11:00:00Z,26.3,0.0,0,0.0,0.0,0
2025-03-04T12:00:00Z,24.3,0.0,0,0.0,0.0,0
2025-03-04T13:00:00Z,22.9,0.0,0,0.0,0.0,0
2025-03-04T14:00:00Z,21.3,0.0,0,0.0,0.0,0
2025-03-04T15:00:00Z,20.4,0.0,0,0.0,0.0,0
2025-03-04T16:00:00Z,19.8,0.0,0,0.0,0.0,0
2025-03-04T17:00:00Z,19.7,0.0,0,0.0,0.0,0
2025-03-04T18:00:00Z,20.7,0.0,0,0.0,0.0,0
2025-03-04T19:00:00Z,22.0,0.0,0,0.0,0.0,0
2025-03-04T20:00:00Z,21.8,0.0,0,0.0,0.0,0
2025-03-04T21:00:00Z,21.8,0.0,0,39.0,226.9,1
2025-03-04T22:00:00Z,23.2,0.0,0,217.0,615.0,1
2025-03-04T23:00:00Z,25.5,0.0,0,426.0,780.1,1
2025-03-05T00:00:00Z,27.8,0.0,0,615.0,861.1,1
2025-03-05T01:00:00Z,30.8,0.0,0,761.0,904.1,1
2025-03-05T02:00:00Z,32.7,0.0,0,856.0,927.4,1
2025-03-05T03:00:00Z,34.3,0.0,0,890.0,936.8,1
2025-03-05T04:00:00Z,34.7,0.0,0,860.0,930.4,1
2025-03-05T05:00:00Z,24.8,0.0,0,763.0,900.5,1
2025-03-05T06:00:00Z,24.8,0.0,0,619.0,860.7,1
2025-03-05T07:00:00Z,22.6,0.0,0,430.0,767.5,1
2025-03-05T08:00:00Z,21.6,0.0,0,223.0,608.3,1
2025-03-05T09:00:00Z,20.9,0.0,0,44.0,235.6,0
2025-03-05T10:00:00Z,20.2,0.0,6,0.0,0.0,0
2025-03-05T11:00:00Z,19.9,0.0,37,0.0,0.0,0
2025-03-05T12:00:00Z,19.6,0.0,74,0.0,0.0,0
2025-03-05T13:00:00Z,19.3,0.0,80,0.0,0.0,0
2025-03-05T14:00:00Z,19.1,0.1,80,0.0,0.0,0
2025-03-05T15:00:00Z,19.0,0.1,89,0.0,0.0,0
2025-03-05T16:00:00Z,18.6,0.1,56,0.0,0.0,0
2025-03-05T17:00:00Z,18.5,0.1,100,0.0,0.0,0
2025-03-05T18:00:00Z,18.4,0.1,100,0.0,0.0,0
2025-03-05T19:00:00Z,18.2,0.1,100,0.0,0.0,0
2025-03-05T20:00:00Z,18.2,0.1,100,0.0,0.0,0
2025-03-05T21:00:00Z,18.6,0.0,100,19.0,10.0,1
2025-03-05T22:00:00Z,19.4,0.1,100,129.0,116.0,1
2025-03-05T23:00:00Z,20.4,0.1,100,279.0,194.2,1
2025-03-06T00:00:00Z,21.0,0.1,100,446.0,274.9,1
2025-03-06T01:00:00Z,19.5,0.5,100,188.0,12.2,1
2025-03-06T02:00:00Z,20.0,0.3,100,256.0,2.5,1
2025-03-06T03:00:00Z,20.3,0.4,100,314.0,17.8,1
2025-03-06T04:00:00Z,21.0,0.1,100,339.0,29.3,1
2025-03-06T05:00:00Z,22.1,0.0,100,488.0,315.7,1
2025-03-06T06:00:00Z,22.5,0.0,100,452.0,332.1,1
2025-03-06T07:00:00Z,22.0,0.0,100,323.0,305.2,1
2025-03-06T08:00:00Z,21.9,0.0,100,163.0,187.6,1
2025-03-06T09:00:00Z,21.1,0.0,100,31.0,48.2,0
2025-03-06T10:00:00Z,21.2,0.0,100,0.0,0.0,0
2025-03-06T11:00:00Z,21.5,0.0,100,0.0,0.0,0
2025-03-06T12:00:00Z,20.5,0.0,60,0.0,0.0,0
2025-03-06T13:00:00Z,20.3,0.0,3,0.0,0.0,0
2025-03-06T14:00:00Z,19.7,0.0,0,0.0,0.0,0
2025-03-06T15:00:00Z,19.1,0.0,0,0.0,0.0,0
2025-03-06T16:00:00Z,18.6,0.0,0,0.0,0.0,0
2025-03-06T17:00:00Z,17.5,0.0,0,0.0,0.0,0
2025-03-06T18:00:00Z,17.2,0.0,0,0.0,0.0,0
2025-03-06T19:00:00Z,16.6,0.0,0,0.0,0.0,0
2025-03-06T20:00:00Z,15.9,0.0,0,0.0,0.0,0
2025-03-06T21:00:00Z,16.6,0.0,0,36.0,203.8,1
2025-03-06T22:00:00Z,18.5,0.0,0,212.0,614.9,1
2025-03-06T23:00:00Z,20.8,0.0,0,414.0,750.8,1
2025-03-07T00:00:00Z,23.2,0.0,0,605.0,852.0,1
2025-03-07T01:00:00Z,25.0,0.0,0,755.0,899.9,1
2025-03-07T02:00:00Z,26.1,0.0,0,851.0,926.5,1
2025-03-07T03:00:00Z,27.2,0.0,0,887.0,938.8,1
2025-03-07T04:00:00Z,28.2,0.0,0,857.0,934.2,1
2025-03-07T05:00:00Z,28.9,0.0,0,765.0,913.1,1
2025-03-07T06:00:00Z,28.8,0.0,0,619.0,871.1,1
2025-03-07T07:00:00Z,27.3,0.0,0,430.0,789.4,1
2025-03-07T08:00:00Z,26.3,0.0,0,220.0,626.2,1
2025-03-07T09:00:00Z,25.9,0.0,0,40.0,226.9,0
2025-03-07T10:00:00Z,24.8,0.0,0,0.0,0.0,0
2025-03-07T11:00:00Z,23.0,0.0,0,0.0,0.0,0
2025-03-07T12:00:00Z,21.6,0.0,0,0.0,0.0,0
2025-03-07T13:00:00Z,20.1,0.0,0,0.0,0.0,0
2025-03-07T14:00:00Z,19.1,0.0,0,0.0,0.0,0
2025-03-07T15:00:00Z,18.3,0.0,0,0.0,0.0,0
2025-03-07T16:00:00Z,17.9,0.0,0,0.0,0.0,0
2025-03-07T17:00:00Z,17.3,0.0,0,0.0,0.0,0
2025-03-07T18:00:00Z,17.1,0.0,0,0.0,0.0,0
2025-03-07T19:00:00Z,16.7,0.0,0,0.0,0.0,0
2025-03-07T20:00:00Z,17.1,0.0,0,0.0,0.0,0
2025-03-07T21:00:00Z,19.0,0.0,0,34.0,196.9,1
2025-03-07T22:00:00Z,21.9,0.0,0,209.0,610.9,1
2025-03-07T23:00:00Z,24.6,0.0,0,419.0,778.8,1
2025-03-08T00:00:00Z,26.9,0.0,0,610.0,866.5,1
2025-03-08T01:00:00Z,29.1,0.0,0,764.0,920.4,1
2025-03-08T02:00:00Z,31.0,0.0,0,861.0,946.5,1
2025-03-08T03:00:00Z,32.5,0.0,0,896.0,956.0,1
2025-03-08T04:00:00Z,32.6,0.0,0,867.0,954.6,1
2025-03-08T05:00:00Z,32.5,0.0,0,776.0,935.9,1
2025-03-08T06:00:00Z,31.8,0.0,0,628.0,893.7,1
2025-03-08T07:00:00Z,30.8,0.0,0,434.0,808.6,1
2025-03-08T08:00:00Z,28.7,0.0,0,219.0,637.7,1
2025-03-08T09:00:00Z,26.5,0.0,0,38.0,222.2,0
2025-03-08T10:00:00Z,26.8,0.0,0,0.0,0.0,0
2025-03-08T11:00:00Z,26.5,0.0,0,0.0,0.0,0
2025-03-08T12:00:00Z,25.6,0.0,0,0.0,0.0,0
2025-03-08T13:00:00Z,23.2,0.0,0,0.0,0.0,0
2025-03-08T14:00:00Z,21.7,0.0,0,0.0,0.0,0
2025-03-08T15:00:00Z,20.4,0.0,0,0.0,0.0,0
2025-03-08T16:00:00Z,20.2,0.0,100,0.0,0.0,0
2025-03-08T17:00:00Z,20.2,0.0,100,0.0,0.0,0
2025-03-08T18:00:00Z,20.8,0.0,100,0.0,0.0,0
2025-03-08T19:00:00Z,21.7,0.0,100,0.0,0.0,0
2025-03-08T20:00:00Z,21.8,0.0,100,0.0,0.0,0
2025-03-08T21:00:00Z,22.0,0.0,96,28.0,73.8,1
2025-03-08T22:00:00Z,23.4,0.0,91,178.0,361.6,1
2025-03-08T23:00:00Z,25.5,0.0,95,375.0,554.2,1
2025-03-09T00:00:00Z,27.9,0.0,100,581.0,768.1,1
2025-03-09T01:00:00Z,30.4,0.0,99,735.0,862.7,1
2025-03-09T02:00:00Z,32.0,0.0,100,760.0,634.1,1
2025-03-09T03:00:00Z,33.0,0.0,98,734.0,518.5,1
2025-03-09T04:00:00Z,34.0,0.0,98,799.0,783.2,1
2025-03-09T05:00:00Z,34.2,0.0,99,651.0,657.2,1
2025-03-09T06:00:00Z,34.0,0.0,100,481.0,443.4,1
2025-03-09T07:00:00Z,33.8,0.0,100,314.0,409.6,1
2025-03-09T08:00:00Z,28.5,0.0,100,143.0,190.2,1
2025-03-09T09:00:00Z,24.5,0.0,100,7.0,0.0,0
2025-03-09T10:00:00Z,24.8,0.0,100,0.0,0.0,0
2025-03-09T11:00:00Z,24.2,0.0,100,0.0,0.0,0
2025-03-09T12:00:00Z,24.0,0.8,100,0.0,0.0,0
2025-03-09T13:00:00Z,25.0,0.0,100,0.0,0.0,0
2025-03-09T14:00:00Z,25.0,0.0,100,0.0,0.0,0
2025-03-09T15:00:00Z,25.1,0.0,82,0.0,0.0,0
2025-03-09T16:00:00Z,24.5,0.0,96,0.0,0.0,0
2025-03-09T17:00:00Z,23.7,0.0,51,0.0,0.0,0
2025-03-09T18:00:00Z,23.4,0.0,21,0.0,0.0,0
2025-03-09T19:00:00Z,23.0,0.0,13,0.0,0.0,0
2025-03-09T20:00:00Z,22.4,0.0,7,0.0,0.0,0
2025-03-09T21:00:00Z,22.6,0.0,5,29.0,160.8,1
2025-03-09T22:00:00Z,24.0,0.0,7,189.0,541.4,1
2025-03-09T23:00:00Z,26.0,0.0,0,391.0,721.4,1
2025-03-10T00:00:00Z,28.0,0.0,0,575.0,817.4,1
2025-03-10T01:00:00Z,30.2,0.0,7,700.0,816.9,1
2025-03-10T02:00:00Z,31.5,0.0,6,794.0,848.8,1
2025-03-10T03:00:00Z,32.4,0.0,15,840.0,885.0,1
2025-03-10T04:00:00Z,31.8,0.0,24,775.0,823.2,1
2025-03-10T05:00:00Z,31.0,0.0,8,673.0,754.8,1
2025-03-10T06:00:00Z,30.6,0.0,5,565.0,781.8,1
2025-03-10T07:00:00Z,29.0,0.0,10,393.0,722.8,1
2025-03-10T08:00:00Z,27.8,0.0,12,192.0,545.3,1
2025-03-10T09:00:00Z,27.2,0.0,13,30.0,170.0,0
2025-03-10T10:00:00Z,26.9,0.0,21,0.0,0.0,0
2025-03-10T11:00:00Z,26.4,0.0,96,0.0,0.0,0
2025-03-10T12:00:00Z,25.6,0.0,45,0.0,0.0,0
2025-03-10T13:00:00Z,23.2,0.0,13,0.0,0.0,0
2025-03-10T14:00:00Z,22.5,0.0,100,0.0,0.0,0
2025-03-10T15:00:00Z,22.2,0.0,100,0.0,0.0,0
2025-03-10T16:00:00Z,22.0,0.0,9,0.0,0.0,0
2025-03-10T17:00:00Z,21.2,0.0,8,0.0,0.0,0
2025-03-10T18:00:00Z,20.7,0.0,24,0.0,0.0,0
2025-03-10T19:00:00Z,20.5,0.0,29,0.0,0.0,0
2025-03-10T20:00:00Z,19.9,0.0,100,0.0,0.0,0
2025-03-10T21:00:00Z,20.5,0.0,10,27.0,98.2,1
2025-03-10T22:00:00Z,22.1,0.0,0,189.0,540.4,1
2025-03-10T23:00:00Z,24.0,0.0,0,395.0,745.3,1
2025-03-11T00:00:00Z,26.0,0.0,0,581.0,833.7,1
2025-03-11T01:00:00Z,29.0,0.0,6,725.0,880.5,1
2025-03-11T02:00:00Z,30.9,0.0,5,819.0,906.5,1
2025-03-11T03:00:00Z,31.9,0.0,3,846.0,907.2,1
2025-03-11T04:00:00Z,32.2,0.0,25,778.0,824.9,1
2025-03-11T05:00:00Z,31.5,0.0,100,634.0,685.8,1
2025-03-11T06:00:00Z,31.4,0.0,100,471.0,448.4,1
2025-03-11T07:00:00Z,30.5,0.0,100,286.0,249.7,1
2025-03-11T08:00:00Z,29.0,0.0,100,132.0,127.8,1
2025-03-11T09:00:00Z,27.4,0.0,100,25.0,76.4,0
2025-03-11T10:00:00Z,26.0,0.0,99,0.0,0.0,0
2025-03-11T11:00:00Z,25.2,0.0,98,0.0,0.0,0
2025-03-11T12:00:00Z,24.2,0.0,32,0.0,0.0,0
2025-03-11T13:00:00Z,22.8,0.0,54,0.0,0.0,0
2025-03-11T14:00:00Z,21.7,0.0,66,0.0,0.0,0
2025-03-11T15:00:00Z,21.1,0.0,48,0.0,0.0,0
2025-03-11T16:00:00Z,20.8,0.0,11,0.0,0.0,0
2025-03-11T17:00:00Z,20.5,0.0,30,0.0,0.0,0
2025-03-11T18:00:00Z,21.0,0.0,0,0.0,0.0,0
2025-03-11T19:00:00Z,22.2,0.0,6,0.0,0.0,0
2025-03-11T20:00:00Z,23.5,0.0,0,0.0,0.0,0
2025-03-11T21:00:00Z,24.0,0.0,8,26.0,155.5,1
2025-03-11T22:00:00Z,25.0,0.0,4,185.0,551.9,1
2025-03-11T23:00:00Z,26.8,0.0,0,386.0,727.6,1
2025-03-12T00:00:00Z,28.6,0.0,0,570.0,821.4,1
2025-03-12T01:00:00Z,31.0,0.0,25,698.0,816.4,1
2025-03-12T02:00:00Z,32.5,0.0,22,776.0,793.7,1
2025-03-12T03:00:00Z,33.8,0.0,23,800.0,780.1,1
2025-03-12T04:00:00Z,34.6,0.0,90,746.0,752.4,1
2025-03-12T05:00:00Z,24.0,10.5,71,422.0,264.0,1
2025-03-12T06:00:00Z,26.1,0.2,55,377.0,485.8,1
2025-03-12T07:00:00Z,24.8,0.0,95,309.0,456.0,1
2025-03-12T08:00:00Z,22.8,0.9,67,96.0,105.2,1
2025-03-12T09:00:00Z,22.0,0.1,82,17.0,78.6,0
2025-03-12T10:00:00Z,21.0,0.0,24,0.0,0.0,0
2025-03-12T11:00:00Z,20.3,0.0,7,0.0,0.0,0
2025-03-12T12:00:00Z,20.0,0.0,6,0.0,0.0,0
2025-03-12T13:00:00Z,19.0,0.5,96,0.0,0.0,0
2025-03-12T14:00:00Z,18.8,2.7,80,0.0,0.0,0
2025-03-12T15:00:00Z,18.5,11.5,96,0.0,0.0,0
2025-03-12T16:00:00Z,18.3,1.3,100,0.0,0.0,0
2025-03-12T17:00:00Z,18.5,0.3,85,0.0,0.0,0
2025-03-12T18:00:00Z,18.4,0.0,100,0.0,0.0,0
2025-03-12T19:00:00Z,18.4,0.0,100,0.0,0.0,0
2025-03-12T20:00:00Z,18.5,0.0,100,0.0,0.0,0
2025-03-12T21:00:00Z,18.5,0.0,100,10.0,0.0,1
2025-03-12T22:00:00Z,18.6,0.1,100,67.0,0.0,1
2025-03-12T23:00:00Z,19.1,0.2,100,154.0,28.2,1
2025-03-13T00:00:00Z,19.5,0.2,100,252.0,54.4,1
2025-03-13T01:00:00Z,20.5,0.1,100,354.0,68.7,1
2025-03-13T02:00:00Z,21.2,0.0,100,464.0,106.1,1
2025-03-13T03:00:00Z,22.0,0.0,33,693.0,452.4,1
2025-03-13T04:00:00Z,22.3,0.0,1,815.0,896.8,1
2025-03-13T05:00:00Z,22.9,0.0,0,722.0,881.1,1
2025-03-13T06:00:00Z,22.8,0.0,0,578.0,841.1,1
2025-03-13T07:00:00Z,22.0,0.0,0,393.0,757.0,1
2025-03-13T08:00:00Z,20.9,0.0,0,188.0,584.7,1
2025-03-13T09:00:00Z,20.3,0.0,0,25.0,150.2,0
2025-03-13T10:00:00Z,20.0,0.0,0,0.0,0.0,0
2025-03-13T11:00:00Z,19.4,0.0,0,0.0,0.0,0
2025-03-13T12:00:00Z,18.5,0.0,0,0.0,0.0,0
2025-03-13T13:00:00Z,17.6,0.0,0,0.0,0.0,0
2025-03-13T14:00:00Z,17.0,0.0,0,0.0,0.0,0
2025-03-13T15:00:00Z,16.3,0.0,100,0.0,0.0,0
2025-03-13T16:00:00Z,16.0,0.0,100,0.0,0.0,0
2025-03-13T17:00:00Z,15.2,0.0,100,0.0,0.0,0
2025-03-13T18:00:00Z,14.6,0.0,100,0.0,0.0,0
2025-03-13T19:00:00Z,14.3,0.0,100,0.0,0.0,0
2025-03-13T20:00:00Z,13.9,0.0,100,0.0,0.0,0
2025-03-13T21:00:00Z,14.1,0.0,100,20.0,23.0,1
2025-03-13T22:00:00Z,15.1,0.0,100,132.0,103.1,1
2025-03-13T23:00:00Z,17.1,0.0,74,296.0,241.5,1
2025-03-14T00:00:00Z,19.7,0.0,1,548.0,682.1,1
2025-03-14T01:00:00Z,22.6,0.0,2,738.0,904.8,1
2025-03-14T02:00:00Z,24.5,0.0,30,835.0,943.3,1
2025-03-14T03:00:00Z,25.5,0.0,58,867.0,951.0,1
2025-03-14T04:00:00Z,25.1,0.0,99,819.0,900.3,1
2025-03-14T05:00:00Z,24.5,0.0,100,700.0,787.7,1
2025-03-14T06:00:00Z,24.0,0.0,100,526.0,617.5,1
2025-03-14T07:00:00Z,23.0,0.0,100,349.0,531.3,1
2025-03-14T08:00:00Z,22.2,0.0,100,155.0,312.1,1
2025-03-14T09:00:00Z,21.5,0.0,59,21.0,107.2,0
2025-03-14T10:00:00Z,21.0,0.0,38,0.0,0.0,0
2025-03-14T11:00:00Z,20.5,0.0,56,0.0,0.0,0
2025-03-14T12:00:00Z,20.2,0.0,99,0.0,0.0,0
2025-03-14T13:00:00Z,20.4,0.0,25,0.0,0.0,0
2025-03-14T14:00:00Z,19.3,0.0,70,0.0,0.0,0
2025-03-14T15:00:00Z,18.9,0.0,47,0.0,0.0,0
2025-03-14T16:00:00Z,18.6,0.0,50,0.0,0.0,0
2025-03-14T17:00:00Z,18.1,0.0,98,0.0,0.0,0
2025-03-14T18:00:00Z,17.9,0.0,95,0.0,0.0,0
2025-03-14T19:00:00Z,17.5,0.0,3,0.0,0.0,0
2025-03-14T20:00:00Z,17.1,0.0,81,0.0,0.0,0
2025-03-14T21:00:00Z,17.7,0.0,78,22.0,105.6,1
2025-03-14T22:00:00Z,19.6,0.0,76,154.0,348.6,1
2025-03-14T23:00:00Z,23.4,0.0,98,317.0,467.8,1
2025-03-15T00:00:00Z,28.4,0.0,51,514.0,663.7,1
2025-03-15T01:00:00Z,31.1,0.0,100,559.0,422.1,1
2025-03-15T02:00:00Z,33.0,0.0,100,544.0,255.1,1
2025-03-15T03:00:00Z,35.3,0.0,92,677.0,468.0,1
2025-03-15T04:00:00Z,36.2,0.0,78,600.0,406.6,1
2025-03-15T05:00:00Z,37.2,0.0,97,615.0,582.2,1
2025-03-15T06:00:00Z,36.9,0.0,73,394.0,279.2,1
2025-03-15T07:00:00Z,37.1,0.0,100,342.0,537.8,1
2025-03-15T08:00:00Z,36.2,0.0,85,88.0,0.0,1
2025-03-15T09:00:00Z,35.0,0.0,40,14.0,24.6,0
2025-03-15T10:00:00Z,33.3,0.0,98,0.0,0.0,0
2025-03-15T11:00:00Z,33.0,0.0,100,0.0,0.0,0
2025-03-15T12:00:00Z,32.5,0.0,100,0.0,0.0,0
2025-03-15T13:00:00Z,25.0,0.0,100,0.0,0.0,0
2025-03-15T14:00:00Z,24.5,0.0,100,0.0,0.0,0
2025-03-15T15:00:00Z,24.3,0.0,100,0.0,0.0,0
2025-03-15T16:00:00Z,24.4,0.0,100,0.0,0.0,0
2025-03-15T17:00:00Z,24.0,0.0,100,0.0,0.0,0
2025-03-15T18:00:00Z,23.2,0.0,100,0.0,0.0,0
2025-03-15T19:00:00Z,23.0,0.0,100,0.0,0.0,0
2025-03-15T20:00:00Z,22.2,0.2,100,0.0,0.0,0
2025-03-15T21:00:00Z,20.9,2.0,100,4.0,0.0,1
2025-03-15T22:00:00Z,20.5,1.2,100,27.0,0.0,1
2025-03-15T23:00:00Z,20.5,1.5,100,43.0,2.4,1
2025-03-16T00:00:00Z,20.5,2.6,100,64.0,0.0,1
2025-03-16T01:00:00Z,19.8,2.1,100,71.0,0.0,1
2025-03-16T02:00:00Z,18.9,0.5,100,159.0,0.0,1
2025-03-16T03:00:00Z,17.1,2.9,100,133.0,8.7,1
2025-03-16T04:00:00Z,16.3,1.4,100,139.0,12.9,1
2025-03-16T05:00:00Z,15.9,0.1,100,148.0,5.7,1
2025-03-16T06:00:00Z,16.2,0.0,34,199.0,26.2,1
2025-03-16T07:00:00Z,14.9,0.1,31,298.0,490.5,1
2025-03-16T08:00:00Z,14.2,0.1,17,145.0,400.6,1
2025-03-16T09:00:00Z,13.2,0.2,12,17.0,101.6,0
2025-03-16T10:00:00Z,13.0,0.0,24,0.0,0.0,0
2025-03-16T11:00:00Z,12.5,0.0,20,0.0,0.0,0
2025-03-16T12:00:00Z,12.1,0.0,21,0.0,0.0,0
2025-03-16T13:00:00Z,11.8,0.0,22,0.0,0.0,0
2025-03-16T14:00:00Z,11.6,0.0,15,0.0,0.0,0
2025-03-16T15:00:00Z,11.7,0.1,43,0.0,0.0,0
2025-03-16T16:00:00Z,12.1,0.0,47,0.0,0.0,0
2025-03-16T17:00:00Z,12.7,0.0,100,0.0,0.0,0
2025-03-16T18:00:00Z,12.9,0.1,100,0.0,0.0,0
2025-03-16T19:00:00Z,13.3,0.0,82,0.0,0.0,0
2025-03-16T20:00:00Z,13.4,0.0,85,0.0,0.0,0
2025-03-16T21:00:00Z,13.8,0.0,99,13.0,36.6,1
2025-03-16T22:00:00Z,14.4,0.0,100,108.0,165.9,1
2025-03-16T23:00:00Z,15.4,0.0,100,224.0,164.9,1
2025-03-17T00:00:00Z,15.8,0.0,100,332.0,172.3,1
2025-03-17T01:00:00Z,16.0,0.0,100,288.0,65.8,1
2025-03-17T02:00:00Z,16.5,0.0,96,428.0,136.6,1
2025-03-17T03:00:00Z,17.0,0.0,97,526.0,214.6,1
2025-03-17T04:00:00Z,16.8,0.0,91,446.0,156.5,1
2025-03-17T05:00:00Z,16.9,0.1,87,421.0,212.0,1
2025-03-17T06:00:00Z,16.6,0.0,93,344.0,192.3,1
2025-03-17T07:00:00Z,16.2,0.0,45,190.0,89.4,1
2025-03-17T08:00:00Z,15.9,0.0,52,118.0,264.2,1
2025-03-17T09:00:00Z,15.2,0.0,100,13.0,52.5,0
2025-03-17T10:00:00Z,15.1,0.0,100,0.0,0.0,0
2025-03-17T11:00:00Z,14.9,0.0,100,0.0,0.0,0
2025-03-17T12:00:00Z,14.8,0.0,99,0.0,0.0,0
2025-03-17T13:00:00Z,14.4,0.0,97,0.0,0.0,0
2025-03-17T14:00:00Z,14.1,0.0,95,0.0,0.0,0
2025-03-17T15:00:00Z,13.4,0.0,72,0.0,0.0,0
2025-03-17T16:00:00Z,12.9,0.0,76,0.0,0.0,0
2025-03-17T17:00:00Z,12.4,0.0,13,0.0,0.0,0
2025-03-17T18:00:00Z,11.8,0.0,1,0.0,0.0,0
2025-03-17T19:00:00Z,11.1,0.0,5,0.0,0.0,0
2025-03-17T20:00:00Z,10.5,0.0,0,0.0,0.0,0
2025-03-17T21:00:00Z,10.7,0.0,0,20.0,124.4,1
2025-03-17T22:00:00Z,12.6,0.0,0,179.0,587.0,1
2025-03-17T23:00:00Z,14.6,0.0,0,388.0,779.8,1
2025-03-18T00:00:00Z,16.2,0.0,0,577.0,870.0,1
2025-03-18T01:00:00Z,17.9,0.0,0,723.0,910.6,1
2025-03-18T02:00:00Z,19.2,0.0,0,817.0,937.5,1
2025-03-18T03:00:00Z,20.4,0.0,0,846.0,943.0,1
2025-03-18T04:00:00Z,21.5,0.0,0,810.0,932.5,1
2025-03-18T05:00:00Z,22.3,0.0,0,712.0,906.2,1
2025-03-18T06:00:00Z,22.0,0.0,0,561.0,854.2,1
2025-03-18T07:00:00Z,21.2,0.0,7,370.0,757.1,1
2025-03-18T08:00:00Z,20.0,0.0,12,164.0,566.0,1
2025-03-18T09:00:00Z,18.8,0.0,7,15.0,95.3,0
2025-03-18T10:00:00Z,17.8,0.0,100,0.0,0.0,0
2025-03-18T11:00:00Z,16.6,0.0,97,0.0,0.0,0
2025-03-18T12:00:00Z,16.0,0.0,13,0.0,0.0,0
2025-03-18T13:00:00Z,14.9,0.0,85,0.0,0.0,0
2025-03-18T14:00:00Z,13.8,0.0,97,0.0,0.0,0
2025-03-18T15:00:00Z,13.8,0.0,72,0.0,0.0,0
2025-03-18T16:00:00Z,13.1,0.0,32,0.0,0.0,0
2025-03-18T17:00:00Z,12.6,0.0,10,0.0,0.0,0
2025-03-18T18:00:00Z,12.2,0.0,34,0.0,0.0,0
2025-03-18T19:00:00Z,11.9,0.0,86,0.0,0.0,0
2025-03-18T20:00:00Z,11.6,0.0,82,0.0,0.0,0
2025-03-18T21:00:00Z,11.6,0.0,95,17.0,76.2,1
2025-03-18T22:00:00Z,13.5,0.0,100,161.0,434.1,1
2025-03-18T23:00:00Z,16.5,0.0,79,328.0,478.1,1
2025-03-19T00:00:00Z,20.4,0.0,38,515.0,639.4,1
2025-03-19T01:00:00Z,24.4,0.0,70,701.0,859.1,1
2025-03-19T02:00:00Z,27.2,0.0,86,784.0,853.8,1
2025-03-19T03:00:00Z,28.8,0.0,90,773.0,733.7,1
2025-03-19T04:00:00Z,29.5,0.0,54,725.0,697.2,1
2025-03-19T05:00:00Z,29.7,0.0,44,648.0,720.9,1
2025-03-19T06:00:00Z,29.6,0.0,27,526.0,748.7,1
2025-03-19T07:00:00Z,29.1,0.0,2,352.0,716.0,1
2025-03-19T08:00:00Z,27.5,0.0,0,154.0,536.1,1
2025-03-19T09:00:00Z,25.1,0.0,0,13.0,84.7,0
2025-03-19T10:00:00Z,23.8,0.0,0,0.0,0.0,0
2025-03-19T11:00:00Z,22.4,0.0,0,0.0,0.0,0
2025-03-19T12:00:00Z,21.8,0.0,0,0.0,0.0,0
2025-03-19T13:00:00Z,20.3,0.0,6,0.0,0.0,0
2025-03-19T14:00:00Z,19.4,0.0,12,0.0,0.0,0
2025-03-19T15:00:00Z,19.5,0.0,19,0.0,0.0,0
2025-03-19T16:00:00Z,20.4,0.0,7,0.0,0.0,0
2025-03-19T17:00:00Z,20.8,0.0,1,0.0,0.0,0
2025-03-19T18:00:00Z,21.4,0.0,0,0.0,0.0,0
2025-03-19T19:00:00Z,21.8,0.0,0,0.0,0.0,0
2025-03-19T20:00:00Z,21.9,0.0,50,0.0,0.0,0
2025-03-19T21:00:00Z,22.2,0.0,71,15.0,51.8,1
2025-03-19T22:00:00Z,23.4,0.0,98,135.0,318.8,1
2025-03-19T23:00:00Z,24.0,0.0,100,191.0,106.9,1
2025-03-20T00:00:00Z,24.4,0.0,97,245.0,88.6,1
2025-03-20T01:00:00Z,23.9,0.7,100,184.0,23.3,1
2025-03-20T02:00:00Z,24.2,1.9,99,436.0,282.6,1
2025-03-20T03:00:00Z,25.1,0.3,100,557.0,419.5,1
2025-03-20T04:00:00Z,23.8,0.6,100,237.0,47.4,1
2025-03-20T05:00:00Z,23.1,0.5,100,85.0,4.4,1
2025-03-20T06:00:00Z,22.8,0.4,100,95.0,5.4,1
2025-03-20T07:00:00Z,21.7,4.1,100,75.0,12.9,1
2025-03-20T08:00:00Z,21.8,0.3,100,44.0,15.3,1
2025-03-20T09:00:00Z,19.7,4.9,100,5.0,0.0,0
2025-03-20T10:00:00Z,20.1,0.5,100,0.0,0.0,0
2025-03-20T11:00:00Z,19.3,1.1,100,0.0,0.0,0
2025-03-20T12:00:00Z,18.9,0.2,100,0.0,0.0,0
2025-03-20T13:00:00Z,18.5,0.0,100,0.0,0.0,0
2025-03-20T14:00:00Z,18.1,0.1,100,0.0,0.0,0
2025-03-20T15:00:00Z,18.1,0.5,100,0.0,0.0,0
2025-03-20T16:00:00Z,17.9,0.4,100,0.0,0.0,0
2025-03-20T17:00:00Z,17.5,0.4,100,0.0,0.0,0
2025-03-20T18:00:00Z,17.2,0.3,100,0.0,0.0,0
2025-03-20T19:00:00Z,16.8,0.2,100,0.0,0.0,0
2025-03-20T20:00:00Z,16.6,0.2,100,0.0,0.0,0
2025-03-20T21:00:00Z,16.6,0.4,100,4.0,0.0,1
2025-03-20T22:00:00Z,16.7,0.5,100,41.0,9.5,1
2025-03-20T23:00:00Z,16.7,0.4,100,77.0,0.0,1
2025-03-21T00:00:00Z,16.6,0.6,100,90.0,1.8,1
2025-03-21T01:00:00Z,16.6,0.5,100,193.0,35.1,1
2025-03-21T02:00:00Z,16.9,0.6,100,248.0,39.5,1
2025-03-21T03:00:00Z,17.1,0.2,100,300.0,61.2,1
2025-03-21T04:00:00Z,17.0,0.0,100,216.0,7.9,1
2025-03-21T05:00:00Z,17.0,0.0,100,168.0,13.3,1
2025-03-21T06:00:00Z,17.0,0.0,100,177.0,27.4,1
2025-03-21T07:00:00Z,17.0,0.0,90,139.0,41.9,1
2025-03-21T08:00:00Z,16.8,0.0,48,99.0,246.2,1
2025-03-21T09:00:00Z,15.9,0.0,72,9.0,45.8,0
2025-03-21T10:00:00Z,15.7,0.0,63,0.0,0.0,0
2025-03-21T11:00:00Z,15.8,0.0,99,0.0,0.0,0
2025-03-21T12:00:00Z,15.4,0.0,79,0.0,0.0,0
2025-03-21T13:00:00Z,14.4,0.0,100,0.0,0.0,0
2025-03-21T14:00:00Z,14.3,0.0,100,0.0,0.0,0
2025-03-21T15:00:00Z,13.8,0.0,90,0.0,0.0,0
2025-03-21T16:00:00Z,12.6,0.0,53,0.0,0.0,0
2025-03-21T17:00:00Z,12.0,0.0,1,0.0,0.0,0
2025-03-21T18:00:00Z,11.6,0.0,3,0.0,0.0,0
2025-03-21T19:00:00Z,11.3,0.0,1,0.0,0.0,0
2025-03-21T20:00:00Z,11.3,0.0,6,0.0,0.0,0
2025-03-21T21:00:00Z,11.9,0.0,32,14.0,81.2,1
2025-03-21T22:00:00Z,13.6,0.0,46,136.0,357.9,1
2025-03-21T23:00:00Z,15.1,0.0,34,296.0,457.4,1
2025-03-22T00:00:00Z,16.4,0.0,4,499.0,669.4,1
2025-03-22T01:00:00Z,17.8,0.0,18,691.0,877.7,1
2025-03-22T02:00:00Z,18.2,0.0,12,774.0,888.5,1
2025-03-22T03:00:00Z,18.5,0.0,0,786.0,838.0,1
2025-03-22T04:00:00Z,18.8,0.0,0,756.0,841.8,1
2025-03-22T05:00:00Z,18.8,0.0,0,677.0,873.9,1
2025-03-22T06:00:00Z,18.5,0.0,0,536.0,848.8,1
2025-03-22T07:00:00Z,18.2,0.0,0,348.0,750.8,1
2025-03-22T08:00:00Z,17.6,0.0,0,142.0,527.9,1
2025-03-22T09:00:00Z,16.7,0.0,0,9.0,63.6,0
2025-03-22T10:00:00Z,16.5,0.0,0,0.0,0.0,0
2025-03-22T11:00:00Z,15.9,0.0,0,0.0,0.0,0
2025-03-22T12:00:00Z,15.1,0.0,0,0.0,0.0,0
2025-03-22T13:00:00Z,13.6,0.0,0,0.0,0.0,0
2025-03-22T14:00:00Z,13.2,0.0,0,0.0,0.0,0
2025-03-22T15:00:00Z,13.1,0.0,0,0.0,0.0,0
2025-03-22T16:00:00Z,12.9,0.0,0,0.0,0.0,0
2025-03-22T17:00:00Z,12.9,0.0,0,0.0,0.0,0
2025-03-22T18:00:00Z,12.8,0.0,0,0.0,0.0,0
2025-03-22T19:00:00Z,12.5,0.0,0,0.0,0.0,0
2025-03-22T20:00:00Z,12.3,0.0,0,0.0,0.0,0
2025-03-22T21:00:00Z,12.6,0.0,9,14.0,83.0,1
2025-03-22T22:00:00Z,14.2,0.0,9,149.0,466.7,1
2025-03-22T23:00:00Z,15.9,0.0,24,339.0,627.0,1
2025-03-23T00:00:00Z,17.4,0.0,1,522.0,740.6,1
2025-03-23T01:00:00Z,18.8,0.0,34,672.0,813.1,1
2025-03-23T02:00:00Z,19.4,0.0,15,778.0,903.9,1
2025-03-23T03:00:00Z,20.0,0.0,15,809.0,922.6,1
2025-03-23T04:00:00Z,20.4,0.0,0,772.0,911.3,1
2025-03-23T05:00:00Z,20.5,0.0,99,675.0,884.7,1
2025-03-23T06:00:00Z,20.4,0.0,100,514.0,776.7,1
2025-03-23T07:00:00Z,19.5,0.0,27,245.0,236.7,1
2025-03-23T08:00:00Z,18.7,0.0,91,130.0,449.1,1
2025-03-23T09:00:00Z,18.1,0.0,100,7.0,16.6,0
2025-03-23T10:00:00Z,17.9,0.0,100,0.0,0.0,0
2025-03-23T11:00:00Z,17.2,0.0,100,0.0,0.0,0
2025-03-23T12:00:00Z,16.7,0.0,84,0.0,0.0,0
2025-03-23T13:00:00Z,16.4,0.0,23,0.0,0.0,0
2025-03-23T14:00:00Z,16.2,0.0,29,0.0,0.0,0
2025-03-23T15:00:00Z,16.0,0.0,31,0.0,0.0,0
2025-03-23T16:00:00Z,15.7,0.0,13,0.0,0.0,0
2025-03-23T17:00:00Z,15.5,0.0,30,0.0,0.0,0
2025-03-23T18:00:00Z,15.2,0.0,41,0.0,0.0,0
2025-03-23T19:00:00Z,14.7,0.0,54,0.0,0.0,0
2025-03-23T20:00:00Z,14.2,0.0,45,0.0,0.0,0
2025-03-23T21:00:00Z,14.6,0.0,54,10.0,42.4,1
2025-03-23T22:00:00Z,15.7,0.0,67,122.0,274.6,1
2025-03-23T23:00:00Z,16.9,0.2,100,248.0,308.5,1
2025-03-24T00:00:00Z,18.1,0.5,100,327.0,216.3,1
2025-03-24T01:00:00Z,18.5,0.1,100,365.0,166.5,1
2025-03-24T02:00:00Z,18.8,0.0,100,445.0,189.8,1
2025-03-24T03:00:00Z,19.2,0.0,100,626.0,519.6,1
2025-03-24T04:00:00Z,19.1,0.0,72,616.0,478.7,1
2025-03-24T05:00:00Z,19.0,0.0,42,546.0,459.3,1
2025-03-24T06:00:00Z,19.0,0.0,14,485.0,661.9,1
2025-03-24T07:00:00Z,18.5,0.0,13,317.0,619.3,1
2025-03-24T08:00:00Z,17.7,0.0,5,128.0,468.2,1
2025-03-24T09:00:00Z,16.8,0.0,2,7.0,34.7,0
2025-03-24T10:00:00Z,16.2,0.0,0,0.0,0.0,0
2025-03-24T11:00:00Z,15.6,0.0,0,0.0,0.0,0
2025-03-24T12:00:00Z,15.0,0.0,0,0.0,0.0,0
2025-03-24T13:00:00Z,14.6,0.0,0,0.0,0.0,0
2025-03-24T14:00:00Z,13.9,0.0,0,0.0,0.0,0
2025-03-24T15:00:00Z,13.6,0.0,0,0.0,0.0,0
2025-03-24T16:00:00Z,13.2,0.0,0,0.0,0.0,0
2025-03-24T17:00:00Z,12.8,0.0,0,0.0,0.0,0
2025-03-24T18:00:00Z,12.2,0.0,0,0.0,0.0,0
2025-03-24T19:00:00Z,11.9,0.0,0,0.0,0.0,0
2025-03-24T20:00:00Z,11.9,0.0,0,0.0,0.0,0
2025-03-24T21:00:00Z,12.4,0.0,0,12.0,72.4,1
2025-03-24T22:00:00Z,14.1,0.0,0,147.0,477.1,1
2025-03-24T23:00:00Z,15.4,0.0,0,352.0,710.7,1
2025-03-25T00:00:00Z,17.0,0.0,3,528.0,770.4,1
2025-03-25T01:00:00Z,18.8,0.0,2,663.0,806.0,1
2025-03-25T02:00:00Z,19.9,0.0,2,764.0,889.7,1
2025-03-25T03:00:00Z,20.7,0.0,1,793.0,905.7,1
2025-03-25T04:00:00Z,21.3,0.0,2,756.0,896.9,1
2025-03-25T05:00:00Z,21.6,0.0,0,657.0,864.3,1
2025-03-25T06:00:00Z,21.4,0.0,0,509.0,810.6,1
2025-03-25T07:00:00Z,20.5,0.0,0,322.0,705.6,1
2025-03-25T08:00:00Z,19.6,0.0,0,126.0,494.4,1
2025-03-25T09:00:00Z,18.5,0.0,3,6.0,36.4,0
2025-03-25T10:00:00Z,17.7,0.0,9,0.0,0.0,0
2025-03-25T11:00:00Z,17.0,0.0,12,0.0,0.0,0
2025-03-25T12:00:00Z,16.0,0.0,22,0.0,0.0,0
2025-03-25T13:00:00Z,16.4,0.0,97,0.0,0.0,0
2025-03-25T14:00:00Z,16.1,0.0,85,0.0,0.0,0
2025-03-25T15:00:00Z,16.1,0.0,100,0.0,0.0,0
2025-03-25T16:00:00Z,16.1,0.0,98,0.0,0.0,0
2025-03-25T17:00:00Z,16.0,0.0,100,0.0,0.0,0
2025-03-25T18:00:00Z,15.8,0.0,100,0.0,0.0,0
2025-03-25T19:00:00Z,15.5,0.0,100,0.0,0.0,0
2025-03-25T20:00:00Z,15.4,0.0,100,0.0,0.0,0
2025-03-25T21:00:00Z,15.4,0.0,100,5.0,0.0,1
2025-03-25T22:00:00Z,15.9,0.0,100,66.0,25.8,1
2025-03-25T23:00:00Z,16.9,0.0,100,160.0,28.8,1
2025-03-26T00:00:00Z,18.1,0.0,100,307.0,116.1,1
2025-03-26T01:00:00Z,19.0,0.1,100,352.0,93.2,1
2025-03-26T02:00:00Z,19.7,0.0,100,501.0,233.8,1
2025-03-26T03:00:00Z,20.0,0.0,98,603.0,420.7,1
2025-03-26T04:00:00Z,20.1,0.0,50,601.0,462.9,1
2025-03-26T05:00:00Z,19.9,0.0,85,497.0,349.2,1
2025-03-26T06:00:00Z,19.7,0.0,21,453.0,576.9,1
2025-03-26T07:00:00Z,18.9,0.0,3,316.0,693.4,1
2025-03-26T08:00:00Z,18.2,0.0,23,121.0,485.7,1
2025-03-26T09:00:00Z,17.7,0.0,22,5.0,38.2,0
2025-03-26T10:00:00Z,17.4,0.0,44,0.0,0.0,0
2025-03-26T11:00:00Z,16.8,0.0,22,0.0,0.0,0
2025-03-26T12:00:00Z,16.3,0.0,24,0.0,0.0,0
2025-03-26T13:00:00Z,15.7,0.0,14,0.0,0.0,0
2025-03-26T14:00:00Z,15.4,0.0,12,0.0,0.0,0
2025-03-26T15:00:00Z,15.1,0.0,11,0.0,0.0,0
2025-03-26T16:00:00Z,14.2,0.0,0,0.0,0.0,0
2025-03-26T17:00:00Z,13.2,0.0,5,0.0,0.0,0
2025-03-26T18:00:00Z,12.9,0.0,13,0.0,0.0,0
2025-03-26T19:00:00Z,13.1,0.0,39,0.0,0.0,0
2025-03-26T20:00:00Z,13.2,0.0,57,0.0,0.0,0
2025-03-26T21:00:00Z,13.8,0.0,44,9.0,45.6,1
2025-03-26T22:00:00Z,15.4,0.0,1,134.0,404.1,1
2025-03-26T23:00:00Z,17.1,0.0,36,346.0,715.5,1
2025-03-27T00:00:00Z,18.3,0.0,29,518.0,778.9,1
2025-03-27T01:00:00Z,19.1,0.0,0,672.0,878.9,1
2025-03-27T02:00:00Z,19.9,0.0,1,761.0,907.8,1
2025-03-27T03:00:00Z,20.5,0.0,2,786.0,912.2,1
2025-03-27T04:00:00Z,20.9,0.0,0,745.0,893.3,1
2025-03-27T05:00:00Z,21.0,0.0,0,646.0,866.4,1
2025-03-27T06:00:00Z,20.7,0.0,0,496.0,807.0,1
2025-03-27T07:00:00Z,20.0,0.0,0,310.0,694.9,1
2025-03-27T08:00:00Z,19.2,0.0,0,115.0,476.3,1
2025-03-27T09:00:00Z,18.8,0.0,0,4.0,20.1,0
2025-03-27T10:00:00Z,18.6,0.0,0,0.0,0.0,0
2025-03-27T11:00:00Z,18.2,0.0,0,0.0,0.0,0
2025-03-27T12:00:00Z,17.4,0.0,0,0.0,0.0,0
2025-03-27T13:00:00Z,16.1,0.0,0,0.0,0.0,0
2025-03-27T14:00:00Z,15.6,0.0,0,0.0,0.0,0
2025-03-27T15:00:00Z,14.9,0.0,0,0.0,0.0,0
2025-03-27T16:00:00Z,14.6,0.0,0,0.0,0.0,0
2025-03-27T17:00:00Z,14.3,0.0,0,0.0,0.0,0
2025-03-27T18:00:00Z,14.3,0.0,1,0.0,0.0,0
2025-03-27T19:00:00Z,14.4,0.0,9,0.0,0.0,0
2025-03-27T20:00:00Z,13.9,0.0,78,0.0,0.0,0
2025-03-27T21:00:00Z,14.6,0.0,100,9.0,46.7,1
2025-03-27T22:00:00Z,19.0,0.0,100,120.0,288.3,1
2025-03-27T23:00:00Z,22.5,0.0,37,281.0,383.7,1
2025-03-28T00:00:00Z,25.0,0.0,10,510.0,791.6,1
2025-03-28T01:00:00Z,26.5,0.0,100,623.0,716.7,1
2025-03-28T02:00:00Z,27.9,0.0,100,687.0,680.6,1
2025-03-28T03:00:00Z,28.6,0.0,100,681.0,572.8,1
2025-03-28T04:00:00Z,28.9,0.0,100,553.0,337.5,1
2025-03-28T05:00:00Z,29.2,0.0,100,513.0,435.7,1
2025-03-28T06:00:00Z,29.0,0.0,100,339.0,277.5,1
2025-03-28T07:00:00Z,28.1,0.0,100,194.0,121.4,1
2025-03-28T08:00:00Z,26.5,0.0,100,68.0,45.3,1
2025-03-28T09:00:00Z,25.1,0.0,100,2.0,0.0,0
2025-03-28T10:00:00Z,23.9,0.0,100,0.0,0.0,0
2025-03-28T11:00:00Z,23.0,0.0,100,0.0,0.0,0
2025-03-28T12:00:00Z,22.3,0.0,100,0.0,0.0,0
2025-03-28T13:00:00Z,20.8,0.0,100,0.0,0.0,0
2025-03-28T14:00:00Z,20.8,0.0,100,0.0,0.0,0
2025-03-28T15:00:00Z,21.4,0.0,100,0.0,0.0,0
2025-03-28T16:00:00Z,21.0,0.0,100,0.0,0.0,0
2025-03-28T17:00:00Z,20.5,0.0,100,0.0,0.0,0
2025-03-28T18:00:00Z,20.0,0.2,100,0.0,0.0,0
2025-03-28T19:00:00Z,19.5,0.4,100,0.0,0.0,0
2025-03-28T20:00:00Z,19.1,0.6,100,0.0,0.0,0
2025-03-28T21:00:00Z,19.0,0.6,100,2.0,0.0,1
2025-03-28T22:00:00Z,18.9,0.6,100,31.0,0.0,1
2025-03-28T23:00:00Z,19.3,0.6,100,86.0,0.0,1
2025-03-29T00:00:00Z,19.1,0.4,100,138.0,9.4,1
2025-03-29T01:00:00Z,20.3,0.0,95,497.0,416.4,1
2025-03-29T02:00:00Z,20.3,0.0,95,496.0,329.9,1
2025-03-29T03:00:00Z,20.5,0.0,100,504.0,256.1,1
2025-03-29T04:00:00Z,19.6,0.1,100,351.0,207.4,1
2025-03-29T05:00:00Z,18.9,0.0,100,168.0,0.0,1
2025-03-29T06:00:00Z,18.5,0.0,100,163.0,29.6,1
2025-03-29T07:00:00Z,18.4,0.0,41,140.0,158.4,1
2025-03-29T08:00:00Z,18.4,0.0,67,73.0,247.8,1
2025-03-29T09:00:00Z,18.5,0.0,100,2.0,0.0,0
2025-03-29T10:00:00Z,18.0,0.1,89,0.0,0.0,0
2025-03-29T11:00:00Z,17.5,0.1,100,0.0,0.0,0
2025-03-29T12:00:00Z,17.5,0.4,74,0.0,0.0,0
2025-03-29T13:00:00Z,17.6,0.0,100,0.0,0.0,0
2025-03-29T14:00:00Z,17.6,0.0,100,0.0,0.0,0
2025-03-29T15:00:00Z,17.6,0.2,100,0.0,0.0,0
2025-03-29T16:00:00Z,17.4,0.2,100,0.0,0.0,0
2025-03-29T17:00:00Z,17.5,0.0,49,0.0,0.0,0
2025-03-29T18:00:00Z,16.9,0.0,25,0.0,0.0,0
2025-03-29T19:00:00Z,16.4,0.0,8,0.0,0.0,0
2025-03-29T20:00:00Z,15.9,0.0,20,0.0,0.0,0
2025-03-29T21:00:00Z,15.8,0.0,76,8.0,49.2,1
2025-03-29T22:00:00Z,16.8,0.0,85,128.0,442.6,1
2025-03-29T23:00:00Z,17.9,0.0,100,294.0,540.1,1
2025-03-30T00:00:00Z,19.3,0.0,72,424.0,461.9,1
2025-03-30T01:00:00Z,20.2,0.0,99,542.0,511.3,1
2025-03-30T02:00:00Z,20.6,0.0,93,472.0,210.1,1
2025-03-30T03:00:00Z,21.1,0.0,97,509.0,319.3,1
2025-03-30T04:00:00Z,21.0,0.0,88,518.0,420.4,1
2025-03-30T05:00:00Z,20.6,0.0,98,462.0,385.4,1
2025-03-30T06:00:00Z,20.0,0.0,95,303.0,275.1,1
2025-03-30T07:00:00Z,19.1,0.0,96,135.0,71.5,1
2025-03-30T08:00:00Z,18.5,0.0,100,46.0,76.3,1
2025-03-30T09:00:00Z,17.6,0.0,71,1.0,0.0,0
2025-03-30T10:00:00Z,16.6,0.0,30,0.0,0.0,0
2025-03-30T11:00:00Z,16.2,0.0,42,0.0,0.0,0
2025-03-30T12:00:00Z,16.0,0.0,31,0.0,0.0,0
2025-03-30T13:00:00Z,15.9,0.0,29,0.0,0.0,0
2025-03-30T14:00:00Z,15.6,0.0,26,0.0,0.0,0
2025-03-30T15:00:00Z,15.4,0.0,29,0.0,0.0,0
2025-03-30T16:00:00Z,15.2,0.0,29,0.0,0.0,0
2025-03-30T17:00:00Z,15.0,0.0,40,0.0,0.0,0
2025-03-30T18:00:00Z,14.9,0.0,42,0.0,0.0,0
2025-03-30T19:00:00Z,14.7,0.0,42,0.0,0.0,0
2025-03-30T20:00:00Z,14.5,0.0,17,0.0,0.0,0
2025-03-30T21:00:00Z,14.6,0.0,33,6.0,33.7,1
2025-03-30T22:00:00Z,15.6,0.0,60,106.0,276.0,1
2025-03-30T23:00:00Z,16.5,0.0,35,270.0,457.5,1
2025-03-31T00:00:00Z,17.8,0.0,65,469.0,657.7,1
2025-03-31T01:00:00Z,19.1,0.0,81,569.0,636.8,1
2025-03-31T02:00:00Z,20.0,0.0,66,599.0,504.8,1
2025-03-31T03:00:00Z,20.5,0.0,27,661.0,581.8,1
2025-03-31T04:00:00Z,20.9,0.0,14,669.0,764.6,1
2025-03-31T05:00:00Z,21.4,0.0,67,605.0,764.1,1
2025-03-31T06:00:00Z,20.0,0.0,77,401.0,513.5,1
2025-03-31T07:00:00Z,19.4,0.0,86,251.0,484.0,1
2025-03-31T08:00:00Z,18.5,0.0,20,79.0,277.5,1
2025-03-31T09:00:00Z,17.1,0.0,2,1.0,0.0,0
2025-03-31T10:00:00Z,16.1,0.0,2,0.0,0.0,0
2025-03-31T11:00:00Z,15.6,0.0,2,0.0,0.0,0
2025-03-31T12:00:00Z,14.9,0.0,10,0.0,0.0,0
2025-03-31T13:00:00Z,14.4,0.0,15,0.0,0.0,0
2025-03-31T14:00:00Z,14.1,0.0,5,0.0,0.0,0
2025-03-31T15:00:00Z,13.9,0.0,27,0.0,0.0,0
2025-03-31T16:00:00Z,13.9,0.0,11,0.0,0.0,0
2025-03-31T17:00:00Z,13.9,0.0,21,0.0,0.0,0
2025-03-31T18:00:00Z,13.7,0.0,35,0.0,0.0,0
2025-03-31T19:00:00Z,13.6,0.0,9,0.0,0.0,0
2025-03-31T20:00:00Z,13.6,0.0,5,0.0,0.0,0
2025-03-31T21:00:00Z,13.6,0.0,8,7.0,34.6,1
2025-03-31T22:00:00Z,14.6,0.0,4,128.0,482.1,1
2025-03-31T23:00:00Z,16.2,0.0,10,319.0,674.9,1
2025-04-01T00:00:00Z,18.5,0.0,47,474.0,696.9,1
2025-04-01T01:00:00Z,20.0,0.0,3,663.0,913.6,1
2025-04-01T02:00:00Z,21.6,0.0,3,729.0,870.1,1
2025-04-01T03:00:00Z,22.4,0.0,3,754.0,865.2,1
2025-04-01T04:00:00Z,22.6,0.0,6,731.0,916.0,1
2025-04-01T05:00:00Z,22.2,0.0,44,624.0,858.8,1
2025-04-01T06:00:00Z,21.9,0.0,79,438.0,638.9,1
2025-04-01T07:00:00Z,20.9,0.0,54,242.0,421.0,1
2025-04-01T08:00:00Z,19.6,0.0,2,89.0,348.1,1
2025-04-01T09:00:00Z,18.0,0.0,66,1.0,0.0,0
2025-04-01T10:00:00Z,17.1,0.0,65,0.0,0.0,0
2025-04-01T11:00:00Z,16.4,0.0,48,0.0,0.0,0
2025-04-01T12:00:00Z,15.4,0.0,27,0.0,0.0,0
2025-04-01T13:00:00Z,14.9,0.0,24,0.0,0.0,0
2025-04-01T14:00:00Z,14.2,0.0,0,0.0,0.0,0
2025-04-01T15:00:00Z,13.3,0.0,8,0.0,0.0,0
2025-04-01T16:00:00Z,12.6,0.0,19,0.0,0.0,0
2025-04-01T17:00:00Z,12.1,0.0,13,0.0,0.0,0
2025-04-01T18:00:00Z,11.6,0.0,0,0.0,0.0,0
2025-04-01T19:00:00Z,11.4,0.0,0,0.0,0.0,0
2025-04-01T20:00:00Z,11.2,0.0,6,0.0,0.0,0
2025-04-01T21:00:00Z,11.1,0.0,16,6.0,35.6,1
2025-04-01T22:00:00Z,12.6,0.0,15,129.0,503.0,1
2025-04-01T23:00:00Z,15.2,0.0,6,323.0,714.9,1
2025-04-02T00:00:00Z,18.0,0.0,8,504.0,821.8,1
2025-04-02T01:00:00Z,21.0,0.0,20,643.0,875.5,1
2025-04-02T02:00:00Z,23.0,0.0,2,732.0,906.3,1
2025-04-02T03:00:00Z,24.0,0.0,25,741.0,866.5,1
2025-04-02T04:00:00Z,24.1,0.0,10,606.0,623.5,1
2025-04-02T05:00:00Z,23.6,0.0,19,569.0,705.0,1
2025-04-02T06:00:00Z,22.5,0.0,25,460.0,789.6,1
2025-04-02T07:00:00Z,22.0,0.0,9,277.0,665.2,1
2025-04-02T08:00:00Z,21.0,0.0,2,90.0,429.0,1
2025-04-02T09:00:00Z,20.1,0.0,1,1.0,0.0,0
2025-04-02T10:00:00Z,19.5,0.0,99,0.0,0.0,0
2025-04-02T11:00:00Z,19.1,0.0,82,0.0,0.0,0
2025-04-02T12:00:00Z,18.4,0.0,73,0.0,0.0,0
2025-04-02T13:00:00Z,16.2,0.0,81,0.0,0.0,0
2025-04-02T14:00:00Z,14.9,0.0,14,0.0,0.0,0
2025-04-02T15:00:00Z,14.4,0.0,9,0.0,0.0,0
2025-04-02T16:00:00Z,13.8,0.0,3,0.0,0.0,0
2025-04-02T17:00:00Z,12.8,0.0,3,0.0,0.0,0
2025-04-02T18:00:00Z,12.6,0.0,0,0.0,0.0,0
2025-04-02T19:00:00Z,12.4,0.0,0,0.0,0.0,0
2025-04-02T20:00:00Z,12.4,0.0,8,0.0,0.0,0
2025-04-02T21:00:00Z,12.4,0.0,39,5.0,36.6,1
2025-04-02T22:00:00Z,13.6,0.0,40,99.0,244.4,1
2025-04-02T23:00:00Z,15.4,0.0,57,277.0,490.7,1
2025-04-03T00:00:00Z,17.6,0.0,72,444.0,596.0,1
2025-04-03T01:00:00Z,19.2,0.0,45,492.0,450.0,1
2025-04-03T02:00:00Z,19.8,0.1,62,617.0,608.9,1
2025-04-03T03:00:00Z,19.6,0.3,24,531.0,469.0,1
2025-04-03T04:00:00Z,19.9,0.3,63,664.0,802.1,1
2025-04-03T05:00:00Z,19.5,1.0,44,507.0,578.2,1
2025-04-03T06:00:00Z,19.0,0.9,50,347.0,440.6,1
2025-04-03T07:00:00Z,17.8,1.1,58,224.0,473.0,1
2025-04-03T08:00:00Z,17.1,0.1,79,60.0,218.8,1
2025-04-03T09:00:00Z,16.0,0.2,51,0.0,0.0,0
2025-04-03T10:00:00Z,15.5,0.2,92,0.0,0.0,0
2025-04-03T11:00:00Z,14.9,0.8,100,0.0,0.0,0
2025-04-03T12:00:00Z,14.8,0.8,99,0.0,0.0,0
2025-04-03T13:00:00Z,14.8,0.2,97,0.0,0.0,0
2025-04-03T14:00:00Z,14.1,0.3,85,0.0,0.0,0
2025-04-03T15:00:00Z,13.2,0.0,46,0.0,0.0,0
2025-04-03T16:00:00Z,12.5,0.0,15,0.0,0.0,0
2025-04-03T17:00:00Z,11.9,0.0,9,0.0,0.0,0
2025-04-03T18:00:00Z,11.4,0.0,0,0.0,0.0,0
2025-04-03T19:00:00Z,11.1,0.0,1,0.0,0.0,0
2025-04-03T20:00:00Z,10.7,0.0,2,0.0,0.0,0
2025-04-03T21:00:00Z,10.6,0.0,27,5.0,37.8,1
2025-04-03T22:00:00Z,11.9,0.0,47,110.0,370.9,1
2025-04-03T23:00:00Z,13.9,0.0,38,250.0,341.8,1
2025-04-04T00:00:00Z,15.2,0.1,92,400.0,443.4,1
2025-04-04T01:00:00Z,16.4,0.1,94,471.0,411.6,1
2025-04-04T02:00:00Z,16.8,0.1,97,499.0,353.3,1
2025-04-04T03:00:00Z,17.4,0.0,92,550.0,409.7,1
2025-04-04T04:00:00Z,17.4,0.0,100,427.0,204.5,1
2025-04-04T05:00:00Z,17.6,0.0,100,446.0,348.5,1
2025-04-04T06:00:00Z,17.5,0.0,100,346.0,313.0,1
2025-04-04T07:00:00Z,17.5,0.0,100,178.0,216.3,1
2025-04-04T08:00:00Z,17.0,0.0,100,52.0,84.7,1
2025-04-04T09:00:00Z,16.2,0.0,94,0.0,0.0,0
2025-04-04T10:00:00Z,15.3,0.0,100,0.0,0.0,0
2025-04-04T11:00:00Z,14.9,0.0,69,0.0,0.0,0
2025-04-04T12:00:00Z,14.4,0.0,100,0.0,0.0,0
2025-04-04T13:00:00Z,13.9,0.0,94,0.0,0.0,0
2025-04-04T14:00:00Z,13.9,0.0,74,0.0,0.0,0
2025-04-04T15:00:00Z,13.6,0.0,99,0.0,0.0,0
2025-04-04T16:00:00Z,13.7,0.1,92,0.0,0.0,0
2025-04-04T17:00:00Z,12.8,1.1,100,0.0,0.0,0
2025-04-04T18:00:00Z,12.9,0.1,17,0.0,0.0,0
2025-04-04T19:00:00Z,12.4,0.0,5,0.0,0.0,0
2025-04-04T20:00:00Z,11.5,0.0,23,0.0,0.0,0
2025-04-04T21:00:00Z,10.6,0.0,20,4.0,19.5,1
2025-04-04T22:00:00Z,11.2,0.0,16,103.0,372.2,1
2025-04-04T23:00:00Z,13.1,0.0,7,294.0,595.5,1
2025-04-05T00:00:00Z,14.6,0.0,9,489.0,802.6,1
2025-04-05T01:00:00Z,15.8,0.0,35,605.0,777.3,1
2025-04-05T02:00:00Z,16.5,0.0,15,716.0,883.1,1
2025-04-05T03:00:00Z,17.1,0.0,2,745.0,902.8,1
2025-04-05T04:00:00Z,17.8,0.0,1,712.0,912.8,1
2025-04-05T05:00:00Z,18.4,0.0,4,611.0,882.7,1
2025-04-05T06:00:00Z,18.5,0.0,0,458.0,815.7,1
2025-04-05T07:00:00Z,18.2,0.0,8,269.0,689.6,1
2025-04-05T08:00:00Z,16.9,0.0,0,78.0,393.1,1
2025-04-05T09:00:00Z,15.7,0.0,0,0.0,0.0,0
2025-04-05T10:00:00Z,14.3,0.0,0,0.0,0.0,0
2025-04-05T11:00:00Z,13.2,0.0,0,0.0,0.0,0
2025-04-05T12:00:00Z,12.8,0.0,0,0.0,0.0,0
2025-04-05T13:00:00Z,10.3,0.0,0,0.0,0.0,0
2025-04-05T14:00:00Z,9.6,0.0,0,0.0,0.0,0
2025-04-05T15:00:00Z,9.4,0.0,0,0.0,0.0,0
2025-04-05T16:00:00Z,9.2,0.0,0,0.0,0.0,0
2025-04-05T17:00:00Z,9.4,0.0,0,0.0,0.0,0
2025-04-05T18:00:00Z,9.8,0.0,28,0.0,0.0,0
2025-04-05T19:00:00Z,9.9,0.0,100,0.0,0.0,0
2025-04-05T20:00:00Z,9.9,0.0,94,0.0,0.0,0
2025-04-05T21:00:00Z,10.1,0.0,77,3.0,0.0,1
2025-04-05T22:00:00Z,11.4,0.0,80,86.0,133.0,1
2025-04-05T23:00:00Z,13.5,0.0,38,188.0,148.2,1
2025-04-06T00:00:00Z,15.9,0.0,77,427.0,551.7,1
2025-04-06T01:00:00Z,17.3,0.0,100,595.0,739.0,1
2025-04-06T02:00:00Z,18.4,0.1,20,377.0,157.3,1
2025-04-06T03:00:00Z,20.6,0.0,47,611.0,586.1,1
2025-04-06T04:00:00Z,20.4,0.0,81,413.0,239.8,1
2025-04-06T05:00:00Z,20.8,0.0,34,293.0,159.6,1
2025-04-06T06:00:00Z,21.4,0.0,100,279.0,345.8,1
2025-04-06T07:00:00Z,19.6,0.0,65,63.0,0.0,1
2025-04-06T08:00:00Z,18.2,0.0,37,40.0,128.5,1
2025-04-06T09:00:00Z,17.4,0.0,45,0.0,0.0,0
2025-04-06T10:00:00Z,16.6,0.0,34,0.0,0.0,0
2025-04-06T11:00:00Z,15.8,0.0,40,0.0,0.0,0
2025-04-06T12:00:00Z,14.8,0.0,19,0.0,0.0,0
2025-04-06T13:00:00Z,14.2,0.0,100,0.0,0.0,0
2025-04-06T14:00:00Z,14.1,0.0,24,0.0,0.0,0
2025-04-06T15:00:00Z,13.1,0.0,15,0.0,0.0,0
2025-04-06T16:00:00Z,12.7,0.0,80,0.0,0.0,0
2025-04-06T17:00:00Z,12.6,0.0,100,0.0,0.0,0
2025-04-06T18:00:00Z,13.0,0.0,74,0.0,0.0,0
2025-04-06T19:00:00Z,12.8,0.0,11,0.0,0.0,0
2025-04-06T20:00:00Z,12.4,0.0,6,0.0,0.0,0
2025-04-06T21:00:00Z,12.1,0.0,83,3.0,20.8,1
2025-04-06T22:00:00Z,13.1,0.0,45,96.0,297.4,1
2025-04-06T23:00:00Z,14.8,0.0,19,267.0,472.7,1
2025-04-07T00:00:00Z,16.2,0.0,22,456.0,684.3,1
2025-04-07T01:00:00Z,16.5,0.0,89,424.0,324.1,1
2025-04-07T02:00:00Z,16.4,0.0,92,374.0,185.8,1
2025-04-07T03:00:00Z,16.4,0.1,100,360.0,152.4,1
2025-04-07T04:00:00Z,16.5,0.0,94,310.0,109.6,1
2025-04-07T05:00:00Z,16.5,0.1,89,303.0,122.0,1
2025-04-07T06:00:00Z,16.4,0.1,100,238.0,117.3,1
2025-04-07T07:00:00Z,16.1,0.0,87,134.0,95.2,1
2025-04-07T08:00:00Z,15.7,0.0,93,36.0,41.0,1
2025-04-07T09:00:00Z,15.4,0.0,95,0.0,0.0,0
2025-04-07T10:00:00Z,15.1,0.0,100,0.0,0.0,0
2025-04-07T11:00:00Z,14.9,0.0,100,0.0,0.0,0
2025-04-07T12:00:00Z,14.5,0.0,61,0.0,0.0,0
2025-04-07T13:00:00Z,13.9,0.0,26,0.0,0.0,0
2025-04-07T14:00:00Z,13.4,0.0,40,0.0,0.0,0
2025-04-07T15:00:00Z,12.5,0.0,3,0.0,0.0,0
2025-04-07T16:00:00Z,11.8,0.0,1,0.0,0.0,0
2025-04-07T17:00:00Z,11.1,0.0,4,0.0,0.0,0
2025-04-07T18:00:00Z,10.8,0.0,6,0.0,0.0,0
2025-04-07T19:00:00Z,10.4,0.0,2,0.0,0.0,0
2025-04-07T20:00:00Z,9.9,0.0,2,0.0,0.0,0
2025-04-07T21:00:00Z,9.7,0.0,4,3.0,21.5,1
2025-04-07T22:00:00Z,11.3,0.0,17,104.0,409.4,1
2025-04-07T23:00:00Z,13.0,0.0,21,270.0,540.0,1
2025-04-08T00:00:00Z,14.8,0.0,30,434.0,653.2,1
2025-04-08T01:00:00Z,16.3,0.0,100,547.0,662.4,1
2025-04-08T02:00:00Z,17.0,0.0,99,520.0,432.5,1
2025-04-08T03:00:00Z,17.6,0.0,100,525.0,402.1,1
2025-04-08T04:00:00Z,17.8,0.0,79,500.0,434.3,1
2025-04-08T05:00:00Z,17.6,0.0,24,483.0,526.3,1
2025-04-08T06:00:00Z,17.4,0.0,3,407.0,689.7,1
2025-04-08T07:00:00Z,17.2,0.0,1,230.0,529.5,1
2025-04-08T08:00:00Z,16.0,0.0,0,66.0,352.3,1
2025-04-08T09:00:00Z,15.2,0.0,0,0.0,0.0,0
2025-04-08T10:00:00Z,14.7,0.0,0,0.0,0.0,0
2025-04-08T11:00:00Z,14.1,0.0,3,0.0,0.0,0
2025-04-08T12:00:00Z,13.6,0.0,6,0.0,0.0,0
2025-04-08T13:00:00Z,12.3,0.0,11,0.0,0.0,0
2025-04-08T14:00:00Z,12.1,0.0,10,0.0,0.0,0
2025-04-08T15:00:00Z,11.9,0.0,9,0.0,0.0,0
2025-04-08T16:00:00Z,11.2,0.0,1,0.0,0.0,0
2025-04-08T17:00:00Z,10.6,0.0,1,0.0,0.0,0
2025-04-08T18:00:00Z,9.4,0.0,0,0.0,0.0,0
2025-04-08T19:00:00Z,8.8,0.0,0,0.0,0.0,0
2025-04-08T20:00:00Z,8.4,0.0,0,0.0,0.0,0
2025-04-08T21:00:00Z,8.4,0.0,12,3.0,22.2,1
2025-04-08T22:00:00Z,10.1,0.0,0,98.0,357.7,1
2025-04-08T23:00:00Z,12.9,0.0,0,292.0,662.6,1
2025-04-09T00:00:00Z,15.1,0.0,31,472.0,803.0,1
2025-04-09T01:00:00Z,17.5,0.0,1,607.0,841.0,1
2025-04-09T02:00:00Z,19.1,0.0,42,694.0,884.0,1
2025-04-09T03:00:00Z,20.5,0.0,45,705.0,861.1,1
2025-04-09T04:00:00Z,20.5,0.0,96,665.0,855.5,1
2025-04-09T05:00:00Z,20.0,0.0,100,542.0,706.7,1
2025-04-09T06:00:00Z,19.6,0.0,100,411.0,713.1,1
2025-04-09T07:00:00Z,18.8,0.0,100,221.0,489.8,1
2025-04-09T08:00:00Z,17.6,0.0,100,39.0,42.9,1
2025-04-09T09:00:00Z,17.2,0.0,100,0.0,0.0,0
2025-04-09T10:00:00Z,16.9,0.0,100,0.0,0.0,0
2025-04-09T11:00:00Z,16.6,0.0,100,0.0,0.0,0
2025-04-09T12:00:00Z,16.4,0.0,100,0.0,0.0,0
2025-04-09T13:00:00Z,15.1,0.0,100,0.0,0.0,0
2025-04-09T14:00:00Z,14.8,0.0,96,0.0,0.0,0
2025-04-09T15:00:00Z,14.4,0.0,83,0.0,0.0,0
2025-04-09T16:00:00Z,14.1,0.0,44,0.0,0.0,0
2025-04-09T17:00:00Z,13.7,0.0,60,0.0,0.0,0
2025-04-09T18:00:00Z,13.9,0.0,100,0.0,0.0,0
2025-04-09T19:00:00Z,15.2,0.0,100,0.0,0.0,0
2025-04-09T20:00:00Z,15.8,0.0,97,0.0,0.0,0
2025-04-09T21:00:00Z,15.7,0.0,2,1.0,0.0,1
2025-04-09T22:00:00Z,16.6,0.0,2,102.0,462.3,1
2025-04-09T23:00:00Z,18.8,0.0,13,284.0,669.6,1
2025-04-10T00:00:00Z,21.2,0.0,8,451.0,751.8,1
2025-04-10T01:00:00Z,23.6,0.0,0,593.0,846.7,1
2025-04-10T02:00:00Z,25.0,0.0,0,673.0,869.0,1
2025-04-10T03:00:00Z,26.0,0.0,0,696.0,878.4,1
2025-04-10T04:00:00Z,26.7,0.0,0,656.0,866.4,1
2025-04-10T05:00:00Z,27.0,0.0,0,559.0,836.4,1
2025-04-10T06:00:00Z,27.0,0.0,1,405.0,743.8,1
2025-04-10T07:00:00Z,26.5,0.0,1,229.0,620.7,1
2025-04-10T08:00:00Z,25.1,0.0,1,56.0,307.1,1
2025-04-10T09:00:00Z,23.8,0.0,2,0.0,0.0,0
2025-04-10T10:00:00Z,22.4,0.0,9,0.0,0.0,0
2025-04-10T11:00:00Z,21.5,0.0,3,0.0,0.0,0
2025-04-10T12:00:00Z,21.0,0.0,11,0.0,0.0,0
2025-04-10T13:00:00Z,21.0,0.0,38,0.0,0.0,0
2025-04-10T14:00:00Z,21.1,0.0,45,0.0,0.0,0
2025-04-10T15:00:00Z,20.8,0.0,18,0.0,0.0,0
2025-04-10T16:00:00Z,18.8,0.0,20,0.0,0.0,0
2025-04-10T17:00:00Z,17.3,0.0,100,0.0,0.0,0
2025-04-10T18:00:00Z,16.5,0.0,83,0.0,0.0,0
2025-04-10T19:00:00Z,15.9,0.0,93,0.0,0.0,0
2025-04-10T20:00:00Z,16.0,0.0,93,0.0,0.0,0
2025-04-10T21:00:00Z,16.0,0.0,100,2.0,0.0,1
2025-04-10T22:00:00Z,16.8,0.0,80,55.0,70.6,1
2025-04-10T23:00:00Z,17.5,0.0,79,154.0,104.1,1
2025-04-11T00:00:00Z,19.1,0.0,97,352.0,426.5,1
2025-04-11T01:00:00Z,20.5,0.1,100,501.0,541.2,1
2025-04-11T02:00:00Z,20.7,0.1,99,544.0,535.0,1
2025-04-11T03:00:00Z,20.8,0.0,55,555.0,537.9,1
2025-04-11T04:00:00Z,20.7,0.0,56,520.0,479.2,1
2025-04-11T05:00:00Z,20.6,0.0,4,478.0,557.8,1
2025-04-11T06:00:00Z,20.6,0.0,5,403.0,743.3,1
2025-04-11T07:00:00Z,19.6,0.0,4,219.0,577.4,1
2025-04-11T08:00:00Z,18.7,0.0,3,53.0,278.3,0
2025-04-11T09:00:00Z,18.5,0.0,4,0.0,0.0,0
2025-04-11T10:00:00Z,17.8,0.0,2,0.0,0.0,0
2025-04-11T11:00:00Z,16.8,0.0,3,0.0,0.0,0
2025-04-11T12:00:00Z,16.0,0.0,3,0.0,0.0,0
2025-04-11T13:00:00Z,15.0,0.0,3,0.0,0.0,0
2025-04-11T14:00:00Z,14.4,0.0,0,0.0,0.0,0
2025-04-11T15:00:00Z,13.8,0.0,0,0.0,0.0,0
2025-04-11T16:00:00Z,13.4,0.0,0,0.0,0.0,0
2025-04-11T17:00:00Z,13.1,0.0,0,0.0,0.0,0
2025-04-11T18:00:00Z,12.5,0.0,1,0.0,0.0,0
2025-04-11T19:00:00Z,11.8,0.0,0,0.0,0.0,0
2025-04-11T20:00:00Z,11.4,0.0,0,0.0,0.0,0
2025-04-11T21:00:00Z,11.5,0.0,0,2.0,0.0,1
2025-04-11T22:00:00Z,13.3,0.0,0,94.0,417.9,1
2025-04-11T23:00:00Z,15.6,0.0,1,278.0,659.5,1
2025-04-12T00:00:00Z,19.5,0.0,2,452.0,784.6,1
2025-04-12T01:00:00Z,22.8,0.0,0,585.0,841.7,1
2025-04-12T02:00:00Z,26.8,0.0,0,666.0,873.0,1
2025-04-12T03:00:00Z,28.9,0.0,0,689.0,880.2,1
2025-04-12T04:00:00Z,29.6,0.0,5,631.0,828.7,1
2025-04-12T05:00:00Z,29.5,0.0,55,534.0,785.7,1
2025-04-12T06:00:00Z,27.8,0.0,45,391.0,731.3,1
2025-04-12T07:00:00Z,26.2,0.0,7,218.0,603.1,1
2025-04-12T08:00:00Z,24.5,0.0,7,49.0,275.7,0
2025-04-12T09:00:00Z,24.4,0.0,54,0.0,0.0,0
2025-04-12T10:00:00Z,23.5,0.0,100,0.0,0.0,0
2025-04-12T11:00:00Z,23.0,0.0,100,0.0,0.0,0
2025-04-12T12:00:00Z,22.8,0.0,100,0.0,0.0,0
2025-04-12T13:00:00Z,21.2,0.0,100,0.0,0.0,0
2025-04-12T14:00:00Z,21.7,0.0,100,0.0,0.0,0
2025-04-12T15:00:00Z,22.2,0.0,100,0.0,0.0,0
2025-04-12T16:00:00Z,22.3,0.0,100,0.0,0.0,0
2025-04-12T17:00:00Z,22.5,0.0,100,0.0,0.0,0
2025-04-12T18:00:00Z,22.0,0.0,100,0.0,0.0,0
2025-04-12T19:00:00Z,21.7,0.0,100,0.0,0.0,0
2025-04-12T20:00:00Z,21.5,0.0,22,0.0,0.0,0
2025-04-12T21:00:00Z,21.2,0.0,11,1.0,0.0,1
2025-04-12T22:00:00Z,22.1,0.0,17,94.0,445.1,1
2025-04-12T23:00:00Z,23.4,0.0,18,272.0,654.2,1
2025-04-13T00:00:00Z,25.4,0.0,15,438.0,736.2,1
2025-04-13T01:00:00Z,28.6,0.0,24,581.0,844.2,1
2025-04-13T02:00:00Z,30.1,0.0,36,661.0,868.3,1
2025-04-13T03:00:00Z,31.4,0.0,100,682.0,878.9,1
2025-04-13T04:00:00Z,32.0,0.0,100,604.0,737.3,1
2025-04-13T05:00:00Z,32.2,0.0,100,488.0,576.7,1
2025-04-13T06:00:00Z,31.5,0.0,100,234.0,155.9,1
2025-04-13T07:00:00Z,31.2,0.0,100,146.0,178.3,1
2025-04-13T08:00:00Z,29.2,0.0,100,26.0,9.4,0
2025-04-13T09:00:00Z,28.1,0.0,100,0.0,0.0,0
2025-04-13T10:00:00Z,25.8,0.0,100,0.0,0.0,0
2025-04-13T11:00:00Z,24.4,0.0,100,0.0,0.0,0
2025-04-13T12:00:00Z,21.8,0.0,99,0.0,0.0,0
2025-04-13T13:00:00Z,21.4,0.0,100,0.0,0.0,0
2025-04-13T14:00:00Z,20.4,0.0,100,0.0,0.0,0
2025-04-13T15:00:00Z,19.7,0.0,100,0.0,0.0,0
2025-04-13T16:00:00Z,18.8,0.0,100,0.0,0.0,0
2025-04-13T17:00:00Z,18.2,0.0,100,0.0,0.0,0
2025-04-13T18:00:00Z,17.8,0.0,100,0.0,0.0,0
2025-04-13T19:00:00Z,17.9,0.0,99,0.0,0.0,0
2025-04-13T20:00:00Z,18.0,0.0,100,0.0,0.0,0
2025-04-13T21:00:00Z,17.8,0.0,100,1.0,0.0,1
2025-04-13T22:00:00Z,17.8,0.0,100,18.0,0.0,1
2025-04-13T23:00:00Z,18.9,0.0,100,192.0,231.0,1
2025-04-14T00:00:00Z,19.2,0.0,100,197.0,89.1,1
2025-04-14T01:00:00Z,20.1,0.0,100,377.0,226.1,1
2025-04-14T02:00:00Z,20.8,0.1,100,423.0,288.8,1
2025-04-14T03:00:00Z,21.5,0.1,94,481.0,335.9,1
2025-04-14T04:00:00Z,22.0,0.0,100,496.0,454.1,1
2025-04-14T05:00:00Z,21.6,0.0,100,431.0,434.1,1
2025-04-14T06:00:00Z,21.0,0.0,93,307.0,353.0,1
2025-04-14T07:00:00Z,20.4,0.0,99,194.0,479.3,1
2025-04-14T08:00:00Z,19.5,0.0,100,38.0,163.8,0
2025-04-14T09:00:00Z,19.1,0.0,42,0.0,0.0,0
2025-04-14T10:00:00Z,18.9,0.0,47,0.0,0.0,0
2025-04-14T11:00:00Z,18.0,0.0,73,0.0,0.0,0
2025-04-14T12:00:00Z,17.0,0.0,99,0.0,0.0,0
2025-04-14T13:00:00Z,16.0,0.0,17,0.0,0.0,0
2025-04-14T14:00:00Z,15.2,0.0,57,0.0,0.0,0
2025-04-14T15:00:00Z,14.6,0.0,42,0.0,0.0,0
2025-04-14T16:00:00Z,13.9,0.0,88,0.0,0.0,0
2025-04-14T17:00:00Z,13.4,0.0,87,0.0,0.0,0
2025-04-14T18:00:00Z,13.2,0.0,100,0.0,0.0,0
2025-04-14T19:00:00Z,13.6,0.0,100,0.0,0.0,0
2025-04-14T20:00:00Z,13.8,0.0,100,0.0,0.0,0
2025-04-14T21:00:00Z,13.8,0.0,100,0.0,0.0,1
2025-04-14T22:00:00Z,14.2,0.0,100,32.0,0.0,1
2025-04-14T23:00:00Z,15.2,0.0,100,106.0,0.0,1
2025-04-15T00:00:00Z,17.5,0.0,99,345.0,408.3,1
2025-04-15T01:00:00Z,20.4,0.0,100,553.0,767.0,1
2025-04-15T02:00:00Z,23.3,0.0,100,641.0,808.0,1
2025-04-15T03:00:00Z,25.2,0.0,100,645.0,736.0,1
2025-04-15T04:00:00Z,26.5,0.0,92,619.0,794.0,1
2025-04-15T05:00:00Z,27.1,0.0,43,534.0,825.0,1
2025-04-15T06:00:00Z,27.2,0.0,24,386.0,752.4,1
2025-04-15T07:00:00Z,26.6,0.0,21,207.0,606.6,1
2025-04-15T08:00:00Z,24.6,0.0,52,41.0,236.8,0
2025-04-15T09:00:00Z,23.2,0.0,75,0.0,0.0,0
2025-04-15T10:00:00Z,21.9,0.0,72,0.0,0.0,0
2025-04-15T11:00:00Z,21.0,0.0,100,0.0,0.0,0
2025-04-15T12:00:00Z,20.0,0.0,100,0.0,0.0,0
2025-04-15T13:00:00Z,18.5,0.0,100,0.0,0.0,0
2025-04-15T14:00:00Z,17.8,0.0,100,0.0,0.0,0
2025-04-15T15:00:00Z,17.1,0.0,100,0.0,0.0,0
2025-04-15T16:00:00Z,17.1,0.0,100,0.0,0.0,0
2025-04-15T17:00:00Z,17.0,0.0,100,0.0,0.0,0
2025-04-15T18:00:00Z,17.1,0.0,98,0.0,0.0,0
2025-04-15T19:00:00Z,18.0,0.0,98,0.0,0.0,0
2025-04-15T20:00:00Z,18.2,0.0,23,0.0,0.0,0
2025-04-15T21:00:00Z,17.9,0.0,16,1.0,0.0,1
2025-04-15T22:00:00Z,18.7,0.0,22,80.0,364.2,1
2025-04-15T23:00:00Z,20.2,0.0,99,238.0,508.2,1
2025-04-16T00:00:00Z,21.2,0.0,100,242.0,81.9,1
2025-04-16T01:00:00Z,21.9,0.0,53,236.0,79.3,1
2025-04-16T02:00:00Z,23.9,0.0,75,435.0,416.0,1
2025-04-16T03:00:00Z,25.4,0.0,46,504.0,474.1,1
2025-04-16T04:00:00Z,26.6,0.0,28,522.0,556.0,1
2025-04-16T05:00:00Z,27.5,0.0,51,495.0,698.5,1
2025-04-16T06:00:00Z,27.5,0.0,15,334.0,532.3,1
2025-04-16T07:00:00Z,26.8,0.0,21,194.0,554.0,1
2025-04-16T08:00:00Z,24.3,0.0,6,36.0,182.0,0
2025-04-16T09:00:00Z,23.2,0.0,2,0.0,0.0,0
2025-04-16T10:00:00Z,22.3,0.0,10,0.0,0.0,0
2025-04-16T11:00:00Z,21.5,0.0,1,0.0,0.0,0
2025-04-16T12:00:00Z,20.4,0.0,2,0.0,0.0,0
2025-04-16T13:00:00Z,19.1,0.0,0,0.0,0.0,0
2025-04-16T14:00:00Z,18.2,0.0,1,0.0,0.0,0
2025-04-16T15:00:00Z,17.8,0.0,77,0.0,0.0,0
2025-04-16T16:00:00Z,17.3,0.0,61,0.0,0.0,0
2025-04-16T17:00:00Z,16.8,0.0,2,0.0,0.0,0
2025-04-16T18:00:00Z,16.4,0.0,0,0.0,0.0,0
2025-04-16T19:00:00Z,16.1,0.0,0,0.0,0.0,0
2025-04-16T20:00:00Z,15.8,0.0,0,0.0,0.0,0
2025-04-16T21:00:00Z,15.5,0.0,0,1.0,0.0,1
2025-04-16T22:00:00Z,17.1,0.0,1,81.0,399.8,1
2025-04-16T23:00:00Z,20.0,0.0,0,256.0,648.2,1
2025-04-17T00:00:00Z,23.5,0.0,0,424.0,767.1,1
2025-04-17T01:00:00Z,25.8,0.0,1,551.0,814.4,1
2025-04-17T02:00:00Z,27.8,0.0,16,632.0,851.5,1
2025-04-17T03:00:00Z,28.4,0.0,1,656.0,865.5,1
2025-04-17T04:00:00Z,28.7,0.0,13,574.0,751.7,1
2025-04-17T05:00:00Z,28.9,0.0,23,496.0,762.0,1
2025-04-17T06:00:00Z,28.5,0.0,18,342.0,650.6,1
2025-04-17T07:00:00Z,27.9,0.0,14,177.0,503.2,1
2025-04-17T08:00:00Z,26.4,0.0,100,34.0,186.5,0
2025-04-17T09:00:00Z,26.0,0.0,100,0.0,0.0,0
2025-04-17T10:00:00Z,24.7,0.0,7,0.0,0.0,0
2025-04-17T11:00:00Z,23.3,0.0,6,0.0,0.0,0
2025-04-17T12:00:00Z,22.5,0.0,29,0.0,0.0,0
2025-04-17T13:00:00Z,21.4,0.0,100,0.0,0.0,0
2025-04-17T14:00:00Z,21.5,0.0,100,0.0,0.0,0
2025-04-17T15:00:00Z,20.9,0.0,95,0.0,0.0,0
2025-04-17T16:00:00Z,20.7,0.0,29,0.0,0.0,0
2025-04-17T17:00:00Z,20.2,0.0,68,0.0,0.0,0
2025-04-17T18:00:00Z,19.8,0.0,61,0.0,0.0,0
2025-04-17T19:00:00Z,19.4,0.0,80,0.0,0.0,0
2025-04-17T20:00:00Z,18.9,0.0,56,0.0,0.0,0
2025-04-17T21:00:00Z,19.5,0.0,31,0.0,0.0,1
2025-04-17T22:00:00Z,21.0,0.0,41,68.0,280.5,1
2025-04-17T23:00:00Z,22.6,0.0,31,240.0,566.3,1
2025-04-18T00:00:00Z,24.8,0.0,6,405.0,692.4,1
2025-04-18T01:00:00Z,26.8,0.0,17,499.0,631.3,1
2025-04-18T02:00:00Z,29.2,0.0,0,622.0,816.6,1
2025-04-18T03:00:00Z,30.5,0.0,20,653.0,870.0,1
2025-04-18T04:00:00Z,30.4,0.0,18,555.0,722.0,1
2025-04-18T05:00:00Z,30.5,0.0,37,472.0,707.1,1
2025-04-18T06:00:00Z,30.1,0.0,42,288.0,537.4,1
2025-04-18T07:00:00Z,30.5,0.0,41,150.0,396.2,1
2025-04-18T08:00:00Z,21.6,0.0,29,29.0,159.3,0
2025-04-18T09:00:00Z,18.5,0.0,68,0.0,0.0,0
2025-04-18T10:00:00Z,19.2,0.0,9,0.0,0.0,0
2025-04-18T11:00:00Z,18.7,0.0,3,0.0,0.0,0
2025-04-18T12:00:00Z,18.5,0.0,81,0.0,0.0,0
2025-04-18T13:00:00Z,17.9,0.0,84,0.0,0.0,0
2025-04-18T14:00:00Z,17.9,0.0,84,0.0,0.0,0
2025-04-18T15:00:00Z,17.9,0.0,100,0.0,0.0,0
2025-04-18T16:00:00Z,17.5,0.0,100,0.0,0.0,0
2025-04-18T17:00:00Z,17.9,0.0,92,0.0,0.0,0
2025-04-18T18:00:00Z,20.6,0.0,100,0.0,0.0,0
2025-04-18T19:00:00Z,21.3,0.0,100,0.0,0.0,0
2025-04-18T20:00:00Z,21.0,0.0,100,0.0,0.0,0
2025-04-18T21:00:00Z,20.9,0.0,100,0.0,0.0,1
2025-04-18T22:00:00Z,21.2,0.0,100,42.0,15.8,1
2025-04-18T23:00:00Z,22.5,0.0,100,176.0,214.4,1
2025-04-19T00:00:00Z,24.3,0.0,99,287.0,287.2,1
2025-04-19T01:00:00Z,26.0,0.0,100,436.0,391.0,1
2025-04-19T02:00:00Z,26.8,0.0,98,330.0,110.0,1
2025-04-19T03:00:00Z,28.0,0.0,95,413.0,321.6,1
2025-04-19T04:00:00Z,28.8,0.0,70,520.0,495.8,1
2025-04-19T05:00:00Z,29.0,0.0,92,507.0,775.6,1
2025-04-19T06:00:00Z,28.5,0.0,100,318.0,471.4,1
2025-04-19T07:00:00Z,27.5,0.0,100,99.0,42.5,1
2025-04-19T08:00:00Z,26.8,0.0,64,22.0,32.7,0
2025-04-19T09:00:00Z,25.8,0.0,97,0.0,0.0,0
2025-04-19T10:00:00Z,26.0,0.0,99,0.0,0.0,0
2025-04-19T11:00:00Z,25.2,0.0,100,0.0,0.0,0
2025-04-19T12:00:00Z,24.3,0.0,100,0.0,0.0,0
2025-04-19T13:00:00Z,22.0,0.0,99,0.0,0.0,0
2025-04-19T14:00:00Z,22.6,0.0,100,0.0,0.0,0
2025-04-19T15:00:00Z,22.0,0.0,94,0.0,0.0,0
2025-04-19T16:00:00Z,21.1,0.1,75,0.0,0.0,0
2025-04-19T17:00:00Z,21.1,0.0,58,0.0,0.0,0
2025-04-19T18:00:00Z,21.4,0.0,64,0.0,0.0,0
2025-04-19T19:00:00Z,21.0,0.0,41,0.0,0.0,0
2025-04-19T20:00:00Z,20.0,0.0,45,0.0,0.0,0
2025-04-19T21:00:00Z,19.4,0.0,22,0.0,0.0,1
2025-04-19T22:00:00Z,20.0,0.0,31,63.0,280.4,1
2025-04-19T23:00:00Z,20.8,0.0,35,175.0,308.5,1
2025-04-20T00:00:00Z,22.2,0.0,28,340.0,512.5,1
2025-04-20T01:00:00Z,21.7,0.0,61,253.0,154.4,1
2025-04-20T02:00:00Z,24.4,0.0,70,556.0,623.7,1
2025-04-20T03:00:00Z,24.8,0.0,69,529.0,524.4,1
2025-04-20T04:00:00Z,23.8,0.5,78,454.0,465.3,1
2025-04-20T05:00:00Z,21.4,0.8,91,267.0,191.8,1
2025-04-20T06:00:00Z,18.9,0.7,60,152.0,126.2,1
2025-04-20T07:00:00Z,20.4,0.0,24,141.0,347.1,1
2025-04-20T08:00:00Z,19.2,0.0,3,26.0,145.3,0
2025-04-20T09:00:00Z,18.5,0.0,1,0.0,0.0,0
2025-04-20T10:00:00Z,18.0,0.0,2,0.0,0.0,0
2025-04-20T11:00:00Z,17.8,0.0,1,0.0,0.0,0
2025-04-20T12:00:00Z,17.5,0.0,5,0.0,0.0,0
2025-04-20T13:00:00Z,16.9,0.0,9,0.0,0.0,0
2025-04-20T14:00:00Z,16.0,0.0,37,0.0,0.0,0
2025-04-20T15:00:00Z,15.5,0.0,100,0.0,0.0,0
2025-04-20T16:00:00Z,15.4,0.0,86,0.0,0.0,0
2025-04-20T17:00:00Z,14.8,0.0,27,0.0,0.0,0
2025-04-20T18:00:00Z,14.3,0.0,20,0.0,0.0,0
2025-04-20T19:00:00Z,13.9,0.0,3,0.0,0.0,0
2025-04-20T20:00:00Z,13.4,0.0,6,0.0,0.0,0
2025-04-20T21:00:00Z,12.8,0.0,20,0.0,0.0,1
2025-04-20T22:00:00Z,14.1,0.0,4,66.0,292.5,1
2025-04-20T23:00:00Z,15.8,0.0,2,235.0,576.5,1
2025-04-21T00:00:00Z,17.3,0.0,1,402.0,721.4,1
2025-04-21T01:00:00Z,19.1,0.0,20,524.0,779.2,1
2025-04-21T02:00:00Z,19.8,0.0,25,581.0,753.9,1
2025-04-21T03:00:00Z,19.5,0.0,17,564.0,677.2,1
2025-04-21T04:00:00Z,19.0,0.9,41,509.0,654.8,1
2025-04-21T05:00:00Z,19.0,0.5,62,403.0,553.9,1
2025-04-21T06:00:00Z,18.1,0.3,21,289.0,505.8,1
2025-04-21T07:00:00Z,17.6,0.0,13,147.0,398.4,1
2025-04-21T08:00:00Z,16.8,0.0,26,23.0,126.2,0
2025-04-21T09:00:00Z,16.5,0.1,93,0.0,0.0,0
2025-04-21T10:00:00Z,15.9,0.3,92,0.0,0.0,0
2025-04-21T11:00:00Z,15.6,0.9,94,0.0,0.0,0
2025-04-21T12:00:00Z,16.0,0.5,99,0.0,0.0,0
2025-04-21T13:00:00Z,15.4,0.1,60,0.0,0.0,0
2025-04-21T14:00:00Z,15.2,0.0,100,0.0,0.0,0
2025-04-21T15:00:00Z,15.2,0.0,100,0.0,0.0,0
2025-04-21T16:00:00Z,15.1,0.0,100,0.0,0.0,0
2025-04-21T17:00:00Z,14.9,0.0,100,0.0,0.0,0
2025-04-21T18:00:00Z,14.4,0.2,100,0.0,0.0,0
2025-04-21T19:00:00Z,14.9,0.0,100,0.0,0.0,0
2025-04-21T20:00:00Z,14.8,0.1,100,0.0,0.0,0
2025-04-21T21:00:00Z,14.8,0.1,100,0.0,0.0,1
2025-04-21T22:00:00Z,15.4,0.0,100,40.0,123.6,1
2025-04-21T23:00:00Z,16.4,0.1,87,147.0,211.9,1
2025-04-22T00:00:00Z,17.1,0.0,38,285.0,303.8,1
2025-04-22T01:00:00Z,17.2,0.0,90,448.0,549.1,1
2025-04-22T02:00:00Z,17.6,0.0,94,532.0,593.8,1
2025-04-22T03:00:00Z,17.6,0.0,100,440.0,336.3,1
2025-04-22T04:00:00Z,18.0,0.0,99,435.0,354.8,1
2025-04-22T05:00:00Z,17.6,0.0,100,238.0,108.3,1
2025-04-22T06:00:00Z,17.8,0.0,100,124.0,38.8,1
2025-04-22T07:00:00Z,17.6,0.0,100,60.0,13.6,1
2025-04-22T08:00:00Z,16.7,0.1,100,6.0,0.0,0
2025-04-22T09:00:00Z,16.5,0.0,75,0.0,0.0,0
2025-04-22T10:00:00Z,16.2,0.0,8,0.0,0.0,0
2025-04-22T11:00:00Z,15.7,0.0,0,0.0,0.0,0
2025-04-22T12:00:00Z,15.1,0.0,1,0.0,0.0,0
2025-04-22T13:00:00Z,14.9,0.0,1,0.0,0.0,0
2025-04-22T14:00:00Z,14.4,0.0,2,0.0,0.0,0
2025-04-22T15:00:00Z,14.2,0.0,1,0.0,0.0,0
2025-04-22T16:00:00Z,14.1,0.0,0,0.0,0.0,0
2025-04-22T17:00:00Z,13.9,0.0,0,0.0,0.0,0
2025-04-22T18:00:00Z,13.7,0.0,0,0.0,0.0,0
2025-04-22T19:00:00Z,13.5,0.0,3,0.0,0.0,0
2025-04-22T20:00:00Z,13.3,0.0,5,0.0,0.0,0
2025-04-22T21:00:00Z,12.6,0.0,8,0.0,0.0,1
2025-04-22T22:00:00Z,13.5,0.0,6,65.0,317.8,1
2025-04-22T23:00:00Z,14.7,0.0,39,234.0,597.7,1
2025-04-23T00:00:00Z,15.9,0.0,40,370.0,596.8,1
2025-04-23T01:00:00Z,17.4,0.0,3,511.0,740.0,1
2025-04-23T02:00:00Z,18.3,0.0,3,590.0,787.1,1
2025-04-23T03:00:00Z,19.2,0.0,2,621.0,841.2,1
2025-04-23T04:00:00Z,20.0,0.0,45,576.0,812.0,1
2025-04-23T05:00:00Z,20.3,0.0,43,480.0,776.7,1
2025-04-23T06:00:00Z,20.1,0.0,48,336.0,696.0,1
2025-04-23T07:00:00Z,19.6,0.0,71,164.0,511.9,1
2025-04-23T08:00:00Z,18.4,0.0,73,22.0,121.1,0
2025-04-23T09:00:00Z,18.0,0.0,64,0.0,0.0,0
2025-04-23T10:00:00Z,17.3,0.0,4,0.0,0.0,0
2025-04-23T11:00:00Z,16.5,0.0,0,0.0,0.0,0
2025-04-23T12:00:00Z,16.0,0.0,2,0.0,0.0,0
2025-04-23T13:00:00Z,15.5,0.0,23,0.0,0.0,0
2025-04-23T14:00:00Z,14.5,0.0,13,0.0,0.0,0
2025-04-23T15:00:00Z,14.1,0.0,20,0.0,0.0,0
2025-04-23T16:00:00Z,14.1,0.0,13,0.0,0.0,0
2025-04-23T17:00:00Z,13.9,0.0,9,0.0,0.0,0
2025-04-23T18:00:00Z,13.8,0.0,12,0.0,0.0,0
2025-04-23T19:00:00Z,14.1,0.0,9,0.0,0.0,0
2025-04-23T20:00:00Z,15.1,0.0,18,0.0,0.0,0
2025-04-23T21:00:00Z,16.3,0.0,25,0.0,0.0,1
2025-04-23T22:00:00Z,17.7,0.0,25,59.0,288.6,1
2025-04-23T23:00:00Z,19.5,0.0,18,210.0,505.5,1
2025-04-24T00:00:00Z,20.9,0.0,16,373.0,655.1,1
2025-04-24T01:00:00Z,22.8,0.0,73,383.0,389.2,1
2025-04-24T02:00:00Z,24.1,0.0,91,479.0,460.6,1
2025-04-24T03:00:00Z,25.0,0.0,7,460.0,401.4,1
2025-04-24T04:00:00Z,25.5,0.0,1,554.0,771.1,1
2025-04-24T05:00:00Z,25.8,0.0,2,475.0,791.7,1
2025-04-24T06:00:00Z,25.6,0.0,4,328.0,696.5,1
2025-04-24T07:00:00Z,24.9,0.0,6,158.0,527.3,1
2025-04-24T08:00:00Z,23.5,0.0,3,21.0,137.0,0
2025-04-24T09:00:00Z,22.4,0.0,4,0.0,0.0,0
2025-04-24T10:00:00Z,21.3,0.0,5,0.0,0.0,0
2025-04-24T11:00:00Z,20.5,0.0,12,0.0,0.0,0
2025-04-24T12:00:00Z,20.1,0.0,95,0.0,0.0,0
2025-04-24T13:00:00Z,22.5,0.0,100,0.0,0.0,0
2025-04-24T14:00:00Z,22.3,0.0,98,0.0,0.0,0
2025-04-24T15:00:00Z,19.9,0.0,79,0.0,0.0,0
2025-04-24T16:00:00Z,18.9,0.0,98,0.0,0.0,0
2025-04-24T17:00:00Z,17.4,0.0,100,0.0,0.0,0
2025-04-24T18:00:00Z,17.2,0.0,100,0.0,0.0,0
2025-04-24T19:00:00Z,17.5,0.0,100,0.0,0.0,0
2025-04-24T20:00:00Z,17.5,0.0,99,0.0,0.0,0
2025-04-24T21:00:00Z,16.9,0.0,100,0.0,0.0,1
2025-04-24T22:00:00Z,17.6,0.0,93,37.0,86.2,1
2025-04-24T23:00:00Z,18.3,0.0,95,113.0,97.3,1
2025-04-25T00:00:00Z,20.7,0.0,99,260.0,253.7,1
2025-04-25T01:00:00Z,23.1,0.2,100,433.0,548.6,1
2025-04-25T02:00:00Z,20.9,2.2,99,403.0,363.9,1
2025-04-25T03:00:00Z,22.5,0.0,100,474.0,466.6,1
2025-04-25T04:00:00Z,22.0,0.1,100,370.0,322.4,1
2025-04-25T05:00:00Z,21.0,0.8,100,105.0,0.0,1
2025-04-25T06:00:00Z,20.0,4.8,100,130.0,13.4,1
2025-04-25T07:00:00Z,19.5,0.3,100,68.0,14.4,1
2025-04-25T08:00:00Z,18.8,0.5,100,6.0,12.8,0
2025-04-25T09:00:00Z,18.1,0.6,100,0.0,0.0,0
2025-04-25T10:00:00Z,17.6,0.0,100,0.0,0.0,0
2025-04-25T11:00:00Z,17.4,0.0,100,0.0,0.0,0
2025-04-25T12:00:00Z,17.4,0.1,100,0.0,0.0,0
2025-04-25T13:00:00Z,16.8,1.0,100,0.0,0.0,0
2025-04-25T14:00:00Z,16.5,0.8,100,0.0,0.0,0
2025-04-25T15:00:00Z,16.4,0.6,100,0.0,0.0,0
2025-04-25T16:00:00Z,16.3,0.7,100,0.0,0.0,0
2025-04-25T17:00:00Z,16.1,0.9,100,0.0,0.0,0
2025-04-25T18:00:00Z,16.3,0.6,100,0.0,0.0,0
2025-04-25T19:00:00Z,16.2,0.2,57,0.0,0.0,0
2025-04-25T20:00:00Z,15.9,0.1,51,0.0,0.0,0
2025-04-25T21:00:00Z,15.6,0.0,98,0.0,0.0,1
2025-04-25T22:00:00Z,16.1,0.0,100,40.0,105.0,1
2025-04-25T23:00:00Z,16.5,0.0,100,82.0,21.9,1
2025-04-26T00:00:00Z,17.1,0.0,99,204.0,122.1,1
2025-04-26T01:00:00Z,17.0,0.9,91,184.0,59.4,1
2025-04-26T02:00:00Z,17.1,0.4,99,144.0,18.2,1
2025-04-26T03:00:00Z,17.6,0.1,100,205.0,46.7,1
2025-04-26T04:00:00Z,18.1,0.1,100,291.0,126.5,1
2025-04-26T05:00:00Z,17.9,0.2,100,248.0,184.5,1
2025-04-26T06:00:00Z,17.5,0.2,92,108.0,13.6,1
2025-04-26T07:00:00Z,17.4,0.0,100,80.0,98.2,1
2025-04-26T08:00:00Z,17.2,0.0,100,7.0,0.0,0
2025-04-26T09:00:00Z,17.0,0.0,100,0.0,0.0,0
2025-04-26T10:00:00Z,16.8,0.0,91,0.0,0.0,0
2025-04-26T11:00:00Z,16.5,0.0,100,0.0,0.0,0
2025-04-26T12:00:00Z,16.4,0.0,100,0.0,0.0,0
2025-04-26T13:00:00Z,16.0,0.0,48,0.0,0.0,0
2025-04-26T14:00:00Z,15.7,0.1,99,0.0,0.0,0
2025-04-26T15:00:00Z,15.7,0.1,100,0.0,0.0,0
2025-04-26T16:00:00Z,15.6,0.0,100,0.0,0.0,0
2025-04-26T17:00:00Z,15.6,0.1,100,0.0,0.0,0
2025-04-26T18:00:00Z,15.4,0.1,100,0.0,0.0,0
2025-04-26T19:00:00Z,15.4,0.1,100,0.0,0.0,0
2025-04-26T20:00:00Z,15.4,0.0,100,0.0,0.0,0
2025-04-26T21:00:00Z,15.2,0.0,100,0.0,0.0,1
2025-04-26T22:00:00Z,15.4,0.0,100,22.0,26.6,1
2025-04-26T23:00:00Z,15.6,0.0,100,84.0,40.7,1
2025-04-27T00:00:00Z,15.9,0.0,100,158.0,66.3,1
2025-04-27T01:00:00Z,16.5,0.0,100,253.0,114.0,1
2025-04-27T02:00:00Z,16.9,0.0,100,298.0,157.9,1
2025-04-27T03:00:00Z,16.8,0.0,100,267.0,64.8,1
2025-04-27T04:00:00Z,16.4,0.0,100,187.0,44.8,1
2025-04-27T05:00:00Z,16.4,0.0,100,201.0,93.1,1
2025-04-27T06:00:00Z,16.1,0.0,100,132.0,74.2,1
2025-04-27T07:00:00Z,15.9,0.0,100,53.0,35.1,1
2025-04-27T08:00:00Z,15.6,0.0,100,7.0,0.0,0
2025-04-27T09:00:00Z,15.6,0.0,90,0.0,0.0,0
2025-04-27T10:00:00Z,15.4,0.0,69,0.0,0.0,0
2025-04-27T11:00:00Z,15.1,0.0,71,0.0,0.0,0
2025-04-27T12:00:00Z,14.4,0.0,82,0.0,0.0,0
2025-04-27T13:00:00Z,12.8,0.0,99,0.0,0.0,0
2025-04-27T14:00:00Z,12.9,0.0,100,0.0,0.0,0
2025-04-27T15:00:00Z,12.3,0.0,100,0.0,0.0,0
2025-04-27T16:00:00Z,12.1,0.0,100,0.0,0.0,0
2025-04-27T17:00:00Z,11.6,0.0,100,0.0,0.0,0
2025-04-27T18:00:00Z,11.1,0.0,55,0.0,0.0,0
2025-04-27T19:00:00Z,10.8,0.0,100,0.0,0.0,0
2025-04-27T20:00:00Z,10.7,0.0,99,0.0,0.0,0
2025-04-27T21:00:00Z,10.6,0.0,100,0.0,0.0,1
2025-04-27T22:00:00Z,11.6,0.0,100,36.0,18.0,1
2025-04-27T23:00:00Z,13.2,0.0,100,130.0,86.1,1
2025-04-28T00:00:00Z,14.6,0.0,100,213.0,83.7,1
2025-04-28T01:00:00Z,15.9,0.0,100,364.0,250.4,1
2025-04-28T02:00:00Z,16.5,0.0,100,438.0,311.4,1
2025-04-28T03:00:00Z,17.0,0.0,100,455.0,323.2,1
2025-04-28T04:00:00Z,17.2,0.0,100,440.0,420.3,1
2025-04-28T05:00:00Z,17.0,0.0,100,306.0,218.6,1
2025-04-28T06:00:00Z,16.4,0.0,100,178.0,94.5,1
2025-04-28T07:00:00Z,15.9,0.0,100,58.0,25.6,1
2025-04-28T08:00:00Z,15.4,0.0,100,7.0,0.0,0
2025-04-28T09:00:00Z,15.1,0.1,100,0.0,0.0,0
2025-04-28T10:00:00Z,14.7,0.4,100,0.0,0.0,0
2025-04-28T11:00:00Z,14.4,1.0,100,0.0,0.0,0
2025-04-28T12:00:00Z,14.8,0.3,96,0.0,0.0,0
2025-04-28T13:00:00Z,14.6,0.6,98,0.0,0.0,0
2025-04-28T14:00:00Z,14.8,0.2,99,0.0,0.0,0
2025-04-28T15:00:00Z,14.9,0.1,100,0.0,0.0,0
2025-04-28T16:00:00Z,14.8,0.4,100,0.0,0.0,0
2025-04-28T17:00:00Z,14.3,0.5,98,0.0,0.0,0
2025-04-28T18:00:00Z,13.8,0.4,84,0.0,0.0,0
2025-04-28T19:00:00Z,13.6,0.6,67,0.0,0.0,0
2025-04-28T20:00:00Z,13.1,0.6,100,0.0,0.0,0
2025-04-28T21:00:00Z,13.1,0.4,96,0.0,0.0,1
2025-04-28T22:00:00Z,13.8,0.4,97,36.0,119.1,1
2025-04-28T23:00:00Z,15.1,0.0,67,114.0,121.4,1
2025-04-29T00:00:00Z,16.1,0.0,96,285.0,344.9,1
2025-04-29T01:00:00Z,16.6,0.0,100,376.0,313.1,1
2025-04-29T02:00:00Z,17.0,0.0,96,400.0,271.5,1
2025-04-29T03:00:00Z,16.9,0.0,59,456.0,440.7,1
2025-04-29T04:00:00Z,16.7,0.0,50,367.0,372.8,1
2025-04-29T05:00:00Z,16.2,0.0,93,313.0,399.9,1
2025-04-29T06:00:00Z,15.7,0.0,100,121.0,53.5,1
2025-04-29T07:00:00Z,15.5,0.0,98,39.0,0.0,1
2025-04-29T08:00:00Z,15.1,0.0,100,4.0,0.0,0
2025-04-29T09:00:00Z,14.6,0.2,93,0.0,0.0,0
2025-04-29T10:00:00Z,14.5,0.6,80,0.0,0.0,0
2025-04-29T11:00:00Z,13.5,0.2,89,0.0,0.0,0
2025-04-29T12:00:00Z,13.1,0.3,100,0.0,0.0,0
2025-04-29T13:00:00Z,13.9,0.0,100,0.0,0.0,0
2025-04-29T14:00:00Z,13.9,0.0,99,0.0,0.0,0
2025-04-29T15:00:00Z,13.2,0.0,57,0.0,0.0,0
2025-04-29T16:00:00Z,12.8,0.0,22,0.0,0.0,0
2025-04-29T17:00:00Z,12.4,0.0,20,0.0,0.0,0
2025-04-29T18:00:00Z,12.0,0.0,10,0.0,0.0,0
2025-04-29T19:00:00Z,11.6,0.0,16,0.0,0.0,0
2025-04-29T20:00:00Z,11.3,0.0,7,0.0,0.0,0
2025-04-29T21:00:00Z,11.1,0.0,3,0.0,0.0,0
2025-04-29T22:00:00Z,11.6,0.0,0,52.0,297.9,1
2025-04-29T23:00:00Z,12.9,0.0,0,217.0,630.5,1
2025-04-30T00:00:00Z,14.1,0.0,5,381.0,761.7,1
2025-04-30T01:00:00Z,15.4,0.0,2,511.0,835.4,1
2025-04-30T02:00:00Z,16.4,0.0,16,566.0,808.3,1
2025-04-30T03:00:00Z,17.0,0.0,77,512.0,597.8,1
2025-04-30T04:00:00Z,16.9,0.0,65,375.0,351.0,1
2025-04-30T05:00:00Z,16.4,0.0,14,361.0,457.6,1
2025-04-30T06:00:00Z,15.6,0.0,21,262.0,504.1,1
2025-04-30T07:00:00Z,14.8,0.0,10,134.0,481.8,1
2025-04-30T08:00:00Z,14.0,0.0,9,11.0,74.2,0
2025-04-30T09:00:00Z,13.6,0.0,19,0.0,0.0,0
2025-04-30T10:00:00Z,13.1,0.0,6,0.0,0.0,0
2025-04-30T11:00:00Z,12.4,0.0,6,0.0,0.0,0
2025-04-30T12:00:00Z,11.9,0.0,0,0.0,0.0,0
2025-04-30T13:00:00Z,10.9,0.0,0,0.0,0.0,0
2025-04-30T14:00:00Z,10.4,0.0,0,0.0,0.0,0
2025-04-30T15:00:00Z,9.9,0.0,0,0.0,0.0,0
2025-04-30T16:00:00Z,9.2,0.0,0,0.0,0.0,0
2025-04-30T17:00:00Z,8.8,0.0,0,0.0,0.0,0
2025-04-30T18:00:00Z,8.8,0.0,1,0.0,0.0,0
2025-04-30T19:00:00Z,8.5,0.0,14,0.0,0.0,0
2025-04-30T20:00:00Z,8.6,0.0,18,0.0,0.0,0
2025-04-30T21:00:00Z,8.4,0.0,17,0.0,0.0,0
2025-04-30T22:00:00Z,9.7,0.0,11,48.0,255.4,1
2025-04-30T23:00:00Z,11.1,0.0,2,205.0,557.0,1
2025-05-01T00:00:00Z,12.6,0.0,1,371.0,726.8,1
2025-05-01T01:00:00Z,14.2,0.0,0,503.0,820.6,1
2025-05-01T02:00:00Z,15.1,0.0,31,582.0,860.2,1
2025-05-01T03:00:00Z,16.0,0.0,54,573.0,798.9,1
2025-05-01T04:00:00Z,16.2,0.0,62,495.0,659.4,1
2025-05-01T05:00:00Z,16.2,0.0,11,359.0,499.5,1
2025-05-01T06:00:00Z,16.5,0.0,39,271.0,504.5,1
2025-05-01T07:00:00Z,15.7,0.0,37,127.0,415.8,1
2025-05-01T08:00:00Z,13.9,0.0,1,12.0,76.4,0
2025-05-01T09:00:00Z,13.5,0.0,5,0.0,0.0,0
2025-05-01T10:00:00Z,13.0,0.0,5,0.0,0.0,0
2025-05-01T11:00:00Z,11.6,0.0,0,0.0,0.0,0
2025-05-01T12:00:00Z,10.9,0.0,0,0.0,0.0,0
2025-05-01T13:00:00Z,10.1,0.0,0,0.0,0.0,0
2025-05-01T14:00:00Z,9.7,0.0,0,0.0,0.0,0
2025-05-01T15:00:00Z,8.8,0.0,0,0.0,0.0,0
2025-05-01T16:00:00Z,7.9,0.0,1,0.0,0.0,0
2025-05-01T17:00:00Z,8.0,0.0,0,0.0,0.0,0
2025-05-01T18:00:00Z,7.7,0.0,0,0.0,0.0,0
2025-05-01T19:00:00Z,7.3,0.0,0,0.0,0.0,0
2025-05-01T20:00:00Z,7.1,0.0,0,0.0,0.0,0
2025-05-01T21:00:00Z,6.7,0.0,93,0.0,0.0,0
2025-05-01T22:00:00Z,7.3,0.0,0,39.0,173.0,1
2025-05-01T23:00:00Z,9.4,0.0,0,182.0,402.6,1
2025-05-02T00:00:00Z,12.4,0.0,0,372.0,728.5,1
2025-05-02T01:00:00Z,14.9,0.0,0,504.0,828.8,1
2025-05-02T02:00:00Z,16.9,0.0,0,581.0,864.6,1
2025-05-02T03:00:00Z,17.8,0.0,0,600.0,875.1,1
2025-05-02T04:00:00Z,18.4,0.0,0,557.0,859.6,1
2025-05-02T05:00:00Z,18.7,0.0,0,455.0,811.0,1
2025-05-02T06:00:00Z,18.6,0.0,0,309.0,720.6,1
2025-05-02T07:00:00Z,17.0,0.0,0,137.0,536.8,1
2025-05-02T08:00:00Z,14.9,0.0,31,11.0,78.8,0
2025-05-02T09:00:00Z,13.9,0.0,27,0.0,0.0,0
2025-05-02T10:00:00Z,13.1,0.0,5,0.0,0.0,0
2025-05-02T11:00:00Z,12.5,0.0,21,0.0,0.0,0
2025-05-02T12:00:00Z,11.9,0.0,89,0.0,0.0,0
2025-05-02T13:00:00Z,11.0,0.0,0,0.0,0.0,0
2025-05-02T14:00:00Z,10.8,0.0,2,0.0,0.0,0
2025-05-02T15:00:00Z,10.6,0.0,7,0.0,0.0,0
2025-05-02T16:00:00Z,10.3,0.0,3,0.0,0.0,0
2025-05-02T17:00:00Z,9.9,0.0,1,0.0,0.0,0
2025-05-02T18:00:00Z,9.4,0.0,7,0.0,0.0,0
2025-05-02T19:00:00Z,9.2,0.0,7,0.0,0.0,0
2025-05-02T20:00:00Z,9.2,0.0,0,0.0,0.0,0
2025-05-02T21:00:00Z,9.1,0.0,3,0.0,0.0,0
2025-05-02T22:00:00Z,9.9,0.0,1,49.0,293.1,1
2025-05-02T23:00:00Z,11.7,0.0,1,214.0,652.0,1
2025-05-03T00:00:00Z,14.3,0.0,8,381.0,787.6,1
2025-05-03T01:00:00Z,16.6,0.0,19,511.0,854.6,1
2025-05-03T02:00:00Z,18.1,0.0,45,587.0,884.5,1
2025-05-03T03:00:00Z,18.8,0.0,91,603.0,888.0,1
2025-05-03T04:00:00Z,19.1,0.0,100,558.0,864.3,1
2025-05-03T05:00:00Z,19.1,0.0,100,457.0,818.2,1
2025-05-03T06:00:00Z,18.6,0.0,100,300.0,658.3,1
2025-05-03T07:00:00Z,17.2,0.0,99,120.0,325.7,1
2025-05-03T08:00:00Z,15.5,0.0,99,9.0,16.3,0
2025-05-03T09:00:00Z,14.2,0.0,98,0.0,0.0,0
2025-05-03T10:00:00Z,13.3,0.0,96,0.0,0.0,0
2025-05-03T11:00:00Z,12.5,0.0,97,0.0,0.0,0
2025-05-03T12:00:00Z,11.8,0.0,5,0.0,0.0,0
2025-05-03T13:00:00Z,11.2,0.0,99,0.0,0.0,0
2025-05-03T14:00:00Z,11.6,0.0,100,0.0,0.0,0
2025-05-03T15:00:00Z,12.3,0.0,100,0.0,0.0,0
2025-05-03T16:00:00Z,12.9,0.0,100,0.0,0.0,0
2025-05-03T17:00:00Z,13.1,0.0,100,0.0,0.0,0
2025-05-03T18:00:00Z,13.2,0.0,100,0.0,0.0,0
2025-05-03T19:00:00Z,13.1,0.0,100,0.0,0.0,0
2025-05-03T20:00:00Z,13.0,0.0,99,0.0,0.0,0
2025-05-03T21:00:00Z,12.9,0.0,100,0.0,0.0,0
2025-05-03T22:00:00Z,13.2,0.0,95,35.0,89.4,1
2025-05-03T23:00:00Z,14.4,0.0,99,156.0,223.0,1
2025-05-04T00:00:00Z,16.0,0.0,91,296.0,343.1,1
2025-05-04T01:00:00Z,18.5,0.0,99,459.0,658.1,1
2025-05-04T02:00:00Z,19.9,0.0,100,526.0,647.9,1
2025-05-04T03:00:00Z,20.8,0.0,82,513.0,550.2,1
2025-05-04T04:00:00Z,21.5,0.0,75,518.0,723.5,1
2025-05-04T05:00:00Z,21.5,0.0,73,440.0,786.6,1
2025-05-04T06:00:00Z,21.0,0.0,65,295.0,687.0,1
2025-05-04T07:00:00Z,19.8,0.0,88,127.0,484.7,1
2025-05-04T08:00:00Z,18.1,0.0,82,9.0,50.3,0
2025-05-04T09:00:00Z,16.9,0.0,63,0.0,0.0,0
2025-05-04T10:00:00Z,16.0,0.0,91,0.0,0.0,0
2025-05-04T11:00:00Z,15.9,0.0,100,0.0,0.0,0
2025-05-04T12:00:00Z,16.1,0.0,97,0.0,0.0,0
2025-05-04T13:00:00Z,15.9,0.0,38,0.0,0.0,0
2025-05-04T14:00:00Z,15.9,0.0,100,0.0,0.0,0
2025-05-04T15:00:00Z,15.8,0.0,100,0.0,0.0,0
2025-05-04T16:00:00Z,15.6,0.0,99,0.0,0.0,0
2025-05-04T17:00:00Z,15.3,0.0,100,0.0,0.0,0
2025-05-04T18:00:00Z,15.1,0.0,100,0.0,0.0,0
2025-05-04T19:00:00Z,14.9,0.0,100,0.0,0.0,0
2025-05-04T20:00:00Z,14.6,0.0,100,0.0,0.0,0
2025-05-04T21:00:00Z,14.3,0.0,97,0.0,0.0,0
2025-05-04T22:00:00Z,14.4,0.0,100,33.0,70.7,1
2025-05-04T23:00:00Z,15.4,0.0,93,152.0,242.4,1
2025-05-05T00:00:00Z,16.5,0.0,80,297.0,404.8,1
2025-05-05T01:00:00Z,19.5,0.0,10,452.0,682.9,1
2025-05-05T02:00:00Z,21.0,0.0,34,510.0,710.4,1
2025-05-05T03:00:00Z,22.0,0.0,4,510.0,663.7,1
2025-05-05T04:00:00Z,22.6,0.0,8,519.0,807.7,1
2025-05-05T05:00:00Z,23.3,0.0,5,422.0,763.0,1
2025-05-05T06:00:00Z,23.6,0.0,26,279.0,649.7,1
2025-05-05T07:00:00Z,22.6,0.0,15,109.0,399.8,1
2025-05-05T08:00:00Z,21.5,0.0,15,8.0,51.9,0
2025-05-05T09:00:00Z,20.7,0.0,66,0.0,0.0,0
2025-05-05T10:00:00Z,19.9,0.0,83,0.0,0.0,0
2025-05-05T11:00:00Z,19.5,0.0,92,0.0,0.0,0
2025-05-05T12:00:00Z,19.4,0.0,67,0.0,0.0,0
2025-05-05T13:00:00Z,20.0,0.0,1,0.0,0.0,0
2025-05-05T14:00:00Z,19.7,0.0,39,0.0,0.0,0
2025-05-05T15:00:00Z,19.2,0.0,85,0.0,0.0,0
2025-05-05T16:00:00Z,18.9,0.0,100,0.0,0.0,0
2025-05-05T17:00:00Z,18.7,0.0,98,0.0,0.0,0
2025-05-05T18:00:00Z,18.4,0.0,99,0.0,0.0,0
2025-05-05T19:00:00Z,18.1,0.0,100,0.0,0.0,0
2025-05-05T20:00:00Z,17.7,0.0,90,0.0,0.0,0
2025-05-05T21:00:00Z,17.0,0.0,1,0.0,0.0,0
2025-05-05T22:00:00Z,16.8,0.0,0,40.0,246.4,1
2025-05-05T23:00:00Z,17.5,0.0,0,192.0,591.3,1
2025-05-06T00:00:00Z,18.9,0.0,0,349.0,732.1,1
2025-05-06T01:00:00Z,22.8,0.0,0,472.0,801.9,1
2025-05-06T02:00:00Z,23.9,0.0,1,547.0,835.7,1
2025-05-06T03:00:00Z,25.0,0.0,0,562.0,840.9,1
2025-05-06T04:00:00Z,25.5,0.0,0,520.0,824.7,1
2025-05-06T05:00:00Z,25.3,0.0,0,424.0,780.5,1
2025-05-06T06:00:00Z,24.9,0.0,0,283.0,687.7,1
2025-05-06T07:00:00Z,24.0,0.0,0,119.0,500.0,1
2025-05-06T08:00:00Z,22.8,0.0,1,7.0,53.6,0
2025-05-06T09:00:00Z,21.9,0.0,1,0.0,0.0,0
2025-05-06T10:00:00Z,21.0,0.0,9,0.0,0.0,0
2025-05-06T11:00:00Z,20.4,0.0,9,0.0,0.0,0
2025-05-06T12:00:00Z,19.7,0.0,5,0.0,0.0,0
2025-05-06T13:00:00Z,19.4,0.0,0,0.0,0.0,0
2025-05-06T14:00:00Z,18.4,0.0,0,0.0,0.0,0
2025-05-06T15:00:00Z,17.5,0.0,0,0.0,0.0,0
2025-05-06T16:00:00Z,17.0,0.0,0,0.0,0.0,0
2025-05-06T17:00:00Z,16.4,0.0,4,0.0,0.0,0
2025-05-06T18:00:00Z,16.1,0.0,21,0.0,0.0,0
2025-05-06T19:00:00Z,16.0,0.0,33,0.0,0.0,0
2025-05-06T20:00:00Z,16.1,0.0,43,0.0,0.0,0
2025-05-06T21:00:00Z,15.9,0.4,28,0.0,0.0,0
2025-05-06T22:00:00Z,16.1,0.5,18,32.0,156.6,1
2025-05-06T23:00:00Z,17.6,0.0,20,176.0,506.5,1
2025-05-07T00:00:00Z,18.7,0.0,100,323.0,637.5,1
2025-05-07T01:00:00Z,19.4,0.2,85,320.0,409.0,1
2025-05-07T02:00:00Z,18.7,0.4,76,301.0,197.9,1
2025-05-07T03:00:00Z,18.5,0.8,100,287.0,210.4,1
2025-05-07T04:00:00Z,18.1,0.1,22,265.0,169.1,1
2025-05-07T05:00:00Z,18.5,0.0,59,336.0,512.9,1
2025-05-07T06:00:00Z,17.8,0.0,35,239.0,500.7,1
2025-05-07T07:00:00Z,17.2,0.0,47,93.0,323.9,1
2025-05-07T08:00:00Z,16.0,0.0,55,5.0,18.4,0
2025-05-07T09:00:00Z,13.2,0.0,29,0.0,0.0,0
2025-05-07T10:00:00Z,12.6,0.0,32,0.0,0.0,0
2025-05-07T11:00:00Z,11.9,0.0,5,0.0,0.0,0
2025-05-07T12:00:00Z,11.6,0.0,6,0.0,0.0,0
2025-05-07T13:00:00Z,11.3,0.0,1,0.0,0.0,0
2025-05-07T14:00:00Z,10.6,0.0,4,0.0,0.0,0
2025-05-07T15:00:00Z,10.2,0.0,3,0.0,0.0,0
2025-05-07T16:00:00Z,9.8,0.0,7,0.0,0.0,0
2025-05-07T17:00:00Z,9.7,0.0,12,0.0,0.0,0
2025-05-07T18:00:00Z,9.5,0.0,49,0.0,0.0,0
2025-05-07T19:00:00Z,9.4,0.0,27,0.0,0.0,0
2025-05-07T20:00:00Z,9.2,0.0,63,0.0,0.0,0
2025-05-07T21:00:00Z,9.1,0.0,29,0.0,0.0,0
2025-05-07T22:00:00Z,9.8,0.0,12,36.0,212.3,1
2025-05-07T23:00:00Z,11.6,0.0,33,185.0,577.6,1
2025-05-08T00:00:00Z,13.5,0.0,94,325.0,630.2,1
2025-05-08T01:00:00Z,14.8,0.0,100,466.0,781.3,1
2025-05-08T02:00:00Z,15.6,0.0,77,537.0,780.7,1
2025-05-08T03:00:00Z,16.1,0.0,92,529.0,708.8,1
2025-05-08T04:00:00Z,16.0,0.0,94,399.0,456.6,1
2025-05-08T05:00:00Z,15.8,0.0,49,275.0,285.4,1
2025-05-08T06:00:00Z,15.7,0.0,72,195.0,237.6,1
2025-05-08T07:00:00Z,15.2,0.0,77,62.0,70.0,1
2025-05-08T08:00:00Z,14.5,0.0,99,4.0,19.0,0
2025-05-08T09:00:00Z,14.1,0.0,97,0.0,0.0,0
2025-05-08T10:00:00Z,13.7,0.0,19,0.0,0.0,0
2025-05-08T11:00:00Z,12.8,0.0,19,0.0,0.0,0
2025-05-08T12:00:00Z,12.1,0.0,12,0.0,0.0,0
2025-05-08T13:00:00Z,10.9,0.0,21,0.0,0.0,0
2025-05-08T14:00:00Z,10.4,0.0,89,0.0,0.0,0
2025-05-08T15:00:00Z,9.8,0.0,95,0.0,0.0,0
2025-05-08T16:00:00Z,9.9,0.0,83,0.0,0.0,0
2025-05-08T17:00:00Z,9.9,0.0,89,0.0,0.0,0
2025-05-08T18:00:00Z,9.4,0.0,55,0.0,0.0,0
2025-05-08T19:00:00Z,8.9,0.0,0,0.0,0.0,0
2025-05-08T20:00:00Z,8.2,0.0,0,0.0,0.0,0
2025-05-08T21:00:00Z,7.8,0.0,1,0.0,0.0,0
2025-05-08T22:00:00Z,8.9,0.0,2,35.0,205.2,1
2025-05-08T23:00:00Z,10.9,0.0,4,183.0,572.5,1
2025-05-09T00:00:00Z,13.2,0.0,13,341.0,725.6,1
2025-05-09T01:00:00Z,14.6,0.0,0,464.0,797.3,1
2025-05-09T02:00:00Z,15.9,0.0,8,539.0,836.5,1
2025-05-09T03:00:00Z,16.5,0.0,14,547.0,805.1,1
2025-05-09T04:00:00Z,16.8,0.0,2,500.0,763.3,1
2025-05-09T05:00:00Z,16.8,0.0,3,414.0,768.7,1
2025-05-09T06:00:00Z,16.2,0.0,0,273.0,673.2,1
2025-05-09T07:00:00Z,15.1,0.0,0,112.0,487.4,1
2025-05-09T08:00:00Z,13.8,0.0,0,5.0,39.2,0
2025-05-09T09:00:00Z,13.6,0.0,0,0.0,0.0,0
2025-05-09T10:00:00Z,12.9,0.0,0,0.0,0.0,0
2025-05-09T11:00:00Z,11.9,0.0,0,0.0,0.0,0
2025-05-09T12:00:00Z,11.2,0.0,0,0.0,0.0,0
2025-05-09T13:00:00Z,9.4,0.0,0,0.0,0.0,0
2025-05-09T14:00:00Z,8.8,0.0,0,0.0,0.0,0
2025-05-09T15:00:00Z,7.9,0.0,0,0.0,0.0,0
2025-05-09T16:00:00Z,7.6,0.0,0,0.0,0.0,0
2025-05-09T17:00:00Z,7.3,0.0,0,0.0,0.0,0
2025-05-09T18:00:00Z,7.2,0.0,0,0.0,0.0,0
2025-05-09T19:00:00Z,7.1,0.0,0,0.0,0.0,0
2025-05-09T20:00:00Z,6.9,0.0,0,0.0,0.0,0
2025-05-09T21:00:00Z,6.7,0.0,0,0.0,0.0,0
2025-05-09T22:00:00Z,7.4,0.0,0,34.0,208.8,1
2025-05-09T23:00:00Z,9.6,0.0,0,179.0,558.5,1
2025-05-10T00:00:00Z,12.4,0.0,0,338.0,724.2,1
2025-05-10T01:00:00Z,15.2,0.0,0,462.0,805.2,1
2025-05-10T02:00:00Z,16.6,0.0,0,535.0,836.7,1
2025-05-10T03:00:00Z,17.4,0.0,0,551.0,844.2,1
2025-05-10T04:00:00Z,17.8,0.0,0,508.0,825.7,1
2025-05-10T05:00:00Z,17.9,0.0,0,411.0,777.3,1
2025-05-10T06:00:00Z,17.6,0.0,0,269.0,677.4,1
2025-05-10T07:00:00Z,16.5,0.0,0,108.0,478.0,1
2025-05-10T08:00:00Z,14.9,0.0,0,5.0,40.5,0
2025-05-10T09:00:00Z,14.2,0.0,0,0.0,0.0,0
2025-05-10T10:00:00Z,13.6,0.0,0,0.0,0.0,0
2025-05-10T11:00:00Z,12.6,0.0,0,0.0,0.0,0
2025-05-10T12:00:00Z,12.1,0.0,0,0.0,0.0,0
2025-05-10T13:00:00Z,10.5,0.0,0,0.0,0.0,0
2025-05-10T14:00:00Z,9.9,0.0,0,0.0,0.0,0
2025-05-10T15:00:00Z,9.8,0.0,0,0.0,0.0,0
2025-05-10T16:00:00Z,10.4,0.0,1,0.0,0.0,0
2025-05-10T17:00:00Z,10.8,0.0,0,0.0,0.0,0
2025-05-10T18:00:00Z,10.9,0.0,0,0.0,0.0,0
2025-05-10T19:00:00Z,10.8,0.0,0,0.0,0.0,0
2025-05-10T20:00:00Z,10.6,0.0,0,0.0,0.0,0
2025-05-10T21:00:00Z,10.5,0.0,0,0.0,0.0,0
2025-05-10T22:00:00Z,11.4,0.0,0,33.0,212.5,1
2025-05-10T23:00:00Z,13.4,0.0,1,181.0,597.5,1
2025-05-11T00:00:00Z,16.0,0.0,10,338.0,738.8,1
2025-05-11T01:00:00Z,19.4,0.0,12,458.0,805.0,1
2025-05-11T02:00:00Z,20.8,0.0,65,531.0,835.0,1
2025-05-11T03:00:00Z,21.7,0.0,46,543.0,823.0,1
2025-05-11T04:00:00Z,22.0,0.0,77,502.0,808.5,1
2025-05-11T05:00:00Z,22.0,0.0,37,403.0,747.1,1
2025-05-11T06:00:00Z,21.5,0.0,96,264.0,649.3,1
2025-05-11T07:00:00Z,20.0,0.0,100,102.0,427.2,1
2025-05-11T08:00:00Z,18.5,0.0,98,4.0,20.9,0
2025-05-11T09:00:00Z,17.4,0.0,99,0.0,0.0,0
2025-05-11T10:00:00Z,16.5,0.0,100,0.0,0.0,0
2025-05-11T11:00:00Z,15.8,0.0,100,0.0,0.0,0
2025-05-11T12:00:00Z,15.1,0.0,99,0.0,0.0,0
2025-05-11T13:00:00Z,14.2,0.0,100,0.0,0.0,0
2025-05-11T14:00:00Z,13.9,0.0,97,0.0,0.0,0
2025-05-11T15:00:00Z,13.5,0.0,95,0.0,0.0,0
2025-05-11T16:00:00Z,13.1,0.0,97,0.0,0.0,0
2025-05-11T17:00:00Z,12.7,0.0,100,0.0,0.0,0
2025-05-11T18:00:00Z,12.6,0.0,96,0.0,0.0,0
2025-05-11T19:00:00Z,11.8,0.0,9,0.0,0.0,0
2025-05-11T20:00:00Z,11.1,0.0,0,0.0,0.0,0
2025-05-11T21:00:00Z,10.8,0.0,0,0.0,0.0,0
2025-05-11T22:00:00Z,11.8,0.0,0,31.0,204.9,1
2025-05-11T23:00:00Z,14.2,0.0,0,176.0,583.4,1
2025-05-12T00:00:00Z,16.6,0.0,0,333.0,731.9,1
2025-05-12T01:00:00Z,18.8,0.0,0,455.0,802.5,1
2025-05-12T02:00:00Z,19.8,0.0,0,527.0,835.0,1
2025-05-12T03:00:00Z,20.0,0.0,0,543.0,841.0,1
2025-05-12T04:00:00Z,19.7,0.0,0,499.0,819.9,1
2025-05-12T05:00:00Z,19.3,0.0,0,403.0,773.8,1
2025-05-12T06:00:00Z,18.5,0.0,1,264.0,679.2,1
2025-05-12T07:00:00Z,16.9,0.0,0,103.0,471.0,1
2025-05-12T08:00:00Z,15.6,0.0,0,4.0,21.6,0
2025-05-12T09:00:00Z,14.8,0.0,0,0.0,0.0,0
2025-05-12T10:00:00Z,14.4,0.0,0,0.0,0.0,0
2025-05-12T11:00:00Z,13.9,0.0,0,0.0,0.0,0
2025-05-12T12:00:00Z,13.2,0.0,10,0.0,0.0,0
2025-05-12T13:00:00Z,11.8,0.0,0,0.0,0.0,0
2025-05-12T14:00:00Z,11.4,0.0,0,0.0,0.0,0
2025-05-12T15:00:00Z,10.2,0.0,12,0.0,0.0,0
2025-05-12T16:00:00Z,9.3,0.0,28,0.0,0.0,0
2025-05-12T17:00:00Z,9.1,0.0,100,0.0,0.0,0
2025-05-12T18:00:00Z,9.2,0.0,100,0.0,0.0,0
2025-05-12T19:00:00Z,9.1,0.0,100,0.0,0.0,0
2025-05-12T20:00:00Z,8.7,0.0,100,0.0,0.0,0
2025-05-12T21:00:00Z,8.8,0.0,100,0.0,0.0,0
2025-05-12T22:00:00Z,9.1,0.0,100,19.0,46.4,1
2025-05-12T23:00:00Z,10.1,0.0,100,102.0,91.7,1
2025-05-13T00:00:00Z,11.8,0.0,100,229.0,207.9,1
2025-05-13T01:00:00Z,15.6,0.0,0,385.0,513.7,1
2025-05-13T02:00:00Z,17.5,0.0,0,499.0,716.3,1
2025-05-13T03:00:00Z,19.2,0.0,0,527.0,779.5,1
2025-05-13T04:00:00Z,20.7,0.0,1,490.0,790.7,1
2025-05-13T05:00:00Z,21.2,0.0,2,396.0,749.8,1
2025-05-13T06:00:00Z,20.6,0.0,4,256.0,646.9,1
2025-05-13T07:00:00Z,18.6,0.0,7,93.0,403.2,1
2025-05-13T08:00:00Z,16.6,0.0,16,3.0,22.3,0
2025-05-13T09:00:00Z,16.2,0.0,10,0.0,0.0,0
2025-05-13T10:00:00Z,15.3,0.0,1,0.0,0.0,0
2025-05-13T11:00:00Z,14.5,0.0,0,0.0,0.0,0
2025-05-13T12:00:00Z,13.8,0.0,0,0.0,0.0,0
2025-05-13T13:00:00Z,12.2,0.0,0,0.0,0.0,0
2025-05-13T14:00:00Z,11.9,0.0,0,0.0,0.0,0
2025-05-13T15:00:00Z,11.2,0.0,0,0.0,0.0,0
2025-05-13T16:00:00Z,11.1,0.0,0,0.0,0.0,0
2025-05-13T17:00:00Z,10.8,0.0,0,0.0,0.0,0
2025-05-13T18:00:00Z,10.5,0.0,0,0.0,0.0,0
2025-05-13T19:00:00Z,10.1,0.0,0,0.0,0.0,0
2025-05-13T20:00:00Z,9.8,0.0,0,0.0,0.0,0
2025-05-13T21:00:00Z,9.5,0.0,0,0.0,0.0,0
2025-05-13T22:00:00Z,10.6,0.0,0,28.0,188.8,1
2025-05-13T23:00:00Z,12.9,0.0,0,171.0,581.6,1
2025-05-14T00:00:00Z,14.9,0.0,0,326.0,731.5,1
2025-05-14T01:00:00Z,16.0,0.0,19,439.0,763.4,1
2025-05-14T02:00:00Z,16.9,0.0,24,486.0,689.2,1
2025-05-14T03:00:00Z,17.2,0.0,1,434.0,500.6,1
2025-05-14T04:00:00Z,17.4,0.0,0,491.0,817.5,1
2025-05-14T05:00:00Z,16.9,0.0,1,395.0,772.1,1
2025-05-14T06:00:00Z,16.6,0.0,2,253.0,653.7,1
2025-05-14T07:00:00Z,15.9,0.0,0,96.0,447.9,1
2025-05-14T08:00:00Z,14.7,0.0,0,3.0,23.1,0
2025-05-14T09:00:00Z,13.9,0.0,1,0.0,0.0,0
2025-05-14T10:00:00Z,13.4,0.0,1,0.0,0.0,0
2025-05-14T11:00:00Z,13.3,0.0,13,0.0,0.0,0
2025-05-14T12:00:00Z,13.1,0.0,68,0.0,0.0,0
2025-05-14T13:00:00Z,11.7,0.0,0,0.0,0.0,0
2025-05-14T14:00:00Z,10.7,0.0,0,0.0,0.0,0
2025-05-14T15:00:00Z,9.9,0.0,5,0.0,0.0,0
2025-05-14T16:00:00Z,9.1,0.0,98,0.0,0.0,0
2025-05-14T17:00:00Z,9.2,0.0,100,0.0,0.0,0
2025-05-14T18:00:00Z,9.6,0.0,100,0.0,0.0,0
2025-05-14T19:00:00Z,9.6,0.0,100,0.0,0.0,0
2025-05-14T20:00:00Z,9.8,0.0,100,0.0,0.0,0
2025-05-14T21:00:00Z,10.0,0.0,100,0.0,0.0,0
2025-05-14T22:00:00Z,10.4,0.0,100,13.0,0.0,1
2025-05-14T23:00:00Z,11.6,0.0,29,99.0,136.9,1
2025-05-15T00:00:00Z,13.6,0.0,2,304.0,607.2,1
2025-05-15T01:00:00Z,15.0,0.0,31,432.0,739.0,1
2025-05-15T02:00:00Z,15.8,0.0,21,447.0,631.7,1
2025-05-15T03:00:00Z,16.4,0.0,44,438.0,556.9,1
2025-05-15T04:00:00Z,16.5,0.0,100,342.0,347.7,1
2025-05-15T05:00:00Z,16.6,0.0,100,290.0,360.7,1
2025-05-15T06:00:00Z,16.2,0.0,84,191.0,310.0,1
2025-05-15T07:00:00Z,15.2,0.0,4,84.0,339.3,1
2025-05-15T08:00:00Z,14.4,0.0,1,2.0,23.9,0
2025-05-15T09:00:00Z,13.2,0.0,0,0.0,0.0,0
2025-05-15T10:00:00Z,12.8,0.0,0,0.0,0.0,0
2025-05-15T11:00:00Z,11.6,0.0,0,0.0,0.0,0
2025-05-15T12:00:00Z,10.7,0.0,0,0.0,0.0,0
2025-05-15T13:00:00Z,9.6,0.0,0,0.0,0.0,0
2025-05-15T14:00:00Z,8.9,0.0,0,0.0,0.0,0
2025-05-15T15:00:00Z,8.6,0.0,0,0.0,0.0,0
2025-05-15T16:00:00Z,8.2,0.0,0,0.0,0.0,0
2025-05-15T17:00:00Z,8.0,0.0,0,0.0,0.0,0
2025-05-15T18:00:00Z,7.7,0.0,0,0.0,0.0,0
2025-05-15T19:00:00Z,7.3,0.0,0,0.0,0.0,0
2025-05-15T20:00:00Z,6.9,0.0,1,0.0,0.0,0
2025-05-15T21:00:00Z,6.7,0.0,1,0.0,0.0,0
2025-05-15T22:00:00Z,7.3,0.0,1,25.0,159.2,1
2025-05-15T23:00:00Z,9.4,0.0,0,162.0,545.8,1
2025-05-16T00:00:00Z,12.3,0.0,0,315.0,711.0,1
2025-05-16T01:00:00Z,14.8,0.0,12,437.0,789.5,1
2025-05-16T02:00:00Z,15.9,0.0,26,517.0,845.8,1
2025-05-16T03:00:00Z,16.7,0.0,93,451.0,582.5,1
2025-05-16T04:00:00Z,17.1,0.0,100,381.0,435.0,1
2025-05-16T05:00:00Z,17.0,0.0,100,286.0,358.7,1
2025-05-16T06:00:00Z,16.6,0.0,93,184.0,320.0,1
2025-05-16T07:00:00Z,15.6,0.0,27,59.0,218.4,1
2025-05-16T08:00:00Z,14.9,0.0,100,1.0,0.0,0
2025-05-16T09:00:00Z,14.4,0.0,73,0.0,0.0,0
2025-05-16T10:00:00Z,13.8,0.0,15,0.0,0.0,0
2025-05-16T11:00:00Z,13.4,0.0,97,0.0,0.0,0
2025-05-16T12:00:00Z,13.1,0.0,77,0.0,0.0,0
2025-05-16T13:00:00Z,12.7,0.0,14,0.0,0.0,0
2025-05-16T14:00:00Z,11.9,0.0,15,0.0,0.0,0
2025-05-16T15:00:00Z,11.5,0.0,19,0.0,0.0,0
2025-05-16T16:00:00Z,11.1,0.0,74,0.0,0.0,0
2025-05-16T17:00:00Z,10.8,0.0,98,0.0,0.0,0
2025-05-16T18:00:00Z,10.6,0.0,99,0.0,0.0,0
2025-05-16T19:00:00Z,10.3,0.0,100,0.0,0.0,0
2025-05-16T20:00:00Z,10.3,0.1,100,0.0,0.0,0
2025-05-16T21:00:00Z,10.4,0.1,100,0.0,0.0,0
2025-05-16T22:00:00Z,10.8,0.4,100,8.0,0.0,1
2025-05-16T23:00:00Z,11.4,0.7,100,46.0,0.0,1
2025-05-17T00:00:00Z,11.6,1.2,100,59.0,0.0,1
2025-05-17T01:00:00Z,12.2,1.0,100,86.0,2.2,1
2025-05-17T02:00:00Z,12.6,0.1,100,125.0,17.1,1
2025-05-17T03:00:00Z,12.5,0.5,100,106.0,1.9,1
2025-05-17T04:00:00Z,12.1,0.7,100,108.0,4.0,1
2025-05-17T05:00:00Z,11.8,0.2,100,101.0,4.8,1
2025-05-17T06:00:00Z,11.2,0.4,100,48.0,0.0,1
2025-05-17T07:00:00Z,10.9,0.7,100,10.0,0.0,1
2025-05-17T08:00:00Z,10.9,0.2,100,0.0,0.0,0
2025-05-17T09:00:00Z,11.1,0.1,100,0.0,0.0,0
2025-05-17T10:00:00Z,10.9,0.1,74,0.0,0.0,0
2025-05-17T11:00:00Z,9.9,0.6,55,0.0,0.0,0
2025-05-17T12:00:00Z,9.5,0.1,65,0.0,0.0,0
2025-05-17T13:00:00Z,9.8,1.0,85,0.0,0.0,0
2025-05-17T14:00:00Z,9.1,0.7,80,0.0,0.0,0
2025-05-17T15:00:00Z,8.8,3.4,36,0.0,0.0,0
2025-05-17T16:00:00Z,8.1,0.0,54,0.0,0.0,0
2025-05-17T17:00:00Z,7.7,0.3,51,0.0,0.0,0
2025-05-17T18:00:00Z,9.3,0.1,32,0.0,0.0,0
2025-05-17T19:00:00Z,9.3,0.0,20,0.0,0.0,0
2025-05-17T20:00:00Z,9.1,0.0,5,0.0,0.0,0
2025-05-17T21:00:00Z,8.9,0.0,9,0.0,0.0,0
2025-05-17T22:00:00Z,9.2,0.0,17,23.0,152.5,1
2025-05-17T23:00:00Z,10.3,0.0,21,157.0,532.1,1
2025-05-18T00:00:00Z,11.1,0.0,33,295.0,623.7,1
2025-05-18T01:00:00Z,11.7,0.0,0,412.0,685.1,1
2025-05-18T02:00:00Z,12.2,0.0,4,488.0,747.3,1
2025-05-18T03:00:00Z,12.8,0.0,5,527.0,834.2,1
2025-05-18T04:00:00Z,13.4,0.0,12,469.0,763.1,1
2025-05-18T05:00:00Z,13.1,0.0,3,382.0,730.5,1
2025-05-18T06:00:00Z,12.6,0.0,20,241.0,604.3,1
2025-05-18T07:00:00Z,11.6,0.0,25,83.0,376.4,1
2025-05-18T08:00:00Z,10.9,0.0,30,2.0,0.0,0
2025-05-18T09:00:00Z,10.3,0.0,17,0.0,0.0,0
2025-05-18T10:00:00Z,9.4,0.0,3,0.0,0.0,0
2025-05-18T11:00:00Z,8.6,0.0,20,0.0,0.0,0
2025-05-18T12:00:00Z,8.1,0.0,14,0.0,0.0,0
2025-05-18T13:00:00Z,6.1,0.0,0,0.0,0.0,0
2025-05-18T14:00:00Z,5.6,0.0,0,0.0,0.0,0
2025-05-18T15:00:00Z,5.3,0.0,0,0.0,0.0,0
2025-05-18T16:00:00Z,4.9,0.0,0,0.0,0.0,0
2025-05-18T17:00:00Z,4.8,0.0,0,0.0,0.0,0
2025-05-18T18:00:00Z,4.5,0.0,0,0.0,0.0,0
2025-05-18T19:00:00Z,4.3,0.0,0,0.0,0.0,0
2025-05-18T20:00:00Z,3.5,0.0,0,0.0,0.0,0
2025-05-18T21:00:00Z,3.0,0.0,0,0.0,0.0,0
2025-05-18T22:00:00Z,2.5,0.0,1,19.0,116.5,1
2025-05-18T23:00:00Z,4.9,0.0,6,140.0,394.8,1
2025-05-19T00:00:00Z,7.5,0.0,14,273.0,502.2,1
2025-05-19T01:00:00Z,10.1,0.0,0,435.0,791.0,1
2025-05-19T02:00:00Z,11.5,0.0,0,513.0,846.5,1
2025-05-19T03:00:00Z,12.3,0.0,0,529.0,854.3,1
2025-05-19T04:00:00Z,12.8,0.0,0,485.0,834.4,1
2025-05-19T05:00:00Z,12.9,0.0,0,389.0,784.4,1
2025-05-19T06:00:00Z,12.7,0.0,0,248.0,680.2,1
2025-05-19T07:00:00Z,11.2,0.0,0,89.0,462.8,1
2025-05-19T08:00:00Z,9.9,0.0,0,2.0,0.0,0
2025-05-19T09:00:00Z,9.6,0.0,0,0.0,0.0,0
2025-05-19T10:00:00Z,8.8,0.0,0,0.0,0.0,0
2025-05-19T11:00:00Z,8.1,0.0,0,0.0,0.0,0
2025-05-19T12:00:00Z,7.7,0.0,0,0.0,0.0,0
2025-05-19T13:00:00Z,6.4,0.0,0,0.0,0.0,0
2025-05-19T14:00:00Z,5.4,0.0,0,0.0,0.0,0
2025-05-19T15:00:00Z,4.4,0.0,0,0.0,0.0,0
2025-05-19T16:00:00Z,3.9,0.0,0,0.0,0.0,0
2025-05-19T17:00:00Z,4.2,0.0,0,0.0,0.0,0
2025-05-19T18:00:00Z,4.1,0.0,0,0.0,0.0,0
2025-05-19T19:00:00Z,3.8,0.0,0,0.0,0.0,0
2025-05-19T20:00:00Z,3.6,0.0,0,0.0,0.0,0
2025-05-19T21:00:00Z,3.8,0.0,0,0.0,0.0,0
2025-05-19T22:00:00Z,5.1,0.0,0,22.0,171.5,1
2025-05-19T23:00:00Z,7.4,0.0,0,162.0,603.3,1
2025-05-20T00:00:00Z,10.1,0.0,0,322.0,765.7,1
2025-05-20T01:00:00Z,13.1,0.0,0,441.0,827.4,1
2025-05-20T02:00:00Z,14.9,0.0,0,513.0,857.5,1
2025-05-20T03:00:00Z,15.9,0.0,0,528.0,861.2,1
2025-05-20T04:00:00Z,16.8,0.0,0,484.0,839.5,1
2025-05-20T05:00:00Z,17.0,0.0,0,386.0,785.0,1
2025-05-20T06:00:00Z,15.7,0.0,0,245.0,679.5,1
2025-05-20T07:00:00Z,13.6,0.0,0,87.0,459.8,1
2025-05-20T08:00:00Z,12.3,0.0,0,1.0,0.0,0
2025-05-20T09:00:00Z,11.3,0.0,0,0.0,0.0,0
2025-05-20T10:00:00Z,10.1,0.0,0,0.0,0.0,0
2025-05-20T11:00:00Z,9.1,0.0,0,0.0,0.0,0
2025-05-20T12:00:00Z,8.1,0.0,0,0.0,0.0,0
2025-05-20T13:00:00Z,5.6,0.0,0,0.0,0.0,0
2025-05-20T14:00:00Z,4.7,0.0,0,0.0,0.0,0
2025-05-20T15:00:00Z,4.1,0.0,0,0.0,0.0,0
2025-05-20T16:00:00Z,3.6,0.0,0,0.0,0.0,0
2025-05-20T17:00:00Z,3.3,0.0,0,0.0,0.0,0
2025-05-20T18:00:00Z,3.1,0.0,12,0.0,0.0,0
2025-05-20T19:00:00Z,2.8,0.0,16,0.0,0.0,0
2025-05-20T20:00:00Z,2.7,0.0,10,0.0,0.0,0
2025-05-20T21:00:00Z,2.7,0.0,2,0.0,0.0,0
2025-05-20T22:00:00Z,3.7,0.0,0,20.0,121.0,1
2025-05-20T23:00:00Z,5.4,0.0,0,147.0,493.6,1
2025-05-21T00:00:00Z,8.2,0.0,1,301.0,681.3,1
2025-05-21T01:00:00Z,10.9,0.0,0,429.0,804.0,1
2025-05-21T02:00:00Z,12.4,0.0,0,503.0,841.1,1
2025-05-21T03:00:00Z,13.2,0.0,0,521.0,852.9,1
2025-05-21T04:00:00Z,13.6,0.0,1,479.0,836.3,1
2025-05-21T05:00:00Z,13.4,0.0,30,381.0,775.6,1
2025-05-21T06:00:00Z,12.8,0.0,21,234.0,617.9,1
2025-05-21T07:00:00Z,11.4,0.0,68,77.0,358.7,1
2025-05-21T08:00:00Z,10.9,0.0,27,1.0,0.0,0
2025-05-21T09:00:00Z,10.8,0.0,27,0.0,0.0,0
2025-05-21T10:00:00Z,10.3,0.0,6,0.0,0.0,0
2025-05-21T11:00:00Z,9.8,0.0,2,0.0,0.0,0
2025-05-21T12:00:00Z,9.3,0.0,0,0.0,0.0,0
2025-05-21T13:00:00Z,8.3,0.0,0,0.0,0.0,0
2025-05-21T14:00:00Z,6.9,0.0,0,0.0,0.0,0
2025-05-21T15:00:00Z,6.7,0.0,10,0.0,0.0,0
2025-05-21T16:00:00Z,6.2,0.0,98,0.0,0.0,0
2025-05-21T17:00:00Z,5.8,0.0,100,0.0,0.0,0
2025-05-21T18:00:00Z,5.8,0.0,98,0.0,0.0,0
2025-05-21T19:00:00Z,5.6,0.0,100,0.0,0.0,0
2025-05-21T20:00:00Z,5.3,0.0,99,0.0,0.0,0
2025-05-21T21:00:00Z,5.4,0.0,100,0.0,0.0,0
2025-05-21T22:00:00Z,5.6,0.0,100,12.0,41.1,1
2025-05-21T23:00:00Z,6.1,0.0,100,77.0,46.9,1
2025-05-22T00:00:00Z,7.2,0.0,72,168.0,91.8,1
2025-05-22T01:00:00Z,10.4,0.0,62,332.0,385.6,1
2025-05-22T02:00:00Z,12.1,0.0,5,436.0,585.0,1
2025-05-22T03:00:00Z,13.4,0.0,63,493.0,779.3,1
2025-05-22T04:00:00Z,14.1,0.0,73,420.0,607.3,1
2025-05-22T05:00:00Z,14.5,0.0,92,290.0,408.9,1
2025-05-22T06:00:00Z,14.8,0.0,100,188.0,342.3,1
2025-05-22T07:00:00Z,15.1,0.0,98,45.0,32.9,1
2025-05-22T08:00:00Z,15.0,0.0,100,1.0,0.0,0
2025-05-22T09:00:00Z,14.8,0.0,100,0.0,0.0,0
2025-05-22T10:00:00Z,14.3,0.0,100,0.0,0.0,0
2025-05-22T11:00:00Z,14.1,0.0,97,0.0,0.0,0
2025-05-22T12:00:00Z,13.9,0.0,98,0.0,0.0,0
2025-05-22T13:00:00Z,12.4,0.0,55,0.0,0.0,0
2025-05-22T14:00:00Z,11.7,0.0,97,0.0,0.0,0
2025-05-22T15:00:00Z,11.1,0.0,97,0.0,0.0,0
2025-05-22T16:00:00Z,10.4,0.0,97,0.0,0.0,0
2025-05-22T17:00:00Z,10.4,0.0,100,0.0,0.0,0
2025-05-22T18:00:00Z,10.9,0.0,100,0.0,0.0,0
2025-05-22T19:00:00Z,11.3,0.0,100,0.0,0.0,0
2025-05-22T20:00:00Z,11.4,0.0,100,0.0,0.0,0
2025-05-22T21:00:00Z,11.2,0.1,100,0.0,0.0,0
2025-05-22T22:00:00Z,11.5,0.1,100,4.0,0.0,1
2025-05-22T23:00:00Z,11.9,0.0,100,41.0,0.0,1
2025-05-23T00:00:00Z,12.6,0.0,100,126.0,23.9,1
2025-05-23T01:00:00Z,13.8,0.7,100,152.0,11.3,1
2025-05-23T02:00:00Z,14.6,0.1,100,224.0,53.3,1
2025-05-23T03:00:00Z,14.7,0.0,87,177.0,82.6,1
2025-05-23T04:00:00Z,15.8,0.0,100,324.0,365.2,1
2025-05-23T05:00:00Z,15.3,0.1,75,179.0,177.1,1
2025-05-23T06:00:00Z,15.1,0.3,94,137.0,218.1,1
2025-05-23T07:00:00Z,14.2,1.3,56,47.0,124.8,1
2025-05-23T08:00:00Z,13.8,0.9,74,1.0,0.0,0
2025-05-23T09:00:00Z,13.9,0.3,75,0.0,0.0,0
2025-05-23T10:00:00Z,13.1,0.0,90,0.0,0.0,0
2025-05-23T11:00:00Z,12.9,0.0,42,0.0,0.0,0
2025-05-23T12:00:00Z,12.8,0.0,10,0.0,0.0,0
2025-05-23T13:00:00Z,13.1,0.0,20,0.0,0.0,0
2025-05-23T14:00:00Z,12.8,0.0,93,0.0,0.0,0
2025-05-23T15:00:00Z,13.1,0.1,96,0.0,0.0,0
2025-05-23T16:00:00Z,13.1,0.1,50,0.0,0.0,0
2025-05-23T17:00:00Z,12.6,0.6,58,0.0,0.0,0
2025-05-23T18:00:00Z,12.3,0.0,90,0.0,0.0,0
2025-05-23T19:00:00Z,11.9,0.0,89,0.0,0.0,0
2025-05-23T20:00:00Z,12.1,0.0,41,0.0,0.0,0
2025-05-23T21:00:00Z,11.8,0.0,35,0.0,0.0,0
2025-05-23T22:00:00Z,11.7,0.0,21,15.0,99.5,1
2025-05-23T23:00:00Z,12.4,0.0,0,134.0,471.9,1
2025-05-24T00:00:00Z,13.6,0.0,0,297.0,725.6,1
2025-05-24T01:00:00Z,14.9,0.0,79,415.0,794.9,1
2025-05-24T02:00:00Z,16.4,0.0,100,476.0,792.2,1
2025-05-24T03:00:00Z,17.4,0.0,88,465.0,681.6,1
2025-05-24T04:00:00Z,18.0,0.0,83,431.0,674.3,1
2025-05-24T05:00:00Z,18.1,0.0,36,341.0,635.0,1
2025-05-24T06:00:00Z,17.2,0.0,99,193.0,399.5,1
2025-05-24T07:00:00Z,16.3,0.0,100,73.0,319.2,1
2025-05-24T08:00:00Z,15.8,0.0,100,1.0,0.0,0
2025-05-24T09:00:00Z,15.3,0.0,81,0.0,0.0,0
2025-05-24T10:00:00Z,14.9,0.0,47,0.0,0.0,0
2025-05-24T11:00:00Z,14.5,0.0,0,0.0,0.0,0
2025-05-24T12:00:00Z,14.1,0.0,0,0.0,0.0,0
2025-05-24T13:00:00Z,14.3,0.0,1,0.0,0.0,0
2025-05-24T14:00:00Z,13.6,0.0,41,0.0,0.0,0
2025-05-24T15:00:00Z,13.2,0.0,63,0.0,0.0,0
2025-05-24T16:00:00Z,12.9,0.0,90,0.0,0.0,0
2025-05-24T17:00:00Z,12.7,0.0,19,0.0,0.0,0
2025-05-24T18:00:00Z,11.7,0.0,0,0.0,0.0,0
2025-05-24T19:00:00Z,10.9,0.0,0,0.0,0.0,0
2025-05-24T20:00:00Z,10.1,0.0,0,0.0,0.0,0
2025-05-24T21:00:00Z,9.6,0.0,0,0.0,0.0,0
2025-05-24T22:00:00Z,9.5,0.0,0,16.0,130.3,1
2025-05-24T23:00:00Z,10.6,0.0,0,143.0,554.5,1
2025-05-25T00:00:00Z,12.2,0.0,0,298.0,728.5,1
2025-05-25T01:00:00Z,14.7,0.0,11,418.0,804.4,1
2025-05-25T02:00:00Z,15.9,0.0,2,464.0,742.6,1
2025-05-25T03:00:00Z,16.9,0.0,12,453.0,679.3,1
2025-05-25T04:00:00Z,17.2,0.0,0,446.0,763.4,1
2025-05-25T05:00:00Z,17.5,0.0,0,361.0,749.9,1
2025-05-25T06:00:00Z,17.1,0.0,0,227.0,650.2,1
2025-05-25T07:00:00Z,16.1,0.0,0,76.0,415.4,1
2025-05-25T08:00:00Z,15.4,0.0,0,1.0,0.0,0
2025-05-25T09:00:00Z,15.2,0.0,0,0.0,0.0,0
2025-05-25T10:00:00Z,15.2,0.0,0,0.0,0.0,0
2025-05-25T11:00:00Z,15.2,0.0,0,0.0,0.0,0
2025-05-25T12:00:00Z,15.0,0.0,0,0.0,0.0,0
2025-05-25T13:00:00Z,14.8,0.0,0,0.0,0.0,0
2025-05-25T14:00:00Z,14.7,0.0,0,0.0,0.0,0
2025-05-25T15:00:00Z,14.7,0.0,5,0.0,0.0,0
2025-05-25T16:00:00Z,14.6,0.0,20,0.0,0.0,0
2025-05-25T17:00:00Z,14.4,0.0,14,0.0,0.0,0
2025-05-25T18:00:00Z,14.0,0.0,20,0.0,0.0,0
2025-05-25T19:00:00Z,13.6,0.0,20,0.0,0.0,0
2025-05-25T20:00:00Z,13.1,0.0,10,0.0,0.0,0
2025-05-25T21:00:00Z,12.9,0.0,3,0.0,0.0,0
2025-05-25T22:00:00Z,13.1,0.0,0,15.0,117.9,1
2025-05-25T23:00:00Z,13.9,0.0,0,137.0,540.0,1
2025-05-26T00:00:00Z,14.8,0.0,0,286.0,697.5,1
2025-05-26T01:00:00Z,17.3,0.0,0,406.0,784.0,1
2025-05-26T02:00:00Z,18.5,0.0,0,478.0,820.8,1
2025-05-26T03:00:00Z,19.0,0.0,0,497.0,834.9,1
2025-05-26T04:00:00Z,19.4,0.1,70,451.0,802.9,1
2025-05-26T05:00:00Z,19.8,0.0,27,291.0,520.6,1
2025-05-26T06:00:00Z,18.9,0.0,14,194.0,502.5,1
2025-05-26T07:00:00Z,18.6,0.0,35,68.0,342.1,1
2025-05-26T08:00:00Z,17.8,0.1,100,1.0,0.0,0
2025-05-26T09:00:00Z,17.3,0.0,100,0.0,0.0,0
2025-05-26T10:00:00Z,13.1,0.3,44,0.0,0.0,0
2025-05-26T11:00:00Z,13.1,0.0,45,0.0,0.0,0
2025-05-26T12:00:00Z,12.6,0.0,41,0.0,0.0,0
2025-05-26T13:00:00Z,12.2,0.0,18,0.0,0.0,0
2025-05-26T14:00:00Z,11.4,0.0,16,0.0,0.0,0
2025-05-26T15:00:00Z,10.9,0.0,13,0.0,0.0,0
2025-05-26T16:00:00Z,10.5,0.0,27,0.0,0.0,0
2025-05-26T17:00:00Z,10.1,0.0,38,0.0,0.0,0
2025-05-26T18:00:00Z,9.6,0.0,28,0.0,0.0,0
2025-05-26T19:00:00Z,8.9,0.0,42,0.0,0.0,0
2025-05-26T20:00:00Z,8.8,0.0,28,0.0,0.0,0
2025-05-26T21:00:00Z,9.4,0.0,17,0.0,0.0,0
2025-05-26T22:00:00Z,9.6,0.0,7,14.0,105.1,1
2025-05-26T23:00:00Z,10.9,0.0,100,130.0,496.9,1
2025-05-27T00:00:00Z,11.8,0.0,40,226.0,345.3,1
2025-05-27T01:00:00Z,12.8,0.0,34,242.0,222.0,1
2025-05-27T02:00:00Z,12.8,1.1,91,367.0,470.0,1
2025-05-27T03:00:00Z,13.1,0.0,100,245.0,209.7,1
2025-05-27T04:00:00Z,13.9,0.1,91,167.0,63.2,1
2025-05-27T05:00:00Z,13.9,0.5,90,127.0,61.3,1
2025-05-27T06:00:00Z,12.9,0.1,100,87.0,82.5,1
2025-05-27T07:00:00Z,13.1,0.3,78,31.0,86.3,1
2025-05-27T08:00:00Z,13.1,0.1,39,0.0,0.0,0
2025-05-27T09:00:00Z,13.0,0.0,88,0.0,0.0,0
2025-05-27T10:00:00Z,12.6,0.1,79,0.0,0.0,0
2025-05-27T11:00:00Z,12.6,0.2,100,0.0,0.0,0
2025-05-27T12:00:00Z,12.4,0.3,74,0.0,0.0,0
2025-05-27T13:00:00Z,12.1,0.7,65,0.0,0.0,0
2025-05-27T14:00:00Z,11.9,0.0,79,0.0,0.0,0
2025-05-27T15:00:00Z,11.8,0.0,86,0.0,0.0,0
2025-05-27T16:00:00Z,11.8,0.0,100,0.0,0.0,0
2025-05-27T17:00:00Z,11.5,0.0,100,0.0,0.0,0
2025-05-27T18:00:00Z,11.4,0.0,100,0.0,0.0,0
2025-05-27T19:00:00Z,11.5,0.0,100,0.0,0.0,0
2025-05-27T20:00:00Z,11.6,0.0,99,0.0,0.0,0
2025-05-27T21:00:00Z,11.8,0.0,99,0.0,0.0,0
2025-05-27T22:00:00Z,11.6,0.0,100,5.0,0.0,1
2025-05-27T23:00:00Z,11.9,0.0,100,48.0,45.3,1
2025-05-28T00:00:00Z,12.2,0.1,100,102.0,21.7,1
2025-05-28T01:00:00Z,13.4,0.1,76,223.0,144.2,1
2025-05-28T02:00:00Z,14.3,0.0,100,236.0,101.4,1
2025-05-28T03:00:00Z,14.2,0.1,100,275.0,256.0,1
2025-05-28T04:00:00Z,13.9,0.1,100,206.0,63.5,1
2025-05-28T05:00:00Z,13.6,0.1,100,161.0,71.9,1
2025-05-28T06:00:00Z,13.6,0.3,100,91.0,52.9,1
2025-05-28T07:00:00Z,13.1,0.2,65,32.0,43.5,1
2025-05-28T08:00:00Z,12.9,0.4,48,0.0,0.0,0
2025-05-28T09:00:00Z,13.1,0.1,63,0.0,0.0,0
2025-05-28T10:00:00Z,13.1,0.1,100,0.0,0.0,0
2025-05-28T11:00:00Z,13.2,0.1,99,0.0,0.0,0
2025-05-28T12:00:00Z,13.4,0.1,100,0.0,0.0,0
2025-05-28T13:00:00Z,12.6,0.3,100,0.0,0.0,0
2025-05-28T14:00:00Z,12.8,0.1,100,0.0,0.0,0
2025-05-28T15:00:00Z,13.0,0.1,100,0.0,0.0,0
2025-05-28T16:00:00Z,13.0,0.0,100,0.0,0.0,0
2025-05-28T17:00:00Z,12.9,0.1,100,0.0,0.0,0
2025-05-28T18:00:00Z,12.6,0.1,71,0.0,0.0,0
2025-05-28T19:00:00Z,12.4,0.0,100,0.0,0.0,0
2025-05-28T20:00:00Z,12.4,0.0,100,0.0,0.0,0
2025-05-28T21:00:00Z,11.7,0.0,100,0.0,0.0,0
2025-05-28T22:00:00Z,11.4,0.0,91,9.0,31.1,1
2025-05-28T23:00:00Z,11.9,0.0,97,82.0,91.7,1
2025-05-29T00:00:00Z,13.0,0.0,53,190.0,184.6,1
2025-05-29T01:00:00Z,14.6,0.0,78,362.0,575.4,1
2025-05-29T02:00:00Z,15.1,0.0,86,431.0,637.5,1
2025-05-29T03:00:00Z,15.5,0.0,83,429.0,599.4,1
2025-05-29T04:00:00Z,15.7,0.0,19,402.0,631.5,1
2025-05-29T05:00:00Z,15.4,0.0,4,348.0,714.7,1
2025-05-29T06:00:00Z,14.7,0.0,0,221.0,642.4,1
2025-05-29T07:00:00Z,13.8,0.0,10,71.0,403.0,1
2025-05-29T08:00:00Z,13.1,0.0,3,0.0,0.0,0
2025-05-29T09:00:00Z,12.6,0.0,4,0.0,0.0,0
2025-05-29T10:00:00Z,12.5,0.0,30,0.0,0.0,0
2025-05-29T11:00:00Z,12.6,0.0,100,0.0,0.0,0
2025-05-29T12:00:00Z,12.9,0.0,100,0.0,0.0,0
2025-05-29T13:00:00Z,11.6,0.0,48,0.0,0.0,0
2025-05-29T14:00:00Z,11.0,0.0,38,0.0,0.0,0
2025-05-29T15:00:00Z,9.9,0.0,25,0.0,0.0,0
2025-05-29T16:00:00Z,9.2,0.0,52,0.0,0.0,0
2025-05-29T17:00:00Z,9.1,0.0,100,0.0,0.0,0
2025-05-29T18:00:00Z,9.4,0.0,100,0.0,0.0,0
2025-05-29T19:00:00Z,9.4,0.0,100,0.0,0.0,0
2025-05-29T20:00:00Z,9.6,0.0,100,0.0,0.0,0
2025-05-29T21:00:00Z,10.1,0.0,100,0.0,0.0,0
2025-05-29T22:00:00Z,10.6,0.0,100,7.0,0.0,1
2025-05-29T23:00:00Z,11.4,0.0,92,72.0,69.7,1
2025-05-30T00:00:00Z,12.4,0.0,45,180.0,245.9,1
2025-05-30T01:00:00Z,13.5,0.0,89,288.0,242.3,1
2025-05-30T02:00:00Z,14.4,0.0,89,356.0,325.4,1
2025-05-30T03:00:00Z,14.9,0.0,79,384.0,417.2,1
2025-05-30T04:00:00Z,15.0,0.0,67,369.0,501.9,1
2025-05-30T05:00:00Z,14.9,0.0,89,267.0,326.7,1
2025-05-30T06:00:00Z,14.6,0.0,46,180.0,378.7,1
2025-05-30T07:00:00Z,13.7,0.0,3,63.0,308.9,1
2025-05-30T08:00:00Z,12.8,0.0,5,0.0,0.0,0
2025-05-30T09:00:00Z,12.3,0.0,41,0.0,0.0,0
2025-05-30T10:00:00Z,12.1,0.0,100,0.0,0.0,0
2025-05-30T11:00:00Z,12.5,0.0,100,0.0,0.0,0
2025-05-30T12:00:00Z,12.4,0.0,100,0.0,0.0,0
2025-05-30T13:00:00Z,12.1,0.0,83,0.0,0.0,0
2025-05-30T14:00:00Z,11.6,0.0,55,0.0,0.0,0
2025-05-30T15:00:00Z,11.1,0.0,42,0.0,0.0,0
2025-05-30T16:00:00Z,10.4,0.0,33,0.0,0.0,0
2025-05-30T17:00:00Z,9.6,0.0,50,0.0,0.0,0
2025-05-30T18:00:00Z,9.4,0.0,99,0.0,0.0,0
2025-05-30T19:00:00Z,9.4,0.0,97,0.0,0.0,0
2025-05-30T20:00:00Z,8.9,0.0,100,0.0,0.0,0
2025-05-30T21:00:00Z,8.7,0.0,86,0.0,0.0,0
2025-05-30T22:00:00Z,8.8,0.0,56,10.0,32.3,1
2025-05-30T23:00:00Z,9.9,0.0,95,98.0,223.5,1
2025-05-31T00:00:00Z,11.5,0.0,37,231.0,406.4,1
2025-05-31T01:00:00Z,13.1,0.0,44,348.0,558.1,1
2025-05-31T02:00:00Z,13.9,0.0,38,392.0,511.9,1
2025-05-31T03:00:00Z,14.7,0.0,46,451.0,674.4,1
2025-05-31T04:00:00Z,14.9,0.0,0,418.0,682.0,1
2025-05-31T05:00:00Z,14.9,0.0,1,347.0,724.1,1
2025-05-31T06:00:00Z,14.4,0.0,1,217.0,631.0,1
2025-05-31T07:00:00Z,12.8,0.0,1,69.0,399.8,1
2025-05-31T08:00:00Z,11.6,0.0,1,0.0,0.0,0
2025-05-31T09:00:00Z,10.7,0.0,0,0.0,0.0,0
2025-05-31T10:00:00Z,10.1,0.0,0,0.0,0.0,0
2025-05-31T11:00:00Z,9.4,0.0,0,0.0,0.0,0
2025-05-31T12:00:00Z,8.9,0.0,0,0.0,0.0,0
2025-05-31T13:00:00Z,7.5,0.0,4,0.0,0.0,0
2025-05-31T14:00:00Z,7.2,0.0,68,0.0,0.0,0
2025-05-31T15:00:00Z,6.8,0.0,100,0.0,0.0,0
2025-05-31T16:00:00Z,6.6,0.0,100,0.0,0.0,0
2025-05-31T17:00:00Z,6.9,0.0,88,0.0,0.0,0
2025-05-31T18:00:00Z,7.4,0.0,100,0.0,0.0,0
2025-05-31T19:00:00Z,8.0,0.0,100,0.0,0.0,0
2025-05-31T20:00:00Z,8.4,0.0,9,0.0,0.0,0
2025-05-31T21:00:00Z,8.6,0.0,0,0.0,0.0,0
2025-05-31T22:00:00Z,8.9,0.0,0,12.0,98.5,1
2025-05-31T23:00:00Z,10.6,0.0,0,131.0,554.1,1
2025-06-01T00:00:00Z,12.4,0.0,47,283.0,729.0,1
2025-06-01T01:00:00Z,14.8,0.0,69,400.0,786.8,1
2025-06-01T02:00:00Z,15.9,0.0,86,459.0,755.8,1
2025-06-01T03:00:00Z,16.6,0.0,91,464.0,703.2,1
2025-06-01T04:00:00Z,17.1,0.0,100,415.0,618.0,1
2025-06-01T05:00:00Z,17.0,0.0,99,332.0,604.3,1
2025-06-01T06:00:00Z,16.1,0.0,99,174.0,259.2,1
2025-06-01T07:00:00Z,14.8,0.0,100,51.0,98.4,1
2025-06-01T08:00:00Z,13.8,0.0,100,0.0,0.0,0
2025-06-01T09:00:00Z,13.4,0.0,100,0.0,0.0,0
2025-06-01T10:00:00Z,12.9,0.0,100,0.0,0.0,0
2025-06-01T11:00:00Z,12.4,0.0,100,0.0,0.0,0
2025-06-01T12:00:00Z,11.9,0.0,98,0.0,0.0,0
2025-06-01T13:00:00Z,11.1,0.0,98,0.0,0.0,0
2025-06-01T14:00:00Z,11.0,0.0,100,0.0,0.0,0
2025-06-01T15:00:00Z,10.9,0.0,100,0.0,0.0,0
2025-06-01T16:00:00Z,10.7,0.0,100,0.0,0.0,0
2025-06-01T17:00:00Z,10.6,0.0,100,0.0,0.0,0
2025-06-01T18:00:00Z,10.6,0.0,100,0.0,0.0,0
2025-06-01T19:00:00Z,10.4,0.0,99,0.0,0.0,0
2025-06-01T20:00:00Z,10.3,0.0,100,0.0,0.0,0
2025-06-01T21:00:00Z,10.3,0.0,98,0.0,0.0,0
2025-06-01T22:00:00Z,10.4,0.0,94,9.0,33.4,1
2025-06-01T23:00:00Z,11.5,0.0,100,116.0,410.3,1
2025-06-02T00:00:00Z,13.1,0.0,99,247.0,505.5,1
2025-06-02T01:00:00Z,15.1,0.0,100,372.0,669.0,1
2025-06-02T02:00:00Z,16.4,0.0,100,424.0,609.7,1
2025-06-02T03:00:00Z,17.3,0.0,100,434.0,589.3,1
2025-06-02T04:00:00Z,17.9,0.0,100,385.0,514.5,1
2025-06-02T05:00:00Z,17.8,0.0,100,281.0,352.0,1
2025-06-02T06:00:00Z,16.9,0.0,100,180.0,338.4,1
2025-06-02T07:00:00Z,15.1,0.0,100,54.0,134.9,1
2025-06-02T08:00:00Z,14.1,0.0,100,0.0,0.0,0
2025-06-02T09:00:00Z,13.2,0.0,100,0.0,0.0,0
2025-06-02T10:00:00Z,12.6,0.0,100,0.0,0.0,0
2025-06-02T11:00:00Z,12.2,0.0,99,0.0,0.0,0
2025-06-02T12:00:00Z,11.9,0.0,81,0.0,0.0,0
2025-06-02T13:00:00Z,11.9,0.0,26,0.0,0.0,0
2025-06-02T14:00:00Z,11.6,0.0,11,0.0,0.0,0
2025-06-02T15:00:00Z,11.4,0.0,1,0.0,0.0,0
2025-06-02T16:00:00Z,11.1,0.0,33,0.0,0.0,0
2025-06-02T17:00:00Z,11.2,0.0,100,0.0,0.0,0
2025-06-02T18:00:00Z,11.4,0.0,100,0.0,0.0,0
2025-06-02T19:00:00Z,10.7,0.1,100,0.0,0.0,0
2025-06-02T20:00:00Z,10.6,0.2,100,0.0,0.0,0
2025-06-02T21:00:00Z,10.9,0.4,100,0.0,0.0,0
2025-06-02T22:00:00Z,11.4,1.0,100,1.0,0.0,1
2025-06-02T23:00:00Z,11.3,1.4,100,20.0,0.0,1
2025-06-03T00:00:00Z,11.4,0.9,100,59.0,0.0,1
2025-06-03T01:00:00Z,12.2,0.1,47,249.0,372.2,1
2025-06-03T02:00:00Z,12.3,0.1,41,310.0,381.1,1
2025-06-03T03:00:00Z,12.9,0.1,35,381.0,537.0,1
2025-06-03T04:00:00Z,11.9,0.1,45,330.0,490.3,1
2025-06-03T05:00:00Z,11.6,0.0,49,249.0,419.3,1
2025-06-03T06:00:00Z,10.9,0.3,54,119.0,187.6,1
2025-06-03T07:00:00Z,11.0,0.1,42,49.0,226.1,1
2025-06-03T08:00:00Z,10.9,0.0,30,0.0,0.0,0
2025-06-03T09:00:00Z,10.7,0.0,32,0.0,0.0,0
2025-06-03T10:00:00Z,10.7,0.0,18,0.0,0.0,0
2025-06-03T11:00:00Z,10.7,0.0,28,0.0,0.0,0
2025-06-03T12:00:00Z,9.4,0.0,56,0.0,0.0,0
2025-06-03T13:00:00Z,9.4,0.0,65,0.0,0.0,0
2025-06-03T14:00:00Z,9.1,0.2,77,0.0,0.0,0
2025-06-03T15:00:00Z,9.1,0.0,71,0.0,0.0,0
2025-06-03T16:00:00Z,9.6,0.1,39,0.0,0.0,0
2025-06-03T17:00:00Z,9.2,0.2,40,0.0,0.0,0
2025-06-03T18:00:00Z,9.6,0.0,24,0.0,0.0,0
2025-06-03T19:00:00Z,10.2,0.0,26,0.0,0.0,0
2025-06-03T20:00:00Z,10.1,0.0,21,0.0,0.0,0
2025-06-03T21:00:00Z,10.1,0.0,26,0.0,0.0,0
2025-06-03T22:00:00Z,10.4,0.0,38,8.0,52.0,1
2025-06-03T23:00:00Z,11.0,0.0,29,104.0,389.7,1
2025-06-04T00:00:00Z,11.7,0.0,56,236.0,535.1,1
2025-06-04T01:00:00Z,11.9,0.0,72,299.0,431.9,1
2025-06-04T02:00:00Z,12.0,0.0,92,281.0,225.8,1
2025-06-04T03:00:00Z,12.1,0.0,94,300.0,289.7,1
2025-06-04T04:00:00Z,12.4,0.0,64,281.0,289.6,1
2025-06-04T05:00:00Z,12.1,0.0,78,188.0,217.0,1
2025-06-04T06:00:00Z,12.1,0.0,100,121.0,121.7,1
2025-06-04T07:00:00Z,11.7,0.0,100,34.0,100.0,1
2025-06-04T08:00:00Z,11.4,0.0,85,0.0,0.0,0
2025-06-04T09:00:00Z,10.9,0.0,39,0.0,0.0,0
2025-06-04T10:00:00Z,10.3,0.0,24,0.0,0.0,0
2025-06-04T11:00:00Z,9.6,0.0,25,0.0,0.0,0
2025-06-04T12:00:00Z,8.8,0.0,30,0.0,0.0,0
2025-06-04T13:00:00Z,7.0,0.0,61,0.0,0.0,0
2025-06-04T14:00:00Z,6.1,0.0,15,0.0,0.0,0
2025-06-04T15:00:00Z,5.3,0.0,42,0.0,0.0,0
2025-06-04T16:00:00Z,5.9,0.0,63,0.0,0.0,0
2025-06-04T17:00:00Z,5.4,0.0,13,0.0,0.0,0
2025-06-04T18:00:00Z,5.1,0.0,78,0.0,0.0,0
2025-06-04T19:00:00Z,4.8,0.0,14,0.0,0.0,0
2025-06-04T20:00:00Z,4.2,0.0,3,0.0,0.0,0
2025-06-04T21:00:00Z,3.9,0.0,0,0.0,0.0,0
2025-06-04T22:00:00Z,4.1,0.0,1,9.0,70.5,1
2025-06-04T23:00:00Z,5.9,0.0,1,119.0,500.9,1
2025-06-05T00:00:00Z,8.4,0.0,0,268.0,683.1,1
2025-06-05T01:00:00Z,11.4,0.0,23,389.0,787.8,1
2025-06-05T02:00:00Z,12.6,0.0,10,458.0,805.9,1
2025-06-05T03:00:00Z,13.2,0.0,6,479.0,829.4,1
2025-06-05T04:00:00Z,13.8,0.0,53,439.0,810.3,1
2025-06-05T05:00:00Z,14.1,0.0,100,343.0,727.7,1
2025-06-05T06:00:00Z,13.6,0.0,100,165.0,236.6,1
2025-06-05T07:00:00Z,12.3,0.0,98,46.0,63.9,1
2025-06-05T08:00:00Z,11.1,0.0,13,0.0,0.0,0
2025-06-05T09:00:00Z,9.8,0.0,100,0.0,0.0,0
2025-06-05T10:00:00Z,9.4,0.0,82,0.0,0.0,0
2025-06-05T11:00:00Z,9.1,0.0,100,0.0,0.0,0
2025-06-05T12:00:00Z,9.2,0.0,100,0.0,0.0,0
2025-06-05T13:00:00Z,9.4,0.0,63,0.0,0.0,0
2025-06-05T14:00:00Z,9.4,0.0,100,0.0,0.0,0
2025-06-05T15:00:00Z,9.8,0.0,100,0.0,0.0,0
2025-06-05T16:00:00Z,9.8,0.0,100,0.0,0.0,0
2025-06-05T17:00:00Z,9.6,0.0,99,0.0,0.0,0
2025-06-05T18:00:00Z,9.4,0.0,100,0.0,0.0,0
2025-06-05T19:00:00Z,9.4,0.0,100,0.0,0.0,0
2025-06-05T20:00:00Z,9.6,0.0,100,0.0,0.0,0
2025-06-05T21:00:00Z,9.6,0.0,92,0.0,0.0,0
2025-06-05T22:00:00Z,9.4,0.0,100,6.0,17.9,1
2025-06-05T23:00:00Z,9.9,0.0,99,38.0,57.0,1
2025-06-06T00:00:00Z,10.7,0.0,99,137.0,119.0,1
2025-06-06T01:00:00Z,11.4,0.1,100,175.0,48.7,1
2025-06-06T02:00:00Z,11.1,0.5,100,198.0,33.7,1
2025-06-06T03:00:00Z,11.8,0.8,100,134.0,0.0,1
2025-06-06T04:00:00Z,12.4,0.0,100,139.0,21.9,1
2025-06-06T05:00:00Z,12.8,0.2,99,163.0,45.3,1
2025-06-06T06:00:00Z,11.9,0.7,98,110.0,91.0,1
2025-06-06T07:00:00Z,12.5,0.0,94,26.0,36.7,1
2025-06-06T08:00:00Z,12.6,0.0,95,0.0,0.0,0
2025-06-06T09:00:00Z,11.9,0.5,51,0.0,0.0,0
2025-06-06T10:00:00Z,11.8,0.0,100,0.0,0.0,0
2025-06-06T11:00:00Z,11.4,0.0,89,0.0,0.0,0
2025-06-06T12:00:00Z,11.1,0.0,42,0.0,0.0,0
2025-06-06T13:00:00Z,10.4,0.0,60,0.0,0.0,0
2025-06-06T14:00:00Z,10.4,0.0,93,0.0,0.0,0
2025-06-06T15:00:00Z,10.8,0.0,95,0.0,0.0,0
2025-06-06T16:00:00Z,10.5,0.1,89,0.0,0.0,0
2025-06-06T17:00:00Z,10.0,0.8,100,0.0,0.0,0
2025-06-06T18:00:00Z,10.2,0.0,73,0.0,0.0,0
2025-06-06T19:00:00Z,10.4,0.0,98,0.0,0.0,0
2025-06-06T20:00:00Z,10.1,0.0,100,0.0,0.0,0
2025-06-06T21:00:00Z,10.1,0.0,100,0.0,0.0,0
2025-06-06T22:00:00Z,10.3,0.0,100,4.0,0.0,1
2025-06-06T23:00:00Z,10.3,3.9,100,43.0,32.0,1
2025-06-07T00:00:00Z,10.8,0.0,100,55.0,0.0,1
2025-06-07T01:00:00Z,10.4,0.1,98,36.0,0.0,1
2025-06-07T02:00:00Z,12.4,0.0,61,317.0,355.1,1
2025-06-07T03:00:00Z,13.4,0.0,43,347.0,452.1,1
2025-06-07T04:00:00Z,13.9,0.0,100,309.0,479.0,1
2025-06-07T05:00:00Z,13.3,0.0,100,251.0,288.6,1
2025-06-07T06:00:00Z,12.8,0.0,100,105.0,51.6,1
2025-06-07T07:00:00Z,10.9,0.6,100,20.0,0.0,1
2025-06-07T08:00:00Z,10.6,0.3,100,0.0,0.0,0
2025-06-07T09:00:00Z,9.6,0.6,100,0.0,0.0,0
2025-06-07T10:00:00Z,9.5,0.5,100,0.0,0.0,0
2025-06-07T11:00:00Z,8.8,0.2,99,0.0,0.0,0
2025-06-07T12:00:00Z,8.9,0.1,44,0.0,0.0,0
2025-06-07T13:00:00Z,9.1,0.2,67,0.0,0.0,0
2025-06-07T14:00:00Z,8.4,0.3,100,0.0,0.0,0
2025-06-07T15:00:00Z,8.1,0.6,98,0.0,0.0,0
2025-06-07T16:00:00Z,8.4,0.2,96,0.0,0.0,0
2025-06-07T17:00:00Z,7.9,0.1,64,0.0,0.0,0
2025-06-07T18:00:00Z,7.7,0.4,97,0.0,0.0,0
2025-06-07T19:00:00Z,7.6,0.4,100,0.0,0.0,0
2025-06-07T20:00:00Z,7.8,0.1,100,0.0,0.0,0
2025-06-07T21:00:00Z,8.3,0.4,100,0.0,0.0,0
2025-06-07T22:00:00Z,8.1,0.8,100,2.0,0.0,1
2025-06-07T23:00:00Z,8.3,0.3,100,20.0,0.0,1
2025-06-08T00:00:00Z,8.3,1.4,100,33.0,0.0,1
2025-06-08T01:00:00Z,9.9,0.1,97,193.0,139.9,1
2025-06-08T02:00:00Z,10.6,0.0,100,225.0,114.5,1
2025-06-08T03:00:00Z,11.1,0.0,87,299.0,238.0,1
2025-06-08T04:00:00Z,10.2,0.2,64,225.0,154.2,1
2025-06-08T05:00:00Z,10.6,0.2,88,218.0,305.4,1
2025-06-08T06:00:00Z,10.4,0.2,100,178.0,438.3,1
2025-06-08T07:00:00Z,9.8,0.3,100,31.0,37.0,1
2025-06-08T08:00:00Z,9.8,0.5,100,0.0,0.0,0
2025-06-08T09:00:00Z,9.8,0.3,100,0.0,0.0,0
2025-06-08T10:00:00Z,9.6,0.1,99,0.0,0.0,0
2025-06-08T11:00:00Z,9.6,0.0,99,0.0,0.0,0
2025-06-08T12:00:00Z,9.3,0.2,99,0.0,0.0,0
2025-06-08T13:00:00Z,9.4,3.2,95,0.0,0.0,0
2025-06-08T14:00:00Z,9.4,0.3,93,0.0,0.0,0
2025-06-08T15:00:00Z,8.5,0.0,49,0.0,0.0,0
2025-06-08T16:00:00Z,8.4,0.0,86,0.0,0.0,0
2025-06-08T17:00:00Z,8.9,0.9,93,0.0,0.0,0
2025-06-08T18:00:00Z,9.1,0.6,81,0.0,0.0,0
2025-06-08T19:00:00Z,9.1,0.3,100,0.0,0.0,0
2025-06-08T20:00:00Z,9.6,0.3,100,0.0,0.0,0
2025-06-08T21:00:00Z,9.6,0.1,96,0.0,0.0,0
2025-06-08T22:00:00Z,9.6,0.2,100,4.0,18.8,1
2025-06-08T23:00:00Z,10.1,0.6,100,41.0,13.1,1
2025-06-09T00:00:00Z,11.1,0.3,97,88.0,33.6,1
2025-06-09T01:00:00Z,11.1,0.8,100,72.0,0.0,1
2025-06-09T02:00:00Z,10.7,1.8,100,42.0,0.0,1
2025-06-09T03:00:00Z,11.6,0.2,54,108.0,0.0,1
2025-06-09T04:00:00Z,12.1,0.4,89,243.0,236.3,1
2025-06-09T05:00:00Z,12.2,0.3,73,249.0,373.3,1
2025-06-09T06:00:00Z,12.2,0.0,43,159.0,371.6,1
2025-06-09T07:00:00Z,11.8,0.0,22,54.0,287.3,1
2025-06-09T08:00:00Z,11.3,0.0,30,0.0,0.0,0
2025-06-09T09:00:00Z,10.6,0.0,44,0.0,0.0,0
2025-06-09T10:00:00Z,10.4,0.1,93,0.0,0.0,0
2025-06-09T11:00:00Z,9.6,0.3,95,0.0,0.0,0
2025-06-09T12:00:00Z,9.9,0.3,99,0.0,0.0,0
2025-06-09T13:00:00Z,10.4,0.4,69,0.0,0.0,0
2025-06-09T14:00:00Z,10.2,0.1,56,0.0,0.0,0
2025-06-09T15:00:00Z,9.4,0.3,50,0.0,0.0,0
2025-06-09T16:00:00Z,8.5,0.1,74,0.0,0.0,0
2025-06-09T17:00:00Z,9.3,0.2,100,0.0,0.0,0
2025-06-09T18:00:00Z,9.2,0.2,57,0.0,0.0,0
2025-06-09T19:00:00Z,8.1,0.1,90,0.0,0.0,0
2025-06-09T20:00:00Z,8.4,0.0,50,0.0,0.0,0
2025-06-09T21:00:00Z,8.4,0.0,29,0.0,0.0,0
2025-06-09T22:00:00Z,7.9,0.0,30,6.0,38.2,1
2025-06-09T23:00:00Z,8.6,0.0,13,99.0,403.7,1
2025-06-10T00:00:00Z,10.0,0.0,26,245.0,618.4,1
2025-06-10T01:00:00Z,11.6,0.0,19,341.0,643.1,1
2025-06-10T02:00:00Z,12.6,0.1,32,409.0,697.6,1
2025-06-10T03:00:00Z,12.4,0.1,45,404.0,628.9,1
2025-06-10T04:00:00Z,12.6,0.0,9,337.0,526.7,1
2025-06-10T05:00:00Z,12.3,0.1,44,318.0,651.3,1
2025-06-10T06:00:00Z,11.8,0.1,44,170.0,444.5,1
2025-06-10T07:00:00Z,10.5,0.0,15,54.0,278.7,1
2025-06-10T08:00:00Z,9.8,0.0,9,0.0,0.0,0
2025-06-10T09:00:00Z,9.4,0.0,92,0.0,0.0,0
2025-06-10T10:00:00Z,9.1,0.0,98,0.0,0.0,0
2025-06-10T11:00:00Z,9.2,0.0,55,0.0,0.0,0
2025-06-10T12:00:00Z,8.6,0.0,16,0.0,0.0,0
2025-06-10T13:00:00Z,8.6,0.0,36,0.0,0.0,0
2025-06-10T14:00:00Z,7.8,0.0,11,0.0,0.0,0
2025-06-10T15:00:00Z,7.2,0.0,20,0.0,0.0,0
2025-06-10T16:00:00Z,6.7,0.0,13,0.0,0.0,0
2025-06-10T17:00:00Z,6.3,0.0,20,0.0,0.0,0
2025-06-10T18:00:00Z,6.1,0.0,20,0.0,0.0,0
2025-06-10T19:00:00Z,5.7,0.0,8,0.0,0.0,0
2025-06-10T20:00:00Z,5.3,0.0,7,0.0,0.0,0
2025-06-10T21:00:00Z,5.3,0.0,2,0.0,0.0,0
2025-06-10T22:00:00Z,5.6,0.0,0,6.0,38.8,1
2025-06-10T23:00:00Z,7.0,0.0,0,107.0,481.3,1
2025-06-11T00:00:00Z,8.9,0.0,2,250.0,665.6,1
2025-06-11T01:00:00Z,11.0,0.0,0,368.0,754.5,1
2025-06-11T02:00:00Z,12.2,0.0,17,438.0,785.0,1
2025-06-11T03:00:00Z,13.1,0.0,15,442.0,746.0,1
2025-06-11T04:00:00Z,13.4,0.0,18,397.0,698.6,1
2025-06-11T05:00:00Z,13.4,0.0,16,307.0,630.9,1
2025-06-11T06:00:00Z,12.9,0.0,9,187.0,525.7,1
2025-06-11T07:00:00Z,11.1,0.0,7,57.0,325.9,1
2025-06-11T08:00:00Z,10.2,0.0,12,0.0,0.0,0
2025-06-11T09:00:00Z,9.5,0.0,44,0.0,0.0,0
2025-06-11T10:00:00Z,9.2,0.0,45,0.0,0.0,0
2025-06-11T11:00:00Z,8.7,0.0,94,0.0,0.0,0
2025-06-11T12:00:00Z,8.2,0.0,3,0.0,0.0,0
2025-06-11T13:00:00Z,7.6,0.0,22,0.0,0.0,0
2025-06-11T14:00:00Z,6.8,0.0,33,0.0,0.0,0
2025-06-11T15:00:00Z,6.2,0.0,44,0.0,0.0,0
2025-06-11T16:00:00Z,6.2,0.0,29,0.0,0.0,0
2025-06-11T17:00:00Z,6.3,0.0,5,0.0,0.0,0
2025-06-11T18:00:00Z,6.2,0.0,3,0.0,0.0,0
2025-06-11T19:00:00Z,5.8,0.0,2,0.0,0.0,0
2025-06-11T20:00:00Z,5.7,0.0,6,0.0,0.0,0
2025-06-11T21:00:00Z,5.6,0.0,6,0.0,0.0,0
2025-06-11T22:00:00Z,5.7,0.0,3,6.0,39.3,1
2025-06-11T23:00:00Z,7.0,0.0,1,106.0,479.1,1
2025-06-12T00:00:00Z,8.8,0.0,1,249.0,658.5,1
2025-06-12T01:00:00Z,11.0,0.0,0,368.0,759.4,1
2025-06-12T02:00:00Z,12.5,0.0,3,438.0,797.7,1
2025-06-12T03:00:00Z,13.2,0.1,18,430.0,720.6,1
2025-06-12T04:00:00Z,13.4,0.1,10,382.0,668.7,1
2025-06-12T05:00:00Z,13.4,0.0,8,314.0,667.1,1
2025-06-12T06:00:00Z,12.9,0.0,5,196.0,578.8,1
2025-06-12T07:00:00Z,10.9,0.0,3,59.0,345.0,1
2025-06-12T08:00:00Z,10.0,0.0,6,0.0,0.0,0
2025-06-12T09:00:00Z,9.3,0.0,9,0.0,0.0,0
2025-06-12T10:00:00Z,8.3,0.0,12,0.0,0.0,0
2025-06-12T11:00:00Z,7.0,0.0,16,0.0,0.0,0
2025-06-12T12:00:00Z,6.3,0.0,4,0.0,0.0,0
2025-06-12T13:00:00Z,5.8,0.0,1,0.0,0.0,0
2025-06-12T14:00:00Z,5.2,0.0,0,0.0,0.0,0
2025-06-12T15:00:00Z,4.6,0.0,0,0.0,0.0,0
2025-06-12T16:00:00Z,4.2,0.0,0,0.0,0.0,0
2025-06-12T17:00:00Z,3.8,0.0,0,0.0,0.0,0
2025-06-12T18:00:00Z,3.6,0.0,0,0.0,0.0,0
2025-06-12T19:00:00Z,3.4,0.0,0,0.0,0.0,0
2025-06-12T20:00:00Z,3.2,0.0,0,0.0,0.0,0
2025-06-12T21:00:00Z,3.2,0.0,0,0.0,0.0,0
2025-06-12T22:00:00Z,3.2,0.0,0,5.0,19.9,1
2025-06-12T23:00:00Z,4.6,0.0,0,88.0,292.7,1
2025-06-13T00:00:00Z,7.0,0.0,0,231.0,524.3,1
2025-06-13T01:00:00Z,9.6,0.0,0,365.0,744.2,1
2025-06-13T02:00:00Z,11.1,0.0,3,439.0,795.2,1
2025-06-13T03:00:00Z,11.9,0.0,18,459.0,811.2,1
2025-06-13T04:00:00Z,12.4,0.0,93,421.0,787.6,1
2025-06-13T05:00:00Z,12.4,0.0,95,334.0,730.2,1
2025-06-13T06:00:00Z,12.0,0.0,39,202.0,603.7,1
2025-06-13T07:00:00Z,10.0,0.0,0,61.0,364.1,1
2025-06-13T08:00:00Z,9.2,0.0,1,0.0,0.0,0
2025-06-13T09:00:00Z,8.4,0.0,0,0.0,0.0,0
2025-06-13T10:00:00Z,7.2,0.0,0,0.0,0.0,0
2025-06-13T11:00:00Z,7.1,0.0,0,0.0,0.0,0
2025-06-13T12:00:00Z,6.4,0.0,0,0.0,0.0,0
2025-06-13T13:00:00Z,5.4,0.0,0,0.0,0.0,0
2025-06-13T14:00:00Z,5.2,0.0,0,0.0,0.0,0
2025-06-13T15:00:00Z,5.1,0.0,0,0.0,0.0,0
2025-06-13T16:00:00Z,5.2,0.0,0,0.0,0.0,0
2025-06-13T17:00:00Z,5.3,0.0,0,0.0,0.0,0
2025-06-13T18:00:00Z,5.7,0.0,0,0.0,0.0,0
2025-06-13T19:00:00Z,5.9,0.0,0,0.0,0.0,0
2025-06-13T20:00:00Z,5.7,0.0,0,0.0,0.0,0
2025-06-13T21:00:00Z,5.4,0.0,0,0.0,0.0,0
2025-06-13T22:00:00Z,5.2,0.0,6,6.0,60.6,1
2025-06-13T23:00:00Z,6.1,0.0,40,109.0,521.7,1
2025-06-14T00:00:00Z,7.6,0.0,98,256.0,698.3,1
2025-06-14T01:00:00Z,9.3,0.0,100,371.0,761.2,1
2025-06-14T02:00:00Z,10.6,0.0,100,417.0,656.8,1
2025-06-14T03:00:00Z,11.4,0.0,100,405.0,548.6,1
2025-06-14T04:00:00Z,11.7,0.0,100,318.0,334.2,1
2025-06-14T05:00:00Z,11.6,0.0,100,252.0,257.2,1
2025-06-14T06:00:00Z,11.1,0.0,98,138.0,128.9,1
2025-06-14T07:00:00Z,10.4,0.0,98,44.0,102.8,1
2025-06-14T08:00:00Z,9.6,0.0,91,0.0,0.0,0
2025-06-14T09:00:00Z,9.1,0.0,100,0.0,0.0,0
2025-06-14T10:00:00Z,8.9,0.0,100,0.0,0.0,0
2025-06-14T11:00:00Z,9.1,0.0,99,0.0,0.0,0
2025-06-14T12:00:00Z,9.4,0.0,100,0.0,0.0,0
2025-06-14T13:00:00Z,9.4,0.0,88,0.0,0.0,0
2025-06-14T14:00:00Z,9.8,0.0,100,0.0,0.0,0
2025-06-14T15:00:00Z,9.8,0.0,100,0.0,0.0,0
2025-06-14T16:00:00Z,9.8,0.0,100,0.0,0.0,0
2025-06-14T17:00:00Z,9.6,0.0,100,0.0,0.0,0
2025-06-14T18:00:00Z,9.8,0.0,100,0.0,0.0,0
2025-06-14T19:00:00Z,9.4,0.0,100,0.0,0.0,0
2025-06-14T20:00:00Z,9.0,0.0,99,0.0,0.0,0
2025-06-14T21:00:00Z,8.4,0.0,100,0.0,0.0,0
2025-06-14T22:00:00Z,7.7,0.0,100,4.0,20.4,1
2025-06-14T23:00:00Z,8.6,0.0,100,80.0,186.8,1
2025-06-15T00:00:00Z,9.9,0.0,69,215.0,435.0,1
2025-06-15T01:00:00Z,11.1,0.0,6,224.0,253.5,1
2025-06-15T02:00:00Z,11.9,0.0,67,411.0,664.4,1
2025-06-15T03:00:00Z,12.1,0.0,100,393.0,570.1,1
2025-06-15T04:00:00Z,11.4,0.0,100,147.0,0.0,1
2025-06-15T05:00:00Z,11.6,0.0,24,192.0,187.0,1
2025-06-15T06:00:00Z,11.5,0.0,52,178.0,447.4,1
2025-06-15T07:00:00Z,10.6,0.0,50,52.0,271.1,1
2025-06-15T08:00:00Z,10.3,0.0,88,0.0,0.0,0
2025-06-15T09:00:00Z,10.1,0.0,62,0.0,0.0,0
2025-06-15T10:00:00Z,9.5,0.0,41,0.0,0.0,0
2025-06-15T11:00:00Z,8.9,0.0,5,0.0,0.0,0
2025-06-15T12:00:00Z,8.8,0.0,8,0.0,0.0,0
2025-06-15T13:00:00Z,9.0,0.0,4,0.0,0.0,0
2025-06-15T14:00:00Z,8.9,0.0,76,0.0,0.0,0
2025-06-15T15:00:00Z,8.9,0.0,63,0.0,0.0,0
2025-06-15T16:00:00Z,9.1,0.0,94,0.0,0.0,0
2025-06-15T17:00:00Z,9.5,0.0,100,0.0,0.0,0
2025-06-15T18:00:00Z,9.8,0.0,100,0.0,0.0,0
2025-06-15T19:00:00Z,9.8,0.0,86,0.0,0.0,0
2025-06-15T20:00:00Z,9.6,0.0,98,0.0,0.0,0
2025-06-15T21:00:00Z,9.4,0.0,96,0.0,0.0,0
2025-06-15T22:00:00Z,9.4,0.0,99,3.0,0.0,1
2025-06-15T23:00:00Z,9.4,0.0,99,33.0,27.9,1
2025-06-16T00:00:00Z,9.4,0.0,93,83.0,27.7,1
2025-06-16T01:00:00Z,10.6,0.0,80,208.0,198.7,1
2025-06-16T02:00:00Z,11.6,0.0,51,298.0,308.9,1
2025-06-16T03:00:00Z,12.8,0.0,52,364.0,458.3,1
2025-06-16T04:00:00Z,13.5,0.0,35,334.0,479.9,1
2025-06-16T05:00:00Z,13.6,0.1,54,263.0,441.9,1
2025-06-16T06:00:00Z,13.1,0.4,100,105.0,133.0,1
2025-06-16T07:00:00Z,12.2,0.1,100,10.0,0.0,1
2025-06-16T08:00:00Z,12.0,0.0,77,0.0,0.0,0
2025-06-16T09:00:00Z,11.4,0.0,69,0.0,0.0,0
2025-06-16T10:00:00Z,11.2,0.0,96,0.0,0.0,0
2025-06-16T11:00:00Z,10.5,0.0,85,0.0,0.0,0
2025-06-16T12:00:00Z,10.4,0.0,97,0.0,0.0,0
2025-06-16T13:00:00Z,9.6,0.0,30,0.0,0.0,0
2025-06-16T14:00:00Z,9.2,0.0,20,0.0,0.0,0
2025-06-16T15:00:00Z,9.3,0.0,34,0.0,0.0,0
2025-06-16T16:00:00Z,9.5,0.0,40,0.0,0.0,0
2025-06-16T17:00:00Z,9.7,0.0,25,0.0,0.0,0
2025-06-16T18:00:00Z,9.9,0.0,37,0.0,0.0,0
2025-06-16T19:00:00Z,9.6,0.0,75,0.0,0.0,0
2025-06-16T20:00:00Z,9.4,0.1,70,0.0,0.0,0
2025-06-16T21:00:00Z,9.1,0.1,90,0.0,0.0,0
2025-06-16T22:00:00Z,9.0,1.1,62,2.0,0.0,1
2025-06-16T23:00:00Z,9.1,0.5,37,50.0,126.2,1
2025-06-17T00:00:00Z,9.9,0.2,76,132.0,156.3,1
2025-06-17T01:00:00Z,10.2,0.1,43,208.0,216.7,1
2025-06-17T02:00:00Z,10.9,0.0,29,297.0,389.4,1
2025-06-17T03:00:00Z,11.4,0.0,30,351.0,490.0,1
2025-06-17T04:00:00Z,11.7,0.1,29,328.0,484.7,1
2025-06-17T05:00:00Z,11.7,0.0,100,298.0,607.4,1
2025-06-17T06:00:00Z,11.4,0.0,41,144.0,290.2,1
2025-06-17T07:00:00Z,10.6,0.0,26,55.0,270.9,1
2025-06-17T08:00:00Z,9.9,0.0,11,0.0,0.0,0
2025-06-17T09:00:00Z,9.1,0.0,2,0.0,0.0,0
2025-06-17T10:00:00Z,8.4,0.0,6,0.0,0.0,0
2025-06-17T11:00:00Z,8.0,0.0,9,0.0,0.0,0
2025-06-17T12:00:00Z,7.8,0.0,3,0.0,0.0,0
2025-06-17T13:00:00Z,8.2,0.0,67,0.0,0.0,0
2025-06-17T14:00:00Z,7.8,0.0,67,0.0,0.0,0
2025-06-17T15:00:00Z,7.3,0.0,98,0.0,0.0,0
2025-06-17T16:00:00Z,7.1,0.0,96,0.0,0.0,0
2025-06-17T17:00:00Z,6.9,0.0,64,0.0,0.0,0
2025-06-17T18:00:00Z,6.9,0.0,6,0.0,0.0,0
2025-06-17T19:00:00Z,6.5,0.0,38,0.0,0.0,0
2025-06-17T20:00:00Z,6.0,0.0,100,0.0,0.0,0
2025-06-17T21:00:00Z,6.5,0.0,100,0.0,0.0,0
2025-06-17T22:00:00Z,7.4,0.0,100,3.0,0.0,1
2025-06-17T23:00:00Z,8.4,0.0,95,49.0,28.2,1
2025-06-18T00:00:00Z,9.6,0.0,72,140.0,97.5,1
2025-06-18T01:00:00Z,10.8,0.0,57,350.0,648.6,1
2025-06-18T02:00:00Z,11.6,0.0,77,405.0,623.7,1
2025-06-18T03:00:00Z,12.2,0.0,100,398.0,575.8,1
2025-06-18T04:00:00Z,12.1,0.0,100,238.0,93.8,1
2025-06-18T05:00:00Z,11.9,0.0,100,161.0,70.5,1
2025-06-18T06:00:00Z,11.7,0.0,100,113.0,60.4,1
2025-06-18T07:00:00Z,10.4,0.0,100,43.0,93.3,1
2025-06-18T08:00:00Z,10.1,0.0,100,0.0,0.0,0
2025-06-18T09:00:00Z,10.1,0.0,100,0.0,0.0,0
2025-06-18T10:00:00Z,9.8,0.0,100,0.0,0.0,0
2025-06-18T11:00:00Z,9.4,0.0,100,0.0,0.0,0
2025-06-18T12:00:00Z,8.6,0.0,100,0.0,0.0,0
2025-06-18T13:00:00Z,6.6,0.0,100,0.0,0.0,0
2025-06-18T14:00:00Z,6.2,0.0,100,0.0,0.0,0
2025-06-18T15:00:00Z,6.2,0.0,100,0.0,0.0,0
2025-06-18T16:00:00Z,6.3,0.0,100,0.0,0.0,0
2025-06-18T17:00:00Z,6.6,0.0,100,0.0,0.0,0
2025-06-18T18:00:00Z,6.7,0.0,79,0.0,0.0,0
2025-06-18T19:00:00Z,6.2,0.0,91,0.0,0.0,0
2025-06-18T20:00:00Z,6.5,0.0,100,0.0,0.0,0
2025-06-18T21:00:00Z,6.7,0.0,100,0.0,0.0,0
2025-06-18T22:00:00Z,6.4,0.0,97,4.0,0.0,1
2025-06-18T23:00:00Z,7.2,0.0,100,82.0,198.5,1
2025-06-19T00:00:00Z,9.1,0.0,100,203.0,373.6,1
2025-06-19T01:00:00Z,9.9,0.0,100,241.0,156.7,1
2025-06-19T02:00:00Z,10.2,0.0,99,287.0,218.9,1
2025-06-19T03:00:00Z,11.1,0.0,96,379.0,455.0,1
2025-06-19T04:00:00Z,11.5,0.0,100,353.0,449.1,1
2025-06-19T05:00:00Z,11.4,0.0,100,221.0,192.5,1
2025-06-19T06:00:00Z,10.9,0.0,97,109.0,84.5,1
2025-06-19T07:00:00Z,10.4,0.0,95,37.0,93.1,1
2025-06-19T08:00:00Z,9.9,0.0,88,0.0,0.0,0
2025-06-19T09:00:00Z,9.2,0.0,10,0.0,0.0,0
2025-06-19T10:00:00Z,8.7,0.0,10,0.0,0.0,0
2025-06-19T11:00:00Z,8.4,0.0,6,0.0,0.0,0
2025-06-19T12:00:00Z,8.1,0.0,6,0.0,0.0,0
2025-06-19T13:00:00Z,7.8,0.0,0,0.0,0.0,0
2025-06-19T14:00:00Z,7.6,0.0,2,0.0,0.0,0
2025-06-19T15:00:00Z,7.4,0.0,2,0.0,0.0,0
2025-06-19T16:00:00Z,7.2,0.0,0,0.0,0.0,0
2025-06-19T17:00:00Z,7.1,0.0,0,0.0,0.0,0
2025-06-19T18:00:00Z,6.8,0.0,1,0.0,0.0,0
2025-06-19T19:00:00Z,6.7,0.0,0,0.0,0.0,0
2025-06-19T20:00:00Z,6.6,0.0,0,0.0,0.0,0
2025-06-19T21:00:00Z,6.6,0.0,0,0.0,0.0,0
2025-06-19T22:00:00Z,6.6,0.0,2,4.0,42.8,1
2025-06-19T23:00:00Z,7.7,0.0,0,97.0,456.1,1
2025-06-20T00:00:00Z,9.3,0.0,3,238.0,643.8,1
2025-06-20T01:00:00Z,11.4,0.0,94,353.0,728.7,1
2025-06-20T02:00:00Z,13.1,0.0,94,420.0,741.7,1
2025-06-20T03:00:00Z,14.2,0.0,97,442.0,768.3,1
2025-06-20T04:00:00Z,14.9,0.0,99,408.0,755.1,1
2025-06-20T05:00:00Z,15.0,0.0,96,320.0,682.6,1
2025-06-20T06:00:00Z,14.2,0.0,99,197.0,582.4,1
2025-06-20T07:00:00Z,12.3,0.0,81,60.0,325.2,1
2025-06-20T08:00:00Z,10.9,0.0,20,0.0,0.0,0
2025-06-20T09:00:00Z,10.2,0.0,62,0.0,0.0,0
2025-06-20T10:00:00Z,9.7,0.0,98,0.0,0.0,0
2025-06-20T11:00:00Z,9.2,0.0,100,0.0,0.0,0
2025-06-20T12:00:00Z,8.7,0.0,94,0.0,0.0,0
2025-06-20T13:00:00Z,7.8,0.0,23,0.0,0.0,0
2025-06-20T14:00:00Z,7.6,0.0,91,0.0,0.0,0
2025-06-20T15:00:00Z,7.4,0.0,65,0.0,0.0,0
2025-06-20T16:00:00Z,7.3,0.0,100,0.0,0.0,0
2025-06-20T17:00:00Z,7.3,0.0,100,0.0,0.0,0
2025-06-20T18:00:00Z,7.3,0.0,100,0.0,0.0,0
2025-06-20T19:00:00Z,7.1,0.0,89,0.0,0.0,0
2025-06-20T20:00:00Z,6.8,0.0,89,0.0,0.0,0
2025-06-20T21:00:00Z,6.4,0.0,100,0.0,0.0,0
2025-06-20T22:00:00Z,6.2,0.0,99,5.0,21.6,1
2025-06-20T23:00:00Z,7.0,0.0,74,100.0,458.1,1
2025-06-21T00:00:00Z,8.4,0.0,10,243.0,648.5,1
2025-06-21T01:00:00Z,10.4,0.0,2,369.0,782.6,1
2025-06-21T02:00:00Z,11.6,0.0,15,439.0,804.9,1
2025-06-21T03:00:00Z,12.1,0.0,21,448.0,766.2,1
2025-06-21T04:00:00Z,12.2,0.0,41,416.0,759.3,1
2025-06-21T05:00:00Z,11.9,0.0,96,330.0,711.8,1
2025-06-21T06:00:00Z,11.4,0.0,87,204.0,593.3,1
2025-06-21T07:00:00Z,10.2,0.0,82,62.0,333.6,1
2025-06-21T08:00:00Z,9.3,0.0,9,0.0,0.0,0
2025-06-21T09:00:00Z,8.6,0.0,7,0.0,0.0,0
2025-06-21T10:00:00Z,7.9,0.0,13,0.0,0.0,0
2025-06-21T11:00:00Z,7.6,0.0,38,0.0,0.0,0
2025-06-21T12:00:00Z,7.3,0.0,40,0.0,0.0,0
2025-06-21T13:00:00Z,6.8,0.0,40,0.0,0.0,0
2025-06-21T14:00:00Z,6.7,0.0,82,0.0,0.0,0
2025-06-21T15:00:00Z,6.6,0.0,27,0.0,0.0,0
2025-06-21T16:00:00Z,6.3,0.0,6,0.0,0.0,0
2025-06-21T17:00:00Z,6.1,0.0,0,0.0,0.0,0
2025-06-21T18:00:00Z,5.9,0.0,4,0.0,0.0,0
2025-06-21T19:00:00Z,5.6,0.0,8,0.0,0.0,0
2025-06-21T20:00:00Z,5.3,0.0,4,0.0,0.0,0
2025-06-21T21:00:00Z,5.2,0.0,2,0.0,0.0,0
2025-06-21T22:00:00Z,5.3,0.0,0,5.0,43.4,1
2025-06-21T23:00:00Z,6.7,0.0,2,104.0,510.2,1
2025-06-22T00:00:00Z,8.7,0.0,81,250.0,684.5,1
2025-06-22T01:00:00Z,10.8,0.0,97,357.0,696.9,1
2025-06-22T02:00:00Z,12.1,0.0,98,359.0,388.4,1
2025-06-22T03:00:00Z,13.4,0.0,53,384.0,448.8,1
2025-06-22T04:00:00Z,14.1,0.0,8,401.0,660.6,1
2025-06-22T05:00:00Z,14.2,0.0,36,340.0,751.4,1
2025-06-22T06:00:00Z,13.7,0.0,51,207.0,603.9,1
2025-06-22T07:00:00Z,12.4,0.0,68,62.0,314.1,1
2025-06-22T08:00:00Z,11.5,0.0,88,0.0,0.0,0
2025-06-22T09:00:00Z,10.9,0.0,72,0.0,0.0,0
2025-06-22T10:00:00Z,10.8,0.0,89,0.0,0.0,0
2025-06-22T11:00:00Z,11.1,0.0,88,0.0,0.0,0
2025-06-22T12:00:00Z,11.7,0.0,86,0.0,0.0,0
2025-06-22T13:00:00Z,11.9,0.0,98,0.0,0.0,0
2025-06-22T14:00:00Z,12.3,0.0,72,0.0,0.0,0
2025-06-22T15:00:00Z,12.3,0.0,4,0.0,0.0,0
2025-06-22T16:00:00Z,12.3,0.0,6,0.0,0.0,0
2025-06-22T17:00:00Z,12.4,0.0,6,0.0,0.0,0
2025-06-22T18:00:00Z,12.1,0.0,7,0.0,0.0,0
2025-06-22T19:00:00Z,12.0,0.0,11,0.0,0.0,0
2025-06-22T20:00:00Z,11.9,0.0,17,0.0,0.0,0
2025-06-22T21:00:00Z,11.9,0.0,46,0.0,0.0,0
2025-06-22T22:00:00Z,12.0,0.0,65,4.0,21.8,1
2025-06-22T23:00:00Z,12.9,0.0,71,73.0,245.2,1
2025-06-23T00:00:00Z,13.3,0.0,63,189.0,351.5,1
2025-06-23T01:00:00Z,15.2,0.0,40,340.0,682.0,1
2025-06-23T02:00:00Z,15.9,0.0,26,396.0,638.0,1
2025-06-23T03:00:00Z,16.5,0.0,30,425.0,696.9,1
2025-06-23T04:00:00Z,17.2,0.0,14,388.0,680.1,1
2025-06-23T05:00:00Z,17.4,0.0,43,286.0,558.7,1
2025-06-23T06:00:00Z,17.0,0.0,34,165.0,410.8,1
2025-06-23T07:00:00Z,16.1,0.0,8,54.0,276.2,1
2025-06-23T08:00:00Z,15.8,0.0,35,0.0,0.0,0
2025-06-23T09:00:00Z,15.0,0.0,98,0.0,0.0,0
2025-06-23T10:00:00Z,14.7,0.1,37,0.0,0.0,0
2025-06-23T11:00:00Z,14.2,0.0,31,0.0,0.0,0
2025-06-23T12:00:00Z,14.1,0.0,43,0.0,0.0,0
2025-06-23T13:00:00Z,14.6,0.2,66,0.0,0.0,0
2025-06-23T14:00:00Z,13.9,0.1,100,0.0,0.0,0
2025-06-23T15:00:00Z,14.1,0.0,38,0.0,0.0,0
2025-06-23T16:00:00Z,13.8,0.0,69,0.0,0.0,0
2025-06-23T17:00:00Z,13.3,0.0,50,0.0,0.0,0
2025-06-23T18:00:00Z,12.9,0.0,61,0.0,0.0,0
2025-06-23T19:00:00Z,12.6,0.0,9,0.0,0.0,0
2025-06-23T20:00:00Z,12.1,0.0,30,0.0,0.0,0
2025-06-23T21:00:00Z,11.6,0.0,82,0.0,0.0,0
2025-06-23T22:00:00Z,10.5,0.2,69,3.0,0.0,1
2025-06-23T23:00:00Z,10.6,0.0,99,70.0,195.2,1
2025-06-24T00:00:00Z,10.9,0.0,51,123.0,105.5,1
2025-06-24T01:00:00Z,12.1,0.1,95,228.0,207.9,1
2025-06-24T02:00:00Z,12.2,0.0,82,308.0,329.8,1
2025-06-24T03:00:00Z,12.1,0.0,82,328.0,394.1,1
2025-06-24T04:00:00Z,11.8,0.0,95,255.0,314.1,1
2025-06-24T05:00:00Z,11.7,0.0,97,234.0,344.9,1
2025-06-24T06:00:00Z,11.0,0.0,95,116.0,75.5,1
2025-06-24T07:00:00Z,10.7,0.5,95,27.0,36.7,1
2025-06-24T08:00:00Z,10.3,0.2,100,0.0,0.0,0
2025-06-24T09:00:00Z,11.1,0.0,93,0.0,0.0,0
2025-06-24T10:00:00Z,11.1,0.0,93,0.0,0.0,0
2025-06-24T11:00:00Z,10.9,0.0,94,0.0,0.0,0
2025-06-24T12:00:00Z,10.1,0.4,99,0.0,0.0,0
2025-06-24T13:00:00Z,10.1,1.7,97,0.0,0.0,0
2025-06-24T14:00:00Z,9.4,0.3,100,0.0,0.0,0
2025-06-24T15:00:00Z,8.4,0.4,71,0.0,0.0,0
2025-06-24T16:00:00Z,8.4,0.0,99,0.0,0.0,0
2025-06-24T17:00:00Z,8.7,0.0,57,0.0,0.0,0
2025-06-24T18:00:00Z,8.2,0.0,100,0.0,0.0,0
2025-06-24T19:00:00Z,8.1,0.1,97,0.0,0.0,0
2025-06-24T20:00:00Z,8.3,0.3,78,0.0,0.0,0
2025-06-24T21:00:00Z,7.8,0.1,98,0.0,0.0,0
2025-06-24T22:00:00Z,7.4,0.0,46,3.0,0.0,1
2025-06-24T23:00:00Z,7.9,0.0,45,92.0,398.6,1
2025-06-25T00:00:00Z,9.1,0.0,98,221.0,510.3,1
2025-06-25T01:00:00Z,9.1,0.1,100,266.0,311.9,1
2025-06-25T02:00:00Z,9.2,0.0,67,233.0,80.2,1
2025-06-25T03:00:00Z,7.8,1.9,74,302.0,306.3,1
2025-06-25T04:00:00Z,9.4,0.1,70,327.0,409.3,1
2025-06-25T05:00:00Z,8.9,0.5,63,212.0,252.8,1
2025-06-25T06:00:00Z,8.8,0.0,85,139.0,265.5,1
2025-06-25T07:00:00Z,7.8,0.6,62,42.0,118.7,1
2025-06-25T08:00:00Z,7.2,0.6,80,0.0,0.0,0
2025-06-25T09:00:00Z,7.8,0.1,49,0.0,0.0,0
2025-06-25T10:00:00Z,7.8,0.8,61,0.0,0.0,0
2025-06-25T11:00:00Z,8.1,0.6,74,0.0,0.0,0
2025-06-25T12:00:00Z,8.8,0.1,32,0.0,0.0,0
2025-06-25T13:00:00Z,8.6,0.0,85,0.0,0.0,0
2025-06-25T14:00:00Z,8.8,0.2,87,0.0,0.0,0
2025-06-25T15:00:00Z,8.4,0.2,53,0.0,0.0,0
2025-06-25T16:00:00Z,7.7,0.5,100,0.0,0.0,0
2025-06-25T17:00:00Z,7.4,0.2,96,0.0,0.0,0
2025-06-25T18:00:00Z,7.3,0.0,76,0.0,0.0,0
2025-06-25T19:00:00Z,7.2,0.0,70,0.0,0.0,0
2025-06-25T20:00:00Z,7.3,0.0,96,0.0,0.0,0
2025-06-25T21:00:00Z,8.0,0.0,100,0.0,0.0,0
2025-06-25T22:00:00Z,8.3,0.0,99,2.0,0.0,1
2025-06-25T23:00:00Z,8.7,0.0,99,48.0,36.3,1
2025-06-26T00:00:00Z,9.5,0.0,93,128.0,66.9,1
2025-06-26T01:00:00Z,9.9,0.0,100,237.0,251.0,1
2025-06-26T02:00:00Z,10.6,0.0,94,262.0,251.4,1
2025-06-26T03:00:00Z,11.1,0.0,82,264.0,179.0,1
2025-06-26T04:00:00Z,11.4,0.0,100,273.0,244.3,1
2025-06-26T05:00:00Z,11.1,0.0,100,121.0,40.2,1
2025-06-26T06:00:00Z,10.9,0.0,100,74.0,7.9,1
2025-06-26T07:00:00Z,10.3,0.0,100,25.0,0.0,1
2025-06-26T08:00:00Z,10.1,0.0,100,0.0,0.0,0
2025-06-26T09:00:00Z,10.1,0.0,100,0.0,0.0,0
2025-06-26T10:00:00Z,10.0,0.0,100,0.0,0.0,0
2025-06-26T11:00:00Z,9.8,0.0,100,0.0,0.0,0
2025-06-26T12:00:00Z,9.4,0.0,100,0.0,0.0,0
2025-06-26T13:00:00Z,8.1,0.0,35,0.0,0.0,0
2025-06-26T14:00:00Z,7.3,0.0,14,0.0,0.0,0
2025-06-26T15:00:00Z,6.9,0.0,41,0.0,0.0,0
2025-06-26T16:00:00Z,6.0,0.0,24,0.0,0.0,0
2025-06-26T17:00:00Z,5.2,0.0,15,0.0,0.0,0
2025-06-26T18:00:00Z,4.8,0.0,25,0.0,0.0,0
2025-06-26T19:00:00Z,4.7,0.0,26,0.0,0.0,0
2025-06-26T20:00:00Z,4.8,0.0,26,0.0,0.0,0
2025-06-26T21:00:00Z,4.7,0.0,29,0.0,0.0,0
2025-06-26T22:00:00Z,4.8,0.0,68,4.0,22.1,1
2025-06-26T23:00:00Z,6.1,0.0,97,69.0,174.3,1
2025-06-27T00:00:00Z,8.0,0.0,89,166.0,228.8,1
2025-06-27T01:00:00Z,10.7,0.0,24,338.0,651.1,1
2025-06-27T02:00:00Z,11.8,0.0,50,403.0,660.4,1
2025-06-27T03:00:00Z,12.5,0.0,18,386.0,513.4,1
2025-06-27T04:00:00Z,12.9,0.0,18,349.0,516.7,1
2025-06-27T05:00:00Z,12.9,0.0,10,270.0,452.3,1
2025-06-27T06:00:00Z,12.6,0.0,35,172.0,365.6,1
2025-06-27T07:00:00Z,11.6,0.0,91,53.0,235.0,1
2025-06-27T08:00:00Z,10.9,0.0,93,0.0,0.0,0
2025-06-27T09:00:00Z,10.2,0.0,92,0.0,0.0,0
2025-06-27T10:00:00Z,9.7,0.0,97,0.0,0.0,0
2025-06-27T11:00:00Z,9.5,0.0,100,0.0,0.0,0
2025-06-27T12:00:00Z,8.9,0.0,97,0.0,0.0,0
2025-06-27T13:00:00Z,7.5,0.0,49,0.0,0.0,0
2025-06-27T14:00:00Z,7.2,0.0,55,0.0,0.0,0
2025-06-27T15:00:00Z,6.3,0.0,5,0.0,0.0,0
2025-06-27T16:00:00Z,6.1,0.0,100,0.0,0.0,0
2025-06-27T17:00:00Z,5.8,0.0,100,0.0,0.0,0
2025-06-27T18:00:00Z,5.3,0.0,100,0.0,0.0,0
2025-06-27T19:00:00Z,5.3,0.0,100,0.0,0.0,0
2025-06-27T20:00:00Z,5.2,0.0,100,0.0,0.0,0
2025-06-27T21:00:00Z,5.3,0.0,100,0.0,0.0,0
2025-06-27T22:00:00Z,5.6,0.0,100,3.0,0.0,1
2025-06-27T23:00:00Z,6.3,0.0,99,56.0,72.7,1
2025-06-28T00:00:00Z,7.9,0.0,0,172.0,281.5,1
2025-06-28T01:00:00Z,11.1,0.0,60,304.0,475.9,1
2025-06-28T02:00:00Z,12.6,0.0,44,335.0,376.3,1
2025-06-28T03:00:00Z,13.4,0.0,46,366.0,491.9,1
2025-06-28T04:00:00Z,13.9,0.0,91,369.0,604.2,1
2025-06-28T05:00:00Z,14.1,0.0,27,291.0,549.8,1
2025-06-28T06:00:00Z,13.6,0.0,11,195.0,536.3,1
2025-06-28T07:00:00Z,11.8,0.0,4,67.0,377.5,1
2025-06-28T08:00:00Z,10.4,0.0,0,0.0,0.0,0
2025-06-28T09:00:00Z,9.6,0.0,0,0.0,0.0,0
2025-06-28T10:00:00Z,8.9,0.0,9,0.0,0.0,0
2025-06-28T11:00:00Z,8.1,0.0,12,0.0,0.0,0
2025-06-28T12:00:00Z,7.4,0.0,45,0.0,0.0,0
2025-06-28T13:00:00Z,7.9,0.0,69,0.0,0.0,0
2025-06-28T14:00:00Z,7.8,0.0,93,0.0,0.0,0
2025-06-28T15:00:00Z,7.8,0.0,94,0.0,0.0,0
2025-06-28T16:00:00Z,7.6,0.0,100,0.0,0.0,0
2025-06-28T17:00:00Z,7.5,0.0,69,0.0,0.0,0
2025-06-28T18:00:00Z,7.2,0.0,77,0.0,0.0,0
2025-06-28T19:00:00Z,7.1,0.0,67,0.0,0.0,0
2025-06-28T20:00:00Z,6.9,0.0,81,0.0,0.0,0
2025-06-28T21:00:00Z,7.1,0.0,89,0.0,0.0,0
2025-06-28T22:00:00Z,7.2,0.0,94,3.0,0.0,1
2025-06-28T23:00:00Z,8.4,0.1,100,64.0,152.5,1
2025-06-29T00:00:00Z,9.3,0.2,100,108.0,154.7,1
2025-06-29T01:00:00Z,11.1,0.0,90,209.0,222.5,1
2025-06-29T02:00:00Z,11.8,0.3,100,243.0,213.8,1
2025-06-29T03:00:00Z,11.6,0.3,86,171.0,62.2,1
2025-06-29T04:00:00Z,12.6,0.1,26,327.0,479.2,1
2025-06-29T05:00:00Z,12.2,0.1,50,298.0,585.5,1
2025-06-29T06:00:00Z,11.4,0.1,60,177.0,440.3,1
2025-06-29T07:00:00Z,9.7,0.9,71,43.0,169.8,1
2025-06-29T08:00:00Z,9.0,0.1,44,0.0,0.0,0
2025-06-29T09:00:00Z,9.1,0.0,76,0.0,0.0,0
2025-06-29T10:00:00Z,9.1,0.3,100,0.0,0.0,0
2025-06-29T11:00:00Z,9.4,0.5,100,0.0,0.0,0
2025-06-29T12:00:00Z,9.8,0.1,61,0.0,0.0,0
2025-06-29T13:00:00Z,9.1,0.6,100,0.0,0.0,0
2025-06-29T14:00:00Z,9.2,0.2,100,0.0,0.0,0
2025-06-29T15:00:00Z,9.2,0.2,100,0.0,0.0,0
2025-06-29T16:00:00Z,9.2,0.1,100,0.0,0.0,0
2025-06-29T17:00:00Z,9.4,0.0,98,0.0,0.0,0
2025-06-29T18:00:00Z,8.9,0.0,47,0.0,0.0,0
2025-06-29T19:00:00Z,8.6,0.0,47,0.0,0.0,0
2025-06-29T20:00:00Z,7.5,0.0,32,0.0,0.0,0
2025-06-29T21:00:00Z,7.6,0.0,30,0.0,0.0,0
2025-06-29T22:00:00Z,6.7,0.0,100,3.0,22.1,1
2025-06-29T23:00:00Z,7.5,0.0,99,75.0,253.9,1
2025-06-30T00:00:00Z,8.4,0.0,95,178.0,284.4,1
2025-06-30T01:00:00Z,10.9,0.2,74,261.0,333.4,1
2025-06-30T02:00:00Z,11.4,0.3,61,361.0,515.4,1
2025-06-30T03:00:00Z,11.8,0.0,34,350.0,475.7,1
2025-06-30T04:00:00Z,12.0,0.0,13,393.0,678.6,1
2025-06-30T05:00:00Z,11.7,0.0,3,309.0,618.1,1
2025-06-30T06:00:00Z,11.2,0.0,1,194.0,535.0,1
2025-06-30T07:00:00Z,10.1,0.0,2,68.0,381.8,1
2025-06-30T08:00:00Z,8.9,0.0,14,0.0,0.0,0
2025-06-30T09:00:00Z,8.2,0.0,16,0.0,0.0,0
2025-06-30T10:00:00Z,8.2,0.0,25,0.0,0.0,0
2025-06-30T11:00:00Z,7.7,0.0,22,0.0,0.0,0
2025-06-30T12:00:00Z,7.2,0.0,44,0.0,0.0,0
2025-06-30T13:00:00Z,6.8,0.0,24,0.0,0.0,0
2025-06-30T14:00:00Z,6.3,0.0,15,0.0,0.0,0
2025-06-30T15:00:00Z,6.1,0.0,100,0.0,0.0,0
2025-06-30T16:00:00Z,6.6,0.0,100,0.0,0.0,0
2025-06-30T17:00:00Z,6.9,0.0,100,0.0,0.0,0
2025-06-30T18:00:00Z,7.4,0.1,100,0.0,0.0,0
2025-06-30T19:00:00Z,7.7,0.1,100,0.0,0.0,0
2025-06-30T20:00:00Z,8.1,0.0,67,0.0,0.0,0
2025-06-30T21:00:00Z,8.6,0.0,92,0.0,0.0,0
2025-06-30T22:00:00Z,9.4,0.0,93,2.0,0.0,1
2025-06-30T23:00:00Z,10.3,0.0,91,44.0,79.7,1
2025-07-01T00:00:00Z,11.1,0.0,65,123.0,119.2,1
2025-07-01T01:00:00Z,11.8,0.0,72,214.0,189.1,1
2025-07-01T02:00:00Z,12.3,0.0,34,272.0,236.8,1
2025-07-01T03:00:00Z,12.9,0.0,90,363.0,470.6,1
2025-07-01T04:00:00Z,12.9,0.0,45,224.0,98.9,1
2025-07-01T05:00:00Z,12.8,0.0,75,270.0,417.7,1
2025-07-01T06:00:00Z,12.1,0.0,98,162.0,273.8,1
2025-07-01T07:00:00Z,11.4,0.0,100,53.0,105.9,1
2025-07-01T08:00:00Z,10.9,0.0,100,0.0,0.0,0
2025-07-01T09:00:00Z,10.8,0.0,100,0.0,0.0,0
2025-07-01T10:00:00Z,10.8,0.0,100,0.0,0.0,0
2025-07-01T11:00:00Z,10.8,0.0,100,0.0,0.0,0
2025-07-01T12:00:00Z,10.6,0.0,100,0.0,0.0,0
2025-07-01T13:00:00Z,10.1,0.0,98,0.0,0.0,0
2025-07-01T14:00:00Z,9.9,0.0,94,0.0,0.0,0
2025-07-01T15:00:00Z,9.9,0.0,93,0.0,0.0,0
2025-07-01T16:00:00Z,9.9,0.0,79,0.0,0.0,0
2025-07-01T17:00:00Z,9.9,0.0,74,0.0,0.0,0
2025-07-01T18:00:00Z,10.0,0.0,78,0.0,0.0,0
2025-07-01T19:00:00Z,10.1,0.0,98,0.0,0.0,0
2025-07-01T20:00:00Z,10.3,0.0,100,0.0,0.0,0
2025-07-01T21:00:00Z,10.2,0.0,100,0.0,0.0,0
2025-07-01T22:00:00Z,10.2,0.0,100,2.0,0.0,1
2025-07-01T23:00:00Z,10.4,0.1,100,24.0,0.0,1
2025-07-02T00:00:00Z,10.4,0.2,100,51.0,0.0,1
2025-07-02T01:00:00Z,10.8,1.3,100,44.0,0.0,1
2025-07-02T02:00:00Z,10.6,1.8,100,74.0,0.0,1
2025-07-02T03:00:00Z,10.2,2.5,100,30.0,0.0,1
2025-07-02T04:00:00Z,10.1,2.1,100,29.0,0.0,1
2025-07-02T05:00:00Z,10.2,1.6,100,40.0,0.0,1
2025-07-02T06:00:00Z,10.3,0.9,100,25.0,0.0,1
2025-07-02T07:00:00Z,10.1,0.2,100,15.0,0.0,1
2025-07-02T08:00:00Z,9.8,0.0,100,0.0,0.0,0
2025-07-02T09:00:00Z,9.5,0.4,100,0.0,0.0,0
2025-07-02T10:00:00Z,9.5,0.9,96,0.0,0.0,0
2025-07-02T11:00:00Z,9.2,0.2,100,0.0,0.0,0
2025-07-02T12:00:00Z,9.4,0.3,99,0.0,0.0,0
2025-07-02T13:00:00Z,9.6,0.1,100,0.0,0.0,0
2025-07-02T14:00:00Z,9.4,0.0,100,0.0,0.0,0
2025-07-02T15:00:00Z,9.4,0.1,100,0.0,0.0,0
2025-07-02T16:00:00Z,9.5,0.2,100,0.0,0.0,0
2025-07-02T17:00:00Z,9.6,0.1,100,0.0,0.0,0
2025-07-02T18:00:00Z,9.5,0.1,100,0.0,0.0,0
2025-07-02T19:00:00Z,9.4,0.0,96,0.0,0.0,0
2025-07-02T20:00:00Z,9.1,0.0,100,0.0,0.0,0
2025-07-02T21:00:00Z,9.2,0.0,82,0.0,0.0,0
2025-07-02T22:00:00Z,8.4,0.0,93,3.0,0.0,1
2025-07-02T23:00:00Z,9.9,0.0,99,70.0,187.2,1
2025-07-03T00:00:00Z,11.2,0.0,47,188.0,289.8,1
2025-07-03T01:00:00Z,11.9,0.0,57,317.0,517.4,1
2025-07-03T02:00:00Z,12.4,0.0,61,347.0,505.9,1
2025-07-03T03:00:00Z,12.7,0.0,41,378.0,507.5,1
2025-07-03T04:00:00Z,12.8,0.0,28,372.0,570.4,1
2025-07-03T05:00:00Z,12.6,0.0,17,302.0,577.4,1
2025-07-03T06:00:00Z,12.1,0.0,14,179.0,442.5,1
2025-07-03T07:00:00Z,10.9,0.0,10,66.0,339.4,1
2025-07-03T08:00:00Z,9.9,0.0,86,1.0,0.0,0
2025-07-03T09:00:00Z,9.5,0.0,96,0.0,0.0,0
2025-07-03T10:00:00Z,9.1,0.0,1,0.0,0.0,0
2025-07-03T11:00:00Z,8.4,0.0,1,0.0,0.0,0
2025-07-03T12:00:00Z,7.8,0.0,0,0.0,0.0,0
2025-07-03T13:00:00Z,6.9,0.0,1,0.0,0.0,0
2025-07-03T14:00:00Z,6.3,0.0,0,0.0,0.0,0
2025-07-03T15:00:00Z,5.9,0.0,0,0.0,0.0,0
2025-07-03T16:00:00Z,5.7,0.0,98,0.0,0.0,0
2025-07-03T17:00:00Z,5.2,0.0,100,0.0,0.0,0
2025-07-03T18:00:00Z,4.8,0.0,100,0.0,0.0,0
2025-07-03T19:00:00Z,4.6,0.0,99,0.0,0.0,0
2025-07-03T20:00:00Z,4.9,0.0,89,0.0,0.0,0
2025-07-03T21:00:00Z,5.4,0.0,26,0.0,0.0,0
2025-07-03T22:00:00Z,6.3,0.0,21,4.0,21.8,1
2025-07-03T23:00:00Z,7.8,0.0,1,98.0,458.9,1
2025-07-04T00:00:00Z,9.4,0.0,0,246.0,675.6,1
2025-07-04T01:00:00Z,11.6,0.0,0,360.0,736.7,1
2025-07-04T02:00:00Z,13.4,0.0,0,440.0,797.7,1
2025-07-04T03:00:00Z,14.2,0.0,0,464.0,813.5,1
2025-07-04T04:00:00Z,14.3,0.0,3,431.0,797.4,1
2025-07-04T05:00:00Z,14.3,0.0,100,351.0,768.6,1
2025-07-04T06:00:00Z,13.6,0.0,63,143.0,117.6,1
2025-07-04T07:00:00Z,12.6,0.0,51,73.0,380.2,1
2025-07-04T08:00:00Z,11.7,0.0,40,1.0,0.0,0
2025-07-04T09:00:00Z,10.9,0.0,76,0.0,0.0,0
2025-07-04T10:00:00Z,10.4,0.0,95,0.0,0.0,0
2025-07-04T11:00:00Z,10.2,0.0,96,0.0,0.0,0
2025-07-04T12:00:00Z,10.5,0.0,100,0.0,0.0,0
2025-07-04T13:00:00Z,11.1,0.0,100,0.0,0.0,0
2025-07-04T14:00:00Z,10.6,0.0,94,0.0,0.0,0
2025-07-04T15:00:00Z,10.3,0.0,63,0.0,0.0,0
2025-07-04T16:00:00Z,9.9,0.0,84,0.0,0.0,0
2025-07-04T17:00:00Z,9.9,0.0,52,0.0,0.0,0
2025-07-04T18:00:00Z,9.4,0.0,27,0.0,0.0,0
2025-07-04T19:00:00Z,8.9,0.0,20,0.0,0.0,0
2025-07-04T20:00:00Z,8.5,0.0,7,0.0,0.0,0
2025-07-04T21:00:00Z,8.4,0.0,6,0.0,0.0,0
2025-07-04T22:00:00Z,8.3,0.0,0,4.0,43.3,1
2025-07-04T23:00:00Z,9.4,0.0,1,99.0,478.1,1
2025-07-05T00:00:00Z,11.1,0.0,2,244.0,663.2,1
2025-07-05T01:00:00Z,13.4,0.0,5,362.0,744.8,1
2025-07-05T02:00:00Z,14.9,0.0,1,438.0,789.2,1
2025-07-05T03:00:00Z,15.8,0.0,14,461.0,803.0,1
2025-07-05T04:00:00Z,16.0,0.0,4,428.0,783.9,1
2025-07-05T05:00:00Z,15.8,0.0,2,346.0,742.1,1
2025-07-05T06:00:00Z,15.1,0.0,1,219.0,633.2,1
2025-07-05T07:00:00Z,13.9,0.0,0,75.0,411.8,1
2025-07-05T08:00:00Z,12.8,0.0,1,1.0,0.0,0
2025-07-05T09:00:00Z,11.9,0.0,3,0.0,0.0,0
2025-07-05T10:00:00Z,10.6,0.0,1,0.0,0.0,0
2025-07-05T11:00:00Z,9.8,0.0,0,0.0,0.0,0
2025-07-05T12:00:00Z,10.1,0.0,0,0.0,0.0,0
2025-07-05T13:00:00Z,10.1,0.0,2,0.0,0.0,0
2025-07-05T14:00:00Z,8.9,0.0,6,0.0,0.0,0
2025-07-05T15:00:00Z,8.9,0.0,81,0.0,0.0,0
2025-07-05T16:00:00Z,9.2,0.2,99,0.0,0.0,0
2025-07-05T17:00:00Z,10.1,0.0,100,0.0,0.0,0
2025-07-05T18:00:00Z,9.6,0.0,100,0.0,0.0,0
2025-07-05T19:00:00Z,9.7,0.0,100,0.0,0.0,0
2025-07-05T20:00:00Z,9.2,0.0,18,0.0,0.0,0
2025-07-05T21:00:00Z,8.4,0.0,9,0.0,0.0,0
2025-07-05T22:00:00Z,7.7,0.0,22,4.0,21.5,1
2025-07-05T23:00:00Z,8.9,0.0,98,90.0,361.9,1
2025-07-06T00:00:00Z,10.3,0.0,99,210.0,429.1,1
2025-07-06T01:00:00Z,12.5,0.0,96,296.0,505.9,1
2025-07-06T02:00:00Z,13.6,0.0,100,361.0,442.4,1
2025-07-06T03:00:00Z,14.1,0.0,19,361.0,358.6,1
2025-07-06T04:00:00Z,14.8,0.0,97,407.0,681.7,1
2025-07-06T05:00:00Z,14.9,0.0,91,310.0,552.2,1
2025-07-06T06:00:00Z,14.6,0.0,17,182.0,370.8,1
2025-07-06T07:00:00Z,13.2,0.0,46,69.0,349.1,1
2025-07-06T08:00:00Z,11.4,0.0,46,1.0,0.0,0
2025-07-06T09:00:00Z,10.8,0.0,19,0.0,0.0,0
2025-07-06T10:00:00Z,10.5,0.0,20,0.0,0.0,0
2025-07-06T11:00:00Z,9.4,0.0,35,0.0,0.0,0
2025-07-06T12:00:00Z,8.7,0.0,10,0.0,0.0,0
2025-07-06T13:00:00Z,8.5,0.0,0,0.0,0.0,0
2025-07-06T14:00:00Z,8.1,0.0,9,0.0,0.0,0
2025-07-06T15:00:00Z,7.6,0.0,10,0.0,0.0,0
2025-07-06T16:00:00Z,7.0,0.0,0,0.0,0.0,0
2025-07-06T17:00:00Z,6.4,0.0,0,0.0,0.0,0
2025-07-06T18:00:00Z,5.9,0.0,0,0.0,0.0,0
2025-07-06T19:00:00Z,5.2,0.0,0,0.0,0.0,0
2025-07-06T20:00:00Z,4.9,0.0,0,0.0,0.0,0
2025-07-06T21:00:00Z,4.8,0.0,0,0.0,0.0,0
2025-07-06T22:00:00Z,4.8,0.0,0,4.0,21.3,1
2025-07-06T23:00:00Z,6.1,0.0,0,84.0,282.1,1
2025-07-07T00:00:00Z,8.4,0.0,0,217.0,472.3,1
2025-07-07T01:00:00Z,11.6,0.0,0,365.0,747.8,1
2025-07-07T02:00:00Z,13.1,0.0,0,442.0,793.1,1
2025-07-07T03:00:00Z,14.3,0.0,0,466.0,806.2,1
2025-07-07T04:00:00Z,14.9,0.0,9,421.0,754.7,1
2025-07-07T05:00:00Z,15.1,0.0,1,339.0,694.3,1
2025-07-07T06:00:00Z,14.9,0.0,3,219.0,614.1,1
2025-07-07T07:00:00Z,13.1,0.0,1,77.0,413.9,1
2025-07-07T08:00:00Z,13.1,0.0,2,1.0,0.0,0
2025-07-07T09:00:00Z,11.8,0.0,2,0.0,0.0,0
2025-07-07T10:00:00Z,11.0,0.0,0,0.0,0.0,0
2025-07-07T11:00:00Z,10.8,0.0,0,0.0,0.0,0
2025-07-07T12:00:00Z,10.5,0.0,1,0.0,0.0,0
2025-07-07T13:00:00Z,10.7,0.0,1,0.0,0.0,0
2025-07-07T14:00:00Z,10.6,0.0,57,0.0,0.0,0
2025-07-07T15:00:00Z,10.4,0.0,57,0.0,0.0,0
2025-07-07T16:00:00Z,10.4,0.0,65,0.0,0.0,0
2025-07-07T17:00:00Z,10.2,0.0,54,0.0,0.0,0
2025-07-07T18:00:00Z,10.1,0.0,100,0.0,0.0,0
2025-07-07T19:00:00Z,10.4,0.0,100,0.0,0.0,0
2025-07-07T20:00:00Z,10.8,0.0,100,0.0,0.0,0
2025-07-07T21:00:00Z,11.2,0.0,100,0.0,0.0,0
2025-07-07T22:00:00Z,11.1,0.2,100,1.0,0.0,1
2025-07-07T23:00:00Z,10.8,0.3,100,33.0,14.0,1
2025-07-08T00:00:00Z,10.7,0.0,100,52.0,3.4,1
2025-07-08T01:00:00Z,12.0,0.0,100,136.0,37.1,1
2025-07-08T02:00:00Z,13.4,0.0,74,283.0,194.5,1
2025-07-08T03:00:00Z,13.9,0.0,100,350.0,360.2,1
2025-07-08T04:00:00Z,12.5,0.7,100,158.0,77.3,1
2025-07-08T05:00:00Z,11.8,0.8,100,63.0,5.1,1
2025-07-08T06:00:00Z,11.6,0.5,100,63.0,14.8,1
2025-07-08T07:00:00Z,11.5,0.0,82,24.0,58.6,1
2025-07-08T08:00:00Z,11.1,0.0,48,1.0,0.0,0
2025-07-08T09:00:00Z,10.4,0.0,18,0.0,0.0,0
2025-07-08T10:00:00Z,9.9,0.0,3,0.0,0.0,0
2025-07-08T11:00:00Z,9.3,0.0,9,0.0,0.0,0
2025-07-08T12:00:00Z,8.8,0.0,3,0.0,0.0,0
2025-07-08T13:00:00Z,9.1,0.0,4,0.0,0.0,0
2025-07-08T14:00:00Z,8.9,0.0,14,0.0,0.0,0
2025-07-08T15:00:00Z,8.5,0.0,4,0.0,0.0,0
2025-07-08T16:00:00Z,8.1,0.0,6,0.0,0.0,0
2025-07-08T17:00:00Z,7.9,0.0,7,0.0,0.0,0
2025-07-08T18:00:00Z,7.7,0.0,21,0.0,0.0,0
2025-07-08T19:00:00Z,7.5,0.0,15,0.0,0.0,0
2025-07-08T20:00:00Z,7.2,0.0,12,0.0,0.0,0
2025-07-08T21:00:00Z,7.1,0.0,11,0.0,0.0,0
2025-07-08T22:00:00Z,7.2,0.0,49,5.0,20.8,1
2025-07-08T23:00:00Z,8.2,0.0,46,96.0,382.3,1
2025-07-09T00:00:00Z,9.0,0.0,39,215.0,468.3,1
2025-07-09T01:00:00Z,10.4,0.0,42,329.0,564.9,1
2025-07-09T02:00:00Z,11.3,0.0,45,396.0,594.0,1
2025-07-09T03:00:00Z,11.7,0.0,18,367.0,465.8,1
2025-07-09T04:00:00Z,11.9,0.0,100,337.0,412.9,1
2025-07-09T05:00:00Z,11.7,0.0,81,193.0,138.0,1
2025-07-09T06:00:00Z,11.2,0.0,78,155.0,231.2,1
2025-07-09T07:00:00Z,10.5,0.0,96,63.0,191.1,1
2025-07-09T08:00:00Z,10.4,0.0,76,1.0,0.0,0
2025-07-09T09:00:00Z,10.2,0.0,100,0.0,0.0,0
2025-07-09T10:00:00Z,10.1,0.0,100,0.0,0.0,0
2025-07-09T11:00:00Z,9.9,0.0,100,0.0,0.0,0
2025-07-09T12:00:00Z,9.6,0.1,100,0.0,0.0,0
2025-07-09T13:00:00Z,9.1,0.5,99,0.0,0.0,0
2025-07-09T14:00:00Z,8.9,0.7,100,0.0,0.0,0
2025-07-09T15:00:00Z,8.9,0.7,100,0.0,0.0,0
2025-07-09T16:00:00Z,9.0,0.0,100,0.0,0.0,0
2025-07-09T17:00:00Z,8.6,0.1,100,0.0,0.0,0
2025-07-09T18:00:00Z,8.4,0.3,100,0.0,0.0,0
2025-07-09T19:00:00Z,8.3,0.1,100,0.0,0.0,0
2025-07-09T20:00:00Z,8.2,0.1,100,0.0,0.0,0
2025-07-09T21:00:00Z,8.2,0.1,95,0.0,0.0,0
2025-07-09T22:00:00Z,8.1,0.0,98,3.0,0.0,1
2025-07-09T23:00:00Z,8.6,0.0,79,90.0,303.4,1
2025-07-10T00:00:00Z,9.5,0.0,68,212.0,411.7,1
2025-07-10T01:00:00Z,10.5,0.0,36,325.0,582.4,1
2025-07-10T02:00:00Z,11.1,0.0,35,397.0,629.6,1
2025-07-10T03:00:00Z,11.2,0.0,48,392.0,570.5,1
2025-07-10T04:00:00Z,11.3,0.0,61,343.0,513.4,1
2025-07-10T05:00:00Z,11.1,0.1,27,306.0,564.6,1
2025-07-10T06:00:00Z,10.4,0.1,24,184.0,444.5,1
2025-07-10T07:00:00Z,9.9,0.0,17,75.0,370.6,1
2025-07-10T08:00:00Z,9.3,0.0,29,1.0,0.0,0
2025-07-10T09:00:00Z,8.9,0.0,53,0.0,0.0,0
2025-07-10T10:00:00Z,8.6,0.0,100,0.0,0.0,0
2025-07-10T11:00:00Z,8.6,0.0,100,0.0,0.0,0
2025-07-10T12:00:00Z,8.7,0.0,97,0.0,0.0,0
2025-07-10T13:00:00Z,9.5,0.0,96,0.0,0.0,0
2025-07-10T14:00:00Z,9.4,0.9,100,0.0,0.0,0
2025-07-10T15:00:00Z,10.1,1.2,100,0.0,0.0,0
2025-07-10T16:00:00Z,10.7,0.0,55,0.0,0.0,0
2025-07-10T17:00:00Z,10.6,0.0,32,0.0,0.0,0
2025-07-10T18:00:00Z,10.4,0.0,27,0.0,0.0,0
2025-07-10T19:00:00Z,10.4,0.0,50,0.0,0.0,0
2025-07-10T20:00:00Z,10.4,0.0,38,0.0,0.0,0
2025-07-10T21:00:00Z,10.6,0.0,66,0.0,0.0,0
2025-07-10T22:00:00Z,11.1,0.0,57,4.0,20.3,1
2025-07-10T23:00:00Z,11.9,0.0,99,80.0,252.9,1
2025-07-11T00:00:00Z,12.9,0.0,24,151.0,115.1,1
2025-07-11T01:00:00Z,13.9,0.1,57,341.0,599.5,1
2025-07-11T02:00:00Z,14.7,0.2,52,405.0,658.5,1
2025-07-11T03:00:00Z,15.4,0.1,39,359.0,486.2,1
2025-07-11T04:00:00Z,15.2,0.1,69,341.0,500.6,1
2025-07-11T05:00:00Z,14.4,0.4,78,251.0,361.7,1
2025-07-11T06:00:00Z,13.6,0.6,63,159.0,274.8,1
2025-07-11T07:00:00Z,13.2,0.6,50,58.0,210.9,1
2025-07-11T08:00:00Z,12.2,0.1,35,1.0,0.0,0
2025-07-11T09:00:00Z,11.8,0.0,12,0.0,0.0,0
2025-07-11T10:00:00Z,10.7,0.0,33,0.0,0.0,0
2025-07-11T11:00:00Z,10.1,0.0,18,0.0,0.0,0
2025-07-11T12:00:00Z,9.6,0.0,23,0.0,0.0,0
2025-07-11T13:00:00Z,9.6,0.0,6,0.0,0.0,0
2025-07-11T14:00:00Z,8.9,0.0,45,0.0,0.0,0
2025-07-11T15:00:00Z,8.7,0.0,100,0.0,0.0,0
2025-07-11T16:00:00Z,9.0,0.0,75,0.0,0.0,0
2025-07-11T17:00:00Z,8.7,0.0,9,0.0,0.0,0
2025-07-11T18:00:00Z,7.8,0.0,44,0.0,0.0,0
2025-07-11T19:00:00Z,7.7,0.0,76,0.0,0.0,0
2025-07-11T20:00:00Z,7.7,0.0,8,0.0,0.0,0
2025-07-11T21:00:00Z,7.4,0.0,1,0.0,0.0,0
2025-07-11T22:00:00Z,7.4,0.0,65,5.0,40.1,1
2025-07-11T23:00:00Z,8.8,0.0,60,99.0,399.5,1
2025-07-12T00:00:00Z,10.7,0.0,0,249.0,629.7,1
2025-07-12T01:00:00Z,13.1,0.0,6,368.0,718.7,1
2025-07-12T02:00:00Z,14.4,0.0,52,448.0,782.8,1
2025-07-12T03:00:00Z,15.3,0.0,67,425.0,605.7,1
2025-07-12T04:00:00Z,15.9,0.0,94,359.0,472.9,1
2025-07-12T05:00:00Z,15.9,0.0,100,263.0,369.8,1
2025-07-12T06:00:00Z,15.4,0.0,46,173.0,297.8,1
2025-07-12T07:00:00Z,13.9,0.0,67,67.0,247.3,1
2025-07-12T08:00:00Z,12.8,0.0,69,2.0,0.0,0
2025-07-12T09:00:00Z,11.6,0.0,41,0.0,0.0,0
2025-07-12T10:00:00Z,11.0,0.0,100,0.0,0.0,0
2025-07-12T11:00:00Z,10.7,0.0,100,0.0,0.0,0
2025-07-12T12:00:00Z,11.0,0.0,100,0.0,0.0,0
2025-07-12T13:00:00Z,11.5,0.0,100,0.0,0.0,0
2025-07-12T14:00:00Z,11.3,0.0,100,0.0,0.0,0
2025-07-12T15:00:00Z,11.4,0.0,100,0.0,0.0,0
2025-07-12T16:00:00Z,11.7,0.0,100,0.0,0.0,0
2025-07-12T17:00:00Z,11.2,0.0,100,0.0,0.0,0
2025-07-12T18:00:00Z,11.1,0.0,100,0.0,0.0,0
2025-07-12T19:00:00Z,10.8,0.0,100,0.0,0.0,0
2025-07-12T20:00:00Z,10.6,0.0,100,0.0,0.0,0
2025-07-12T21:00:00Z,10.4,0.0,100,0.0,0.0,0
2025-07-12T22:00:00Z,10.1,0.0,100,4.0,0.0,1
2025-07-12T23:00:00Z,10.6,0.0,99,67.0,67.0,1
2025-07-13T00:00:00Z,10.4,0.0,100,176.0,170.8,1
2025-07-13T01:00:00Z,11.8,0.0,98,217.0,126.1,1
2025-07-13T02:00:00Z,12.6,0.0,100,252.0,101.6,1
2025-07-13T03:00:00Z,13.2,0.0,99,278.0,99.2,1
2025-07-13T04:00:00Z,14.1,0.0,100,320.0,243.7,1
2025-07-13T05:00:00Z,13.7,0.0,100,74.0,0.0,1
2025-07-13T06:00:00Z,13.6,0.0,100,57.0,0.0,1
2025-07-13T07:00:00Z,12.8,0.9,100,34.0,54.9,1
2025-07-13T08:00:00Z,12.6,0.1,100,1.0,0.0,0
2025-07-13T09:00:00Z,11.6,1.6,100,0.0,0.0,0
2025-07-13T10:00:00Z,11.2,0.4,18,0.0,0.0,0
2025-07-13T11:00:00Z,10.2,0.1,6,0.0,0.0,0
2025-07-13T12:00:00Z,9.6,0.0,27,0.0,0.0,0
2025-07-13T13:00:00Z,9.5,0.0,20,0.0,0.0,0
2025-07-13T14:00:00Z,9.1,0.0,16,0.0,0.0,0
2025-07-13T15:00:00Z,8.8,0.0,30,0.0,0.0,0
2025-07-13T16:00:00Z,8.5,0.0,23,0.0,0.0,0
2025-07-13T17:00:00Z,8.0,0.0,13,0.0,0.0,0
2025-07-13T18:00:00Z,7.7,0.0,8,0.0,0.0,0
2025-07-13T19:00:00Z,7.4,0.0,5,0.0,0.0,0
2025-07-13T20:00:00Z,7.3,0.0,9,0.0,0.0,0
2025-07-13T21:00:00Z,7.1,0.0,9,0.0,0.0,0
2025-07-13T22:00:00Z,7.2,0.0,13,6.0,39.0,1
2025-07-13T23:00:00Z,8.3,0.0,1,104.0,444.5,1
2025-07-14T00:00:00Z,9.9,0.0,36,256.0,662.3,1
2025-07-14T01:00:00Z,11.4,0.0,31,353.0,622.7,1
2025-07-14T02:00:00Z,11.9,0.0,74,414.0,625.3,1
2025-07-14T03:00:00Z,12.4,0.0,59,360.0,426.6,1
2025-07-14T04:00:00Z,12.8,0.0,100,337.0,403.5,1
2025-07-14T05:00:00Z,12.8,0.0,84,249.0,271.0,1
2025-07-14T06:00:00Z,12.6,0.0,91,133.0,105.9,1
2025-07-14T07:00:00Z,11.8,0.0,100,33.0,0.0,1
2025-07-14T08:00:00Z,11.1,0.0,100,1.0,0.0,0
2025-07-14T09:00:00Z,10.6,0.0,100,0.0,0.0,0
2025-07-14T10:00:00Z,10.4,0.0,100,0.0,0.0,0
2025-07-14T11:00:00Z,9.9,0.0,100,0.0,0.0,0
2025-07-14T12:00:00Z,9.6,0.0,100,0.0,0.0,0
2025-07-14T13:00:00Z,9.2,0.0,100,0.0,0.0,0
2025-07-14T14:00:00Z,9.0,0.0,100,0.0,0.0,0
2025-07-14T15:00:00Z,8.9,0.0,100,0.0,0.0,0
2025-07-14T16:00:00Z,8.9,0.0,99,0.0,0.0,0
2025-07-14T17:00:00Z,8.9,0.2,97,0.0,0.0,0
2025-07-14T18:00:00Z,8.6,2.5,97,0.0,0.0,0
2025-07-14T19:00:00Z,8.6,0.0,100,0.0,0.0,0
2025-07-14T20:00:00Z,8.3,0.7,100,0.0,0.0,0
2025-07-14T21:00:00Z,7.4,0.2,98,0.0,0.0,0
2025-07-14T22:00:00Z,7.8,0.0,81,3.0,0.0,1
2025-07-14T23:00:00Z,8.6,0.0,51,70.0,183.7,1
2025-07-15T00:00:00Z,9.9,0.0,99,185.0,301.0,1
2025-07-15T01:00:00Z,10.7,0.1,100,258.0,293.0,1
2025-07-15T02:00:00Z,11.5,0.1,100,319.0,283.5,1
2025-07-15T03:00:00Z,12.0,0.1,98,375.0,440.3,1
2025-07-15T04:00:00Z,12.2,0.1,43,365.0,509.7,1
2025-07-15T05:00:00Z,12.4,0.0,59,228.0,215.0,1
2025-07-15T06:00:00Z,12.4,0.0,74,173.0,311.5,1
2025-07-15T07:00:00Z,11.4,0.0,58,77.0,310.7,1
2025-07-15T08:00:00Z,10.2,0.0,42,3.0,24.2,0
2025-07-15T09:00:00Z,9.6,0.0,96,0.0,0.0,0
2025-07-15T10:00:00Z,8.8,0.0,92,0.0,0.0,0
2025-07-15T11:00:00Z,8.3,0.0,84,0.0,0.0,0
2025-07-15T12:00:00Z,8.1,0.0,77,0.0,0.0,0
2025-07-15T13:00:00Z,8.3,0.0,98,0.0,0.0,0
2025-07-15T14:00:00Z,8.4,0.0,98,0.0,0.0,0
2025-07-15T15:00:00Z,8.2,0.0,99,0.0,0.0,0
2025-07-15T16:00:00Z,8.5,0.0,72,0.0,0.0,0
2025-07-15T17:00:00Z,8.6,0.0,53,0.0,0.0,0
2025-07-15T18:00:00Z,8.8,0.0,14,0.0,0.0,0
2025-07-15T19:00:00Z,8.7,0.0,88,0.0,0.0,0
2025-07-15T20:00:00Z,8.9,0.0,91,0.0,0.0,0
2025-07-15T21:00:00Z,8.9,0.0,100,0.0,0.0,0
2025-07-15T22:00:00Z,8.9,0.0,100,2.0,0.0,1
2025-07-15T23:00:00Z,9.5,0.0,100,35.0,0.0,1
2025-07-16T00:00:00Z,10.9,0.0,100,98.0,29.6,1
2025-07-16T01:00:00Z,11.9,0.0,99,194.0,131.4,1
2025-07-16T02:00:00Z,12.8,0.0,100,188.0,20.4,1
2025-07-16T03:00:00Z,13.2,0.0,100,212.0,103.7,1
2025-07-16T04:00:00Z,13.8,0.0,100,251.0,169.7,1
2025-07-16T05:00:00Z,13.9,0.0,100,145.0,71.2,1
2025-07-16T06:00:00Z,13.3,0.1,100,106.0,62.5,1
2025-07-16T07:00:00Z,12.4,0.0,99,50.0,59.6,1
2025-07-16T08:00:00Z,11.4,0.0,100,2.0,0.0,0
2025-07-16T09:00:00Z,10.9,0.0,100,0.0,0.0,0
2025-07-16T10:00:00Z,10.9,0.0,100,0.0,0.0,0
2025-07-16T11:00:00Z,10.9,0.0,100,0.0,0.0,0
2025-07-16T12:00:00Z,11.1,0.0,100,0.0,0.0,0
2025-07-16T13:00:00Z,10.9,0.0,100,0.0,0.0,0
2025-07-16T14:00:00Z,11.1,0.0,100,0.0,0.0,0
2025-07-16T15:00:00Z,10.6,0.0,100,0.0,0.0,0
2025-07-16T16:00:00Z,10.2,0.0,100,0.0,0.0,0
2025-07-16T17:00:00Z,10.1,0.0,99,0.0,0.0,0
2025-07-16T18:00:00Z,10.2,0.0,100,0.0,0.0,0
2025-07-16T19:00:00Z,10.1,0.0,99,0.0,0.0,0
2025-07-16T20:00:00Z,10.2,0.0,86,0.0,0.0,0
2025-07-16T21:00:00Z,10.1,0.0,95,0.0,0.0,0
2025-07-16T22:00:00Z,10.0,0.0,96,7.0,37.1,1
2025-07-16T23:00:00Z,10.4,0.0,100,51.0,134.6,1
2025-07-17T00:00:00Z,10.1,0.0,100,40.0,0.0,1
2025-07-17T01:00:00Z,11.4,0.1,47,66.0,0.0,1
2025-07-17T02:00:00Z,12.9,0.1,92,283.0,317.3,1
2025-07-17T03:00:00Z,13.4,0.0,84,394.0,445.8,1
2025-07-17T04:00:00Z,12.9,1.2,30,351.0,516.7,1
2025-07-17T05:00:00Z,12.5,2.1,75,316.0,566.3,1
2025-07-17T06:00:00Z,11.1,0.5,2,127.0,182.4,1
2025-07-17T07:00:00Z,10.5,0.0,34,73.0,300.0,1
2025-07-17T08:00:00Z,9.6,0.0,25,3.0,22.9,0
2025-07-17T09:00:00Z,9.0,0.0,24,0.0,0.0,0
2025-07-17T10:00:00Z,8.0,0.0,26,0.0,0.0,0
2025-07-17T11:00:00Z,7.7,0.0,32,0.0,0.0,0
2025-07-17T12:00:00Z,6.9,0.0,5,0.0,0.0,0
2025-07-17T13:00:00Z,6.6,0.0,0,0.0,0.0,0
2025-07-17T14:00:00Z,6.2,0.0,0,0.0,0.0,0
2025-07-17T15:00:00Z,6.2,0.0,0,0.0,0.0,0
2025-07-17T16:00:00Z,6.1,0.0,0,0.0,0.0,0
2025-07-17T17:00:00Z,5.7,0.0,0,0.0,0.0,0
2025-07-17T18:00:00Z,5.2,0.0,0,0.0,0.0,0
2025-07-17T19:00:00Z,4.8,0.0,0,0.0,0.0,0
2025-07-17T20:00:00Z,4.7,0.0,9,0.0,0.0,0
2025-07-17T21:00:00Z,4.5,0.0,22,0.0,0.0,0
2025-07-17T22:00:00Z,4.8,0.0,36,7.0,54.7,1
2025-07-17T23:00:00Z,6.2,0.0,21,105.0,392.6,1
2025-07-18T00:00:00Z,8.4,0.0,2,256.0,609.3,1
2025-07-18T01:00:00Z,11.5,0.0,1,394.0,775.0,1
2025-07-18T02:00:00Z,13.1,0.0,0,477.0,823.7,1
2025-07-18T03:00:00Z,13.8,0.0,2,506.0,852.2,1
2025-07-18T04:00:00Z,14.1,0.0,3,454.0,759.5,1
2025-07-18T05:00:00Z,14.2,0.0,1,360.0,645.1,1
2025-07-18T06:00:00Z,14.1,0.0,0,251.0,658.3,1
2025-07-18T07:00:00Z,12.4,0.0,4,101.0,488.9,1
2025-07-18T08:00:00Z,10.8,0.0,9,4.0,22.3,0
2025-07-18T09:00:00Z,10.1,0.0,65,0.0,0.0,0
2025-07-18T10:00:00Z,9.1,0.0,97,0.0,0.0,0
2025-07-18T11:00:00Z,8.2,0.0,100,0.0,0.0,0
2025-07-18T12:00:00Z,7.7,0.0,99,0.0,0.0,0
2025-07-18T13:00:00Z,7.7,0.0,87,0.0,0.0,0
2025-07-18T14:00:00Z,7.6,0.0,62,0.0,0.0,0
2025-07-18T15:00:00Z,7.2,0.0,39,0.0,0.0,0
2025-07-18T16:00:00Z,7.1,0.0,5,0.0,0.0,0
2025-07-18T17:00:00Z,7.0,0.0,1,0.0,0.0,0
2025-07-18T18:00:00Z,6.8,0.0,2,0.0,0.0,0
2025-07-18T19:00:00Z,6.6,0.0,0,0.0,0.0,0
2025-07-18T20:00:00Z,6.3,0.0,85,0.0,0.0,0
2025-07-18T21:00:00Z,6.2,0.0,98,0.0,0.0,0
2025-07-18T22:00:00Z,6.3,0.0,91,8.0,35.8,1
2025-07-18T23:00:00Z,7.4,0.0,100,110.0,362.6,1
2025-07-19T00:00:00Z,9.7,0.0,99,259.0,592.0,1
2025-07-19T01:00:00Z,10.0,0.0,99,360.0,526.2,1
2025-07-19T02:00:00Z,11.4,0.0,90,456.0,678.5,1
2025-07-19T03:00:00Z,12.3,0.0,48,499.0,797.6,1
2025-07-19T04:00:00Z,13.1,0.0,100,484.0,838.8,1
2025-07-19T05:00:00Z,12.7,0.0,100,90.0,0.0,1
2025-07-19T06:00:00Z,12.6,0.0,100,41.0,0.0,1
2025-07-19T07:00:00Z,12.4,0.0,100,31.0,7.1,1
2025-07-19T08:00:00Z,12.1,0.0,32,1.0,0.0,0
2025-07-19T09:00:00Z,11.1,0.1,27,0.0,0.0,0
2025-07-19T10:00:00Z,10.1,0.1,5,0.0,0.0,0
2025-07-19T11:00:00Z,9.5,0.0,4,0.0,0.0,0
2025-07-19T12:00:00Z,8.9,0.0,0,0.0,0.0,0
2025-07-19T13:00:00Z,8.3,0.0,15,0.0,0.0,0
2025-07-19T14:00:00Z,8.1,0.0,61,0.0,0.0,0
2025-07-19T15:00:00Z,7.8,0.0,100,0.0,0.0,0
2025-07-19T16:00:00Z,7.7,0.0,95,0.0,0.0,0
2025-07-19T17:00:00Z,7.2,0.0,99,0.0,0.0,0
2025-07-19T18:00:00Z,6.8,0.0,91,0.0,0.0,0
2025-07-19T19:00:00Z,6.5,0.0,100,0.0,0.0,0
2025-07-19T20:00:00Z,5.6,0.0,94,0.0,0.0,0
2025-07-19T21:00:00Z,4.7,0.0,49,0.0,0.0,0
2025-07-19T22:00:00Z,5.1,0.0,12,8.0,52.7,1
2025-07-19T23:00:00Z,6.4,0.0,36,118.0,499.7,1
2025-07-20T00:00:00Z,8.7,0.0,44,271.0,683.3,1
2025-07-20T01:00:00Z,11.6,0.0,96,394.0,761.3,1
2025-07-20T02:00:00Z,12.7,0.0,100,470.0,779.0,1
2025-07-20T03:00:00Z,13.2,0.0,100,469.0,676.5,1
2025-07-20T04:00:00Z,13.6,0.0,100,395.0,439.3,1
2025-07-20T05:00:00Z,13.8,0.0,100,310.0,354.2,1
2025-07-20T06:00:00Z,13.1,0.0,100,187.0,207.7,1
2025-07-20T07:00:00Z,11.7,0.0,100,73.0,83.3,1
2025-07-20T08:00:00Z,10.3,0.0,100,3.0,0.0,0
2025-07-20T09:00:00Z,9.6,0.0,100,0.0,0.0,0
2025-07-20T10:00:00Z,9.0,0.0,82,0.0,0.0,0
2025-07-20T11:00:00Z,8.3,0.0,92,0.0,0.0,0
2025-07-20T12:00:00Z,7.8,0.0,100,0.0,0.0,0
2025-07-20T13:00:00Z,7.0,0.0,55,0.0,0.0,0
2025-07-20T14:00:00Z,6.4,0.0,0,0.0,0.0,0
2025-07-20T15:00:00Z,6.0,0.0,0,0.0,0.0,0
2025-07-20T16:00:00Z,5.9,0.0,0,0.0,0.0,0
2025-07-20T17:00:00Z,6.2,0.0,33,0.0,0.0,0
2025-07-20T18:00:00Z,6.4,0.0,66,0.0,0.0,0
2025-07-20T19:00:00Z,6.6,0.0,99,0.0,0.0,0
2025-07-20T20:00:00Z,6.8,0.0,99,0.0,0.0,0
2025-07-20T21:00:00Z,7.2,0.0,100,0.0,0.0,0
2025-07-20T22:00:00Z,7.6,0.0,100,7.0,0.0,1
2025-07-20T23:00:00Z,9.1,0.0,79,100.0,243.4,1
2025-07-21T00:00:00Z,10.9,0.0,50,267.0,633.7,1
2025-07-21T01:00:00Z,12.7,0.0,93,399.0,763.6,1
2025-07-21T02:00:00Z,13.9,0.0,100,473.0,764.7,1
2025-07-21T03:00:00Z,14.6,0.0,96,488.0,718.6,1
2025-07-21T04:00:00Z,15.1,0.0,96,457.0,698.4,1
2025-07-21T05:00:00Z,15.2,0.0,92,378.0,677.6,1
2025-07-21T06:00:00Z,14.8,0.0,14,248.0,564.5,1
2025-07-21T07:00:00Z,13.5,0.0,7,106.0,470.7,1
2025-07-21T08:00:00Z,12.6,0.0,89,5.0,41.2,0
2025-07-21T09:00:00Z,12.3,0.0,94,0.0,0.0,0
2025-07-21T10:00:00Z,12.6,0.0,100,0.0,0.0,0
2025-07-21T11:00:00Z,13.2,0.0,100,0.0,0.0,0
2025-07-21T12:00:00Z,13.8,0.0,100,0.0,0.0,0
2025-07-21T13:00:00Z,14.3,0.0,100,0.0,0.0,0
2025-07-21T14:00:00Z,14.4,0.0,100,0.0,0.0,0
2025-07-21T15:00:00Z,13.7,0.0,100,0.0,0.0,0
2025-07-21T16:00:00Z,13.2,0.0,87,0.0,0.0,0
2025-07-21T17:00:00Z,12.9,0.0,93,0.0,0.0,0
2025-07-21T18:00:00Z,12.9,0.0,99,0.0,0.0,0
2025-07-21T19:00:00Z,12.6,0.0,77,0.0,0.0,0
2025-07-21T20:00:00Z,12.8,0.0,99,0.0,0.0,0
2025-07-21T21:00:00Z,12.5,0.0,100,0.0,0.0,0
2025-07-21T22:00:00Z,12.4,0.1,96,5.0,0.0,1
2025-07-21T23:00:00Z,12.8,0.1,100,75.0,114.0,1
2025-07-22T00:00:00Z,12.8,0.7,100,100.0,18.9,1
2025-07-22T01:00:00Z,12.9,1.6,100,165.0,32.3,1
2025-07-22T02:00:00Z,12.6,3.4,100,190.0,33.7,1
2025-07-22T03:00:00Z,11.2,4.6,100,105.0,0.0,1
2025-07-22T04:00:00Z,11.3,1.8,100,89.0,0.0,1
2025-07-22T05:00:00Z,11.4,0.3,43,84.0,2.4,1
2025-07-22T06:00:00Z,12.1,0.0,22,222.0,470.6,1
2025-07-22T07:00:00Z,11.9,0.0,49,95.0,375.5,1
2025-07-22T08:00:00Z,11.2,0.0,42,4.0,20.1,0
2025-07-22T09:00:00Z,10.9,0.0,23,0.0,0.0,0
2025-07-22T10:00:00Z,10.9,0.0,58,0.0,0.0,0
2025-07-22T11:00:00Z,10.6,0.0,15,0.0,0.0,0
2025-07-22T12:00:00Z,10.1,0.0,24,0.0,0.0,0
2025-07-22T13:00:00Z,9.6,0.0,51,0.0,0.0,0
2025-07-22T14:00:00Z,9.3,0.0,33,0.0,0.0,0
2025-07-22T15:00:00Z,8.9,0.0,43,0.0,0.0,0
2025-07-22T16:00:00Z,8.6,0.0,34,0.0,0.0,0
2025-07-22T17:00:00Z,8.4,0.0,23,0.0,0.0,0
2025-07-22T18:00:00Z,8.1,0.0,11,0.0,0.0,0
2025-07-22T19:00:00Z,7.7,0.0,11,0.0,0.0,0
2025-07-22T20:00:00Z,7.6,0.0,3,0.0,0.0,0
2025-07-22T21:00:00Z,7.1,0.0,3,0.0,0.0,0
2025-07-22T22:00:00Z,7.1,0.0,6,10.0,82.9,1
2025-07-22T23:00:00Z,8.1,0.0,10,125.0,503.0,1
2025-07-23T00:00:00Z,9.2,0.0,2,281.0,695.3,1
2025-07-23T01:00:00Z,10.2,0.0,45,406.0,774.6,1
2025-07-23T02:00:00Z,10.6,0.0,44,347.0,458.8,1
2025-07-23T03:00:00Z,11.4,0.0,98,393.0,490.1,1
2025-07-23T04:00:00Z,11.4,0.0,88,228.0,101.4,1
2025-07-23T05:00:00Z,12.0,0.0,100,325.0,401.1,1
2025-07-23T06:00:00Z,9.9,1.2,99,141.0,104.4,1
2025-07-23T07:00:00Z,10.3,0.0,100,64.0,131.8,1
2025-07-23T08:00:00Z,9.8,0.0,98,4.0,0.0,0
2025-07-23T09:00:00Z,9.1,0.0,99,0.0,0.0,0
2025-07-23T10:00:00Z,8.4,0.0,7,0.0,0.0,0
2025-07-23T11:00:00Z,7.9,0.0,12,0.0,0.0,0
2025-07-23T12:00:00Z,7.4,0.0,21,0.0,0.0,0
2025-07-23T13:00:00Z,7.2,0.0,14,0.0,0.0,0
2025-07-23T14:00:00Z,6.6,0.0,29,0.0,0.0,0
2025-07-23T15:00:00Z,6.2,0.0,9,0.0,0.0,0
2025-07-23T16:00:00Z,6.0,0.0,1,0.0,0.0,0
2025-07-23T17:00:00Z,5.8,0.0,0,0.0,0.0,0
2025-07-23T18:00:00Z,5.8,0.0,0,0.0,0.0,0
2025-07-23T19:00:00Z,5.7,0.0,0,0.0,0.0,0
2025-07-23T20:00:00Z,5.6,0.0,2,0.0,0.0,0
2025-07-23T21:00:00Z,5.3,0.0,1,0.0,0.0,0
2025-07-23T22:00:00Z,5.3,0.0,9,11.0,81.2,1
2025-07-23T23:00:00Z,6.8,0.0,15,124.0,472.4,1
2025-07-24T00:00:00Z,9.1,0.0,11,273.0,633.8,1
2025-07-24T01:00:00Z,11.8,0.0,11,407.0,771.9,1
2025-07-24T02:00:00Z,13.4,0.0,21,478.0,771.2,1
2025-07-24T03:00:00Z,14.4,0.0,20,468.0,693.5,1
2025-07-24T04:00:00Z,15.1,0.0,39,422.0,636.7,1
2025-07-24T05:00:00Z,15.1,0.0,60,345.0,556.7,1
2025-07-24T06:00:00Z,14.6,0.0,100,259.0,623.7,1
2025-07-24T07:00:00Z,13.1,0.0,96,106.0,427.6,1
2025-07-24T08:00:00Z,11.6,0.0,100,6.0,19.1,0
2025-07-24T09:00:00Z,10.6,0.0,100,0.0,0.0,0
2025-07-24T10:00:00Z,9.9,0.0,15,0.0,0.0,0
2025-07-24T11:00:00Z,9.1,0.0,0,0.0,0.0,0
2025-07-24T12:00:00Z,8.6,0.0,0,0.0,0.0,0
2025-07-24T13:00:00Z,7.8,0.0,93,0.0,0.0,0
2025-07-24T14:00:00Z,7.4,0.0,100,0.0,0.0,0
2025-07-24T15:00:00Z,7.4,0.0,100,0.0,0.0,0
2025-07-24T16:00:00Z,7.3,0.0,100,0.0,0.0,0
2025-07-24T17:00:00Z,7.0,0.0,100,0.0,0.0,0
2025-07-24T18:00:00Z,7.1,0.0,73,0.0,0.0,0
2025-07-24T19:00:00Z,7.1,0.0,100,0.0,0.0,0
2025-07-24T20:00:00Z,7.1,0.0,100,0.0,0.0,0
2025-07-24T21:00:00Z,7.2,0.0,100,0.0,0.0,0
2025-07-24T22:00:00Z,7.6,0.0,100,6.0,0.0,1
2025-07-24T23:00:00Z,8.3,0.1,100,43.0,11.5,1
2025-07-25T00:00:00Z,9.1,0.0,100,93.0,21.5,1
2025-07-25T01:00:00Z,10.9,0.0,100,264.0,187.7,1
2025-07-25T02:00:00Z,10.8,0.0,100,155.0,15.6,1
2025-07-25T03:00:00Z,10.4,0.0,100,100.0,0.0,1
2025-07-25T04:00:00Z,10.3,0.0,100,53.0,0.0,1
2025-07-25T05:00:00Z,10.6,0.0,100,35.0,0.0,1
2025-07-25T06:00:00Z,10.9,0.0,100,45.0,0.0,1
2025-07-25T07:00:00Z,10.1,0.4,100,19.0,0.0,1
2025-07-25T08:00:00Z,8.7,0.9,100,1.0,0.0,0
2025-07-25T09:00:00Z,7.9,1.3,100,0.0,0.0,0
2025-07-25T10:00:00Z,7.7,0.6,100,0.0,0.0,0
2025-07-25T11:00:00Z,8.2,0.4,100,0.0,0.0,0
2025-07-25T12:00:00Z,9.1,0.4,100,0.0,0.0,0
2025-07-25T13:00:00Z,11.0,0.3,100,0.0,0.0,0
2025-07-25T14:00:00Z,9.9,1.1,79,0.0,0.0,0
2025-07-25T15:00:00Z,9.4,1.1,98,0.0,0.0,0
2025-07-25T16:00:00Z,9.5,0.9,100,0.0,0.0,0
2025-07-25T17:00:00Z,9.6,0.3,95,0.0,0.0,0
2025-07-25T18:00:00Z,9.4,0.5,100,0.0,0.0,0
2025-07-25T19:00:00Z,9.6,0.1,100,0.0,0.0,0
2025-07-25T20:00:00Z,9.5,0.0,98,0.0,0.0,0
2025-07-25T21:00:00Z,9.6,0.0,97,0.0,0.0,0
2025-07-25T22:00:00Z,9.9,0.0,100,7.0,15.6,1
2025-07-25T23:00:00Z,10.4,0.0,100,32.0,0.0,1
2025-07-26T00:00:00Z,10.5,0.0,100,51.0,0.0,1
2025-07-26T01:00:00Z,11.3,0.3,100,78.0,9.0,1
2025-07-26T02:00:00Z,11.5,1.2,100,154.0,48.4,1
2025-07-26T03:00:00Z,11.3,0.5,100,91.0,13.0,1
2025-07-26T04:00:00Z,11.8,0.2,100,86.0,0.0,1
2025-07-26T05:00:00Z,11.8,0.1,100,62.0,0.0,1
2025-07-26T06:00:00Z,11.7,0.2,100,58.0,3.2,1
2025-07-26T07:00:00Z,11.4,0.1,98,29.0,12.5,1
2025-07-26T08:00:00Z,11.3,0.0,99,3.0,0.0,0
2025-07-26T09:00:00Z,11.1,0.2,100,0.0,0.0,0
2025-07-26T10:00:00Z,11.0,0.7,100,0.0,0.0,0
2025-07-26T11:00:00Z,10.9,0.2,98,0.0,0.0,0
2025-07-26T12:00:00Z,10.6,0.0,72,0.0,0.0,0
2025-07-26T13:00:00Z,10.9,0.7,98,0.0,0.0,0
2025-07-26T14:00:00Z,10.5,1.1,100,0.0,0.0,0
2025-07-26T15:00:00Z,10.3,1.0,100,0.0,0.0,0
2025-07-26T16:00:00Z,10.1,3.3,100,0.0,0.0,0
2025-07-26T17:00:00Z,10.1,0.9,100,0.0,0.0,0
2025-07-26T18:00:00Z,10.1,0.1,100,0.0,0.0,0
2025-07-26T19:00:00Z,9.9,0.1,100,0.0,0.0,0
2025-07-26T20:00:00Z,9.6,0.0,92,0.0,0.0,0
2025-07-26T21:00:00Z,7.5,0.0,88,0.0,0.0,0
2025-07-26T22:00:00Z,8.2,0.0,100,10.0,30.5,1
2025-07-26T23:00:00Z,9.1,0.3,100,77.0,50.2,1
2025-07-27T00:00:00Z,9.6,0.1,99,103.0,12.0,1
2025-07-27T01:00:00Z,12.0,0.1,100,282.0,207.5,1
2025-07-27T02:00:00Z,12.7,0.3,74,327.0,271.0,1
2025-07-27T03:00:00Z,13.7,0.2,93,481.0,677.7,1
2025-07-27T04:00:00Z,13.1,1.3,90,269.0,229.1,1
2025-07-27T05:00:00Z,11.8,4.4,58,198.0,168.8,1
2025-07-27T06:00:00Z,12.4,0.0,99,164.0,235.8,1
2025-07-27T07:00:00Z,11.6,0.0,95,83.0,197.1,1
2025-07-27T08:00:00Z,10.6,0.4,100,5.0,17.7,0
2025-07-27T09:00:00Z,10.0,0.1,41,0.0,0.0,0
2025-07-27T10:00:00Z,9.9,0.2,53,0.0,0.0,0
2025-07-27T11:00:00Z,10.2,0.3,62,0.0,0.0,0
2025-07-27T12:00:00Z,10.1,0.1,52,0.0,0.0,0
2025-07-27T13:00:00Z,10.3,0.3,93,0.0,0.0,0
2025-07-27T14:00:00Z,9.9,0.1,43,0.0,0.0,0
2025-07-27T15:00:00Z,9.5,0.1,56,0.0,0.0,0
2025-07-27T16:00:00Z,9.3,0.0,46,0.0,0.0,0
2025-07-27T17:00:00Z,9.4,0.1,31,0.0,0.0,0
2025-07-27T18:00:00Z,9.2,0.0,48,0.0,0.0,0
2025-07-27T19:00:00Z,9.4,0.0,100,0.0,0.0,0
2025-07-27T20:00:00Z,9.8,0.0,79,0.0,0.0,0
2025-07-27T21:00:00Z,10.0,0.7,76,0.0,0.0,0
2025-07-27T22:00:00Z,10.0,0.0,46,8.0,29.9,1
2025-07-27T23:00:00Z,10.8,0.0,46,114.0,323.6,1
2025-07-28T00:00:00Z,11.9,0.0,42,245.0,477.5,1
2025-07-28T01:00:00Z,13.3,0.0,30,369.0,613.5,1
2025-07-28T02:00:00Z,13.6,0.0,22,454.0,681.9,1
2025-07-28T03:00:00Z,13.7,0.0,46,501.0,746.8,1
2025-07-28T04:00:00Z,13.9,0.0,55,378.0,503.5,1
2025-07-28T05:00:00Z,13.4,0.1,39,323.0,523.2,1
2025-07-28T06:00:00Z,13.3,0.1,29,234.0,520.2,1
2025-07-28T07:00:00Z,12.3,0.1,30,92.0,321.1,1
2025-07-28T08:00:00Z,11.3,0.0,11,7.0,52.0,0
2025-07-28T09:00:00Z,10.6,0.0,32,0.0,0.0,0
2025-07-28T10:00:00Z,10.1,0.0,34,0.0,0.0,0
2025-07-28T11:00:00Z,9.4,0.0,31,0.0,0.0,0
2025-07-28T12:00:00Z,9.1,0.0,42,0.0,0.0,0
2025-07-28T13:00:00Z,8.9,0.0,18,0.0,0.0,0
2025-07-28T14:00:00Z,8.1,0.0,34,0.0,0.0,0
2025-07-28T15:00:00Z,7.8,0.0,36,0.0,0.0,0
2025-07-28T16:00:00Z,7.6,0.0,36,0.0,0.0,0
2025-07-28T17:00:00Z,7.2,0.0,27,0.0,0.0,0
2025-07-28T18:00:00Z,6.9,0.0,16,0.0,0.0,0
2025-07-28T19:00:00Z,6.8,0.0,23,0.0,0.0,0
2025-07-28T20:00:00Z,6.9,0.0,25,0.0,0.0,0
2025-07-28T21:00:00Z,6.6,0.0,25,0.0,0.0,0
2025-07-28T22:00:00Z,6.9,0.0,83,14.0,87.6,1
2025-07-28T23:00:00Z,8.1,0.1,85,106.0,291.4,1
2025-07-29T00:00:00Z,9.3,0.6,69,217.0,363.6,1
2025-07-29T01:00:00Z,10.7,0.0,39,345.0,483.7,1
2025-07-29T02:00:00Z,11.9,0.1,25,468.0,683.2,1
2025-07-29T03:00:00Z,12.4,0.0,17,487.0,709.4,1
2025-07-29T04:00:00Z,12.6,0.0,17,472.0,718.8,1
2025-07-29T05:00:00Z,12.2,0.0,31,375.0,647.6,1
2025-07-29T06:00:00Z,11.5,0.0,80,256.0,564.8,1
2025-07-29T07:00:00Z,10.6,0.0,64,114.0,417.0,1
2025-07-29T08:00:00Z,9.4,0.0,74,8.0,50.7,0
2025-07-29T09:00:00Z,9.3,0.0,47,0.0,0.0,0
2025-07-29T10:00:00Z,9.1,0.0,31,0.0,0.0,0
2025-07-29T11:00:00Z,8.6,0.0,19,0.0,0.0,0
2025-07-29T12:00:00Z,7.9,0.0,40,0.0,0.0,0
2025-07-29T13:00:00Z,8.6,0.1,86,0.0,0.0,0
2025-07-29T14:00:00Z,8.9,0.0,100,0.0,0.0,0
2025-07-29T15:00:00Z,8.1,0.0,20,0.0,0.0,0
2025-07-29T16:00:00Z,6.9,0.0,34,0.0,0.0,0
2025-07-29T17:00:00Z,6.4,0.0,25,0.0,0.0,0
2025-07-29T18:00:00Z,6.0,0.0,31,0.0,0.0,0
2025-07-29T19:00:00Z,5.6,0.0,24,0.0,0.0,0
2025-07-29T20:00:00Z,5.3,0.0,99,0.0,0.0,0
2025-07-29T21:00:00Z,5.0,0.0,98,0.0,0.0,0
2025-07-29T22:00:00Z,5.4,0.0,98,10.0,14.3,1
2025-07-29T23:00:00Z,6.3,0.0,97,90.0,122.1,1
2025-07-30T00:00:00Z,7.2,0.0,98,177.0,105.4,1
2025-07-30T01:00:00Z,10.1,0.0,22,379.0,504.1,1
2025-07-30T02:00:00Z,11.2,0.0,7,476.0,641.0,1
2025-07-30T03:00:00Z,11.6,0.0,19,487.0,647.1,1
2025-07-30T04:00:00Z,11.6,0.0,60,418.0,512.3,1
2025-07-30T05:00:00Z,11.5,0.0,48,339.0,459.8,1
2025-07-30T06:00:00Z,11.0,0.0,37,221.0,379.1,1
2025-07-30T07:00:00Z,10.1,0.0,31,112.0,375.0,1
2025-07-30T08:00:00Z,9.9,0.0,6,9.0,49.6,0
2025-07-30T09:00:00Z,9.9,0.0,7,0.0,0.0,0
2025-07-30T10:00:00Z,9.3,0.0,8,0.0,0.0,0
2025-07-30T11:00:00Z,8.6,0.0,4,0.0,0.0,0
2025-07-30T12:00:00Z,7.9,0.0,1,0.0,0.0,0
2025-07-30T13:00:00Z,7.3,0.0,0,0.0,0.0,0
2025-07-30T14:00:00Z,6.8,0.0,1,0.0,0.0,0
2025-07-30T15:00:00Z,6.1,0.0,6,0.0,0.0,0
2025-07-30T16:00:00Z,5.7,0.0,6,0.0,0.0,0
2025-07-30T17:00:00Z,5.7,0.0,6,0.0,0.0,0
2025-07-30T18:00:00Z,5.5,0.0,0,0.0,0.0,0
2025-07-30T19:00:00Z,5.2,0.0,3,0.0,0.0,0
2025-07-30T20:00:00Z,5.3,0.0,3,0.0,0.0,0
2025-07-30T21:00:00Z,5.2,0.0,4,0.0,0.0,0
2025-07-30T22:00:00Z,5.7,0.0,10,16.0,111.7,1
2025-07-30T23:00:00Z,7.5,0.0,10,142.0,501.2,1
2025-07-31T00:00:00Z,9.1,0.0,24,303.0,690.1,1
2025-07-31T01:00:00Z,10.8,0.0,40,438.0,797.1,1
2025-07-31T02:00:00Z,11.5,0.0,31,488.0,741.6,1
2025-07-31T03:00:00Z,11.9,0.0,39,447.0,580.1,1
2025-07-31T04:00:00Z,12.0,0.0,44,401.0,524.0,1
2025-07-31T05:00:00Z,12.1,0.0,82,351.0,496.3,1
2025-07-31T06:00:00Z,11.6,0.0,83,159.0,136.3,1
2025-07-31T07:00:00Z,11.1,0.0,90,87.0,155.6,1
2025-07-31T08:00:00Z,10.6,0.0,98,7.0,16.1,0
2025-07-31T09:00:00Z,10.1,0.0,74,0.0,0.0,0
2025-07-31T10:00:00Z,9.6,0.0,25,0.0,0.0,0
2025-07-31T11:00:00Z,8.8,0.0,3,0.0,0.0,0
2025-07-31T12:00:00Z,7.8,0.0,15,0.0,0.0,0
2025-07-31T13:00:00Z,7.0,0.0,2,0.0,0.0,0
2025-07-31T14:00:00Z,6.8,0.0,1,0.0,0.0,0
2025-07-31T15:00:00Z,6.6,0.0,2,0.0,0.0,0
2025-07-31T16:00:00Z,6.2,0.0,6,0.0,0.0,0
2025-07-31T17:00:00Z,5.3,0.0,8,0.0,0.0,0
2025-07-31T18:00:00Z,5.0,0.0,6,0.0,0.0,0
2025-07-31T19:00:00Z,4.6,0.0,13,0.0,0.0,0
2025-07-31T20:00:00Z,4.0,0.0,6,0.0,0.0,0
2025-07-31T21:00:00Z,3.4,0.0,20,0.0,0.0,0
2025-07-31T22:00:00Z,3.5,0.0,100,15.0,81.9,1
2025-07-31T23:00:00Z,4.8,0.0,100,129.0,364.5,1
2025-08-01T00:00:00Z,6.4,0.0,50,273.0,505.2,1
2025-08-01T01:00:00Z,7.2,0.0,99,328.0,281.5,1
2025-08-01T02:00:00Z,9.0,0.0,44,468.0,600.8,1
2025-08-01T03:00:00Z,10.0,0.0,50,517.0,715.6,1
2025-08-01T04:00:00Z,10.6,0.0,32,480.0,685.9,1
2025-08-01T05:00:00Z,10.9,0.0,36,385.0,618.0,1
2025-08-01T06:00:00Z,10.9,0.0,22,255.0,524.9,1
2025-08-01T07:00:00Z,10.4,0.0,46,115.0,374.0,1
2025-08-01T08:00:00Z,9.1,0.0,59,10.0,63.1,0
2025-08-01T09:00:00Z,9.1,0.0,94,0.0,0.0,0
2025-08-01T10:00:00Z,9.6,0.0,90,0.0,0.0,0
2025-08-01T11:00:00Z,9.8,0.0,98,0.0,0.0,0
2025-08-01T12:00:00Z,9.5,0.0,36,0.0,0.0,0
2025-08-01T13:00:00Z,8.0,0.0,1,0.0,0.0,0
2025-08-01T14:00:00Z,7.6,0.0,0,0.0,0.0,0
2025-08-01T15:00:00Z,6.4,0.0,8,0.0,0.0,0
2025-08-01T16:00:00Z,5.7,0.0,70,0.0,0.0,0
2025-08-01T17:00:00Z,5.0,0.0,100,0.0,0.0,0
2025-08-01T18:00:00Z,5.0,0.0,92,0.0,0.0,0
2025-08-01T19:00:00Z,5.8,0.0,100,0.0,0.0,0
2025-08-01T20:00:00Z,5.6,0.0,100,0.0,0.0,0
2025-08-01T21:00:00Z,5.2,0.0,100,0.0,0.0,0
2025-08-01T22:00:00Z,4.9,0.0,100,9.0,0.0,1
2025-08-01T23:00:00Z,5.5,0.0,100,77.0,50.5,1
2025-08-02T00:00:00Z,6.7,0.0,100,197.0,187.6,1
2025-08-02T01:00:00Z,8.6,0.0,100,283.0,202.6,1
2025-08-02T02:00:00Z,9.6,0.0,100,374.0,288.2,1
2025-08-02T03:00:00Z,11.2,0.0,47,498.0,624.0,1
2025-08-02T04:00:00Z,12.1,0.0,1,494.0,696.3,1
2025-08-02T05:00:00Z,13.0,0.0,0,427.0,770.6,1
2025-08-02T06:00:00Z,13.1,0.0,0,294.0,692.3,1
2025-08-02T07:00:00Z,12.1,0.0,0,133.0,512.8,1
2025-08-02T08:00:00Z,10.4,0.0,0,12.0,77.1,0
2025-08-02T09:00:00Z,9.2,0.0,0,0.0,0.0,0
2025-08-02T10:00:00Z,8.6,0.0,0,0.0,0.0,0
2025-08-02T11:00:00Z,8.1,0.0,0,0.0,0.0,0
2025-08-02T12:00:00Z,7.2,0.0,0,0.0,0.0,0
2025-08-02T13:00:00Z,6.2,0.0,0,0.0,0.0,0
2025-08-02T14:00:00Z,5.5,0.0,0,0.0,0.0,0
2025-08-02T15:00:00Z,4.9,0.0,0,0.0,0.0,0
2025-08-02T16:00:00Z,4.5,0.0,9,0.0,0.0,0
2025-08-02T17:00:00Z,4.2,0.0,9,0.0,0.0,0
2025-08-02T18:00:00Z,3.8,0.0,10,0.0,0.0,0
2025-08-02T19:00:00Z,3.5,0.0,6,0.0,0.0,0
2025-08-02T20:00:00Z,3.1,0.0,34,0.0,0.0,0
2025-08-02T21:00:00Z,2.8,0.0,35,0.0,0.0,0
2025-08-02T22:00:00Z,3.0,0.0,28,20.0,130.4,1
2025-08-02T23:00:00Z,5.0,0.0,1,159.0,555.6,1
2025-08-03T00:00:00Z,7.4,0.0,26,325.0,745.4,1
2025-08-03T01:00:00Z,10.4,0.0,11,460.0,835.6,1
2025-08-03T02:00:00Z,13.2,0.0,36,542.0,862.2,1
2025-08-03T03:00:00Z,15.1,0.0,61,568.0,868.2,1
2025-08-03T04:00:00Z,16.1,0.0,99,532.0,839.9,1
2025-08-03T05:00:00Z,16.5,0.0,50,441.0,792.9,1
2025-08-03T06:00:00Z,16.2,0.0,46,306.0,718.0,1
2025-08-03T07:00:00Z,14.6,0.0,33,140.0,537.4,1
2025-08-03T08:00:00Z,12.4,0.0,3,13.0,90.4,0
2025-08-03T09:00:00Z,11.6,0.0,0,0.0,0.0,0
2025-08-03T10:00:00Z,10.6,0.0,0,0.0,0.0,0
2025-08-03T11:00:00Z,9.6,0.0,0,0.0,0.0,0
2025-08-03T12:00:00Z,9.1,0.0,0,0.0,0.0,0
2025-08-03T13:00:00Z,9.1,0.0,2,0.0,0.0,0
2025-08-03T14:00:00Z,8.9,0.0,14,0.0,0.0,0
2025-08-03T15:00:00Z,8.5,0.0,99,0.0,0.0,0
2025-08-03T16:00:00Z,8.5,0.0,100,0.0,0.0,0
2025-08-03T17:00:00Z,8.8,0.0,81,0.0,0.0,0
2025-08-03T18:00:00Z,8.9,0.0,66,0.0,0.0,0
2025-08-03T19:00:00Z,9.1,0.0,96,0.0,0.0,0
2025-08-03T20:00:00Z,9.1,0.0,71,0.0,0.0,0
2025-08-03T21:00:00Z,9.2,0.0,89,0.0,0.0,0
2025-08-03T22:00:00Z,9.8,0.0,29,21.0,102.0,1
2025-08-03T23:00:00Z,11.6,0.0,98,157.0,507.0,1
2025-08-04T00:00:00Z,13.1,0.0,100,227.0,186.5,1
2025-08-04T01:00:00Z,14.6,0.0,87,422.0,640.1,1
2025-08-04T02:00:00Z,16.0,0.0,85,476.0,602.9,1
2025-08-04T03:00:00Z,16.5,0.0,92,478.0,516.0,1
2025-08-04T04:00:00Z,16.6,0.0,91,370.0,313.0,1
2025-08-04T05:00:00Z,16.7,0.0,60,233.0,135.5,1
2025-08-04T06:00:00Z,16.9,0.0,93,252.0,425.5,1
2025-08-04T07:00:00Z,16.2,0.0,75,92.0,145.7,1
2025-08-04T08:00:00Z,15.7,0.0,30,9.0,29.5,0
2025-08-04T09:00:00Z,15.4,0.0,14,0.0,0.0,0
2025-08-04T10:00:00Z,15.1,0.0,18,0.0,0.0,0
2025-08-04T11:00:00Z,15.1,0.0,15,0.0,0.0,0
2025-08-04T12:00:00Z,14.9,0.0,43,0.0,0.0,0
2025-08-04T13:00:00Z,15.1,0.0,65,0.0,0.0,0
2025-08-04T14:00:00Z,14.8,0.0,54,0.0,0.0,0
2025-08-04T15:00:00Z,13.5,1.1,100,0.0,0.0,0
2025-08-04T16:00:00Z,12.3,2.0,100,0.0,0.0,0
2025-08-04T17:00:00Z,11.9,0.7,100,0.0,0.0,0
2025-08-04T18:00:00Z,11.6,0.0,95,0.0,0.0,0
2025-08-04T19:00:00Z,11.2,0.1,34,0.0,0.0,0
2025-08-04T20:00:00Z,10.9,0.0,29,0.0,0.0,0
2025-08-04T21:00:00Z,10.4,0.0,49,0.0,0.0,0
2025-08-04T22:00:00Z,10.1,0.0,29,19.0,99.7,1
2025-08-04T23:00:00Z,11.0,0.0,20,149.0,445.5,1
2025-08-05T00:00:00Z,12.1,0.0,2,304.0,619.8,1
2025-08-05T01:00:00Z,13.9,0.0,49,454.0,799.3,1
2025-08-05T02:00:00Z,14.8,0.0,23,506.0,718.0,1
2025-08-05T03:00:00Z,15.4,0.0,10,494.0,644.6,1
2025-08-05T04:00:00Z,15.9,0.0,26,476.0,647.4,1
2025-08-05T05:00:00Z,15.6,0.0,8,320.0,343.5,1
2025-08-05T06:00:00Z,15.4,0.0,37,243.0,441.7,1
2025-08-05T07:00:00Z,14.2,0.0,13,123.0,382.2,1
2025-08-05T08:00:00Z,12.8,0.0,19,13.0,86.5,0
2025-08-05T09:00:00Z,11.8,0.0,6,0.0,0.0,0
2025-08-05T10:00:00Z,11.0,0.0,14,0.0,0.0,0
2025-08-05T11:00:00Z,10.6,0.0,7,0.0,0.0,0
2025-08-05T12:00:00Z,10.1,0.0,0,0.0,0.0,0
2025-08-05T13:00:00Z,10.1,0.0,4,0.0,0.0,0
2025-08-05T14:00:00Z,9.9,0.0,1,0.0,0.0,0
2025-08-05T15:00:00Z,10.1,0.0,2,0.0,0.0,0
2025-08-05T16:00:00Z,10.2,0.0,2,0.0,0.0,0
2025-08-05T17:00:00Z,10.1,0.0,1,0.0,0.0,0
2025-08-05T18:00:00Z,10.0,0.0,21,0.0,0.0,0
2025-08-05T19:00:00Z,9.9,0.0,99,0.0,0.0,0
2025-08-05T20:00:00Z,10.2,0.4,100,0.0,0.0,0
2025-08-05T21:00:00Z,10.3,0.0,83,0.0,0.0,0
2025-08-05T22:00:00Z,10.2,0.2,77,14.0,60.9,1
2025-08-05T23:00:00Z,11.1,0.2,54,101.0,160.1,1
2025-08-06T00:00:00Z,11.7,0.0,77,244.0,384.3,1
2025-08-06T01:00:00Z,11.9,0.1,33,196.0,130.1,1
2025-08-06T02:00:00Z,12.9,0.1,46,465.0,623.1,1
2025-08-06T03:00:00Z,13.2,0.3,44,524.0,705.8,1
2025-08-06T04:00:00Z,13.2,0.3,29,471.0,644.8,1
2025-08-06T05:00:00Z,13.3,0.0,68,371.0,559.0,1
2025-08-06T06:00:00Z,12.6,0.0,60,219.0,337.4,1
2025-08-06T07:00:00Z,11.5,0.0,38,109.0,266.4,1
2025-08-06T08:00:00Z,10.4,0.0,41,12.0,56.5,0
2025-08-06T09:00:00Z,9.9,0.0,40,0.0,0.0,0
2025-08-06T10:00:00Z,9.4,0.0,56,0.0,0.0,0
2025-08-06T11:00:00Z,9.1,0.0,53,0.0,0.0,0
2025-08-06T12:00:00Z,8.4,0.0,70,0.0,0.0,0
2025-08-06T13:00:00Z,7.3,0.0,38,0.0,0.0,0
2025-08-06T14:00:00Z,6.4,0.0,53,0.0,0.0,0
2025-08-06T15:00:00Z,5.8,0.0,18,0.0,0.0,0
2025-08-06T16:00:00Z,5.5,0.0,1,0.0,0.0,0
2025-08-06T17:00:00Z,4.8,0.0,2,0.0,0.0,0
2025-08-06T18:00:00Z,4.2,0.0,21,0.0,0.0,0
2025-08-06T19:00:00Z,3.8,0.0,24,0.0,0.0,0
2025-08-06T20:00:00Z,3.8,0.0,9,0.0,0.0,0
2025-08-06T21:00:00Z,3.5,0.0,5,0.0,0.0,0
2025-08-06T22:00:00Z,3.3,0.0,23,24.0,119.0,1
2025-08-06T23:00:00Z,5.6,0.0,33,155.0,434.8,1
2025-08-07T00:00:00Z,8.5,0.0,12,318.0,614.9,1
2025-08-07T01:00:00Z,10.7,0.0,66,465.0,778.1,1
2025-08-07T02:00:00Z,11.7,0.0,74,478.0,542.0,1
2025-08-07T03:00:00Z,11.9,0.0,59,415.0,359.9,1
2025-08-07T04:00:00Z,12.1,0.0,36,411.0,432.9,1
2025-08-07T05:00:00Z,12.1,0.0,48,341.0,353.1,1
2025-08-07T06:00:00Z,11.9,0.0,20,247.0,365.3,1
2025-08-07T07:00:00Z,11.2,0.0,28,129.0,354.7,1
2025-08-07T08:00:00Z,9.9,0.0,46,14.0,69.1,0
2025-08-07T09:00:00Z,9.8,0.0,40,0.0,0.0,0
2025-08-07T10:00:00Z,9.3,0.0,55,0.0,0.0,0
2025-08-07T11:00:00Z,8.9,0.0,12,0.0,0.0,0
2025-08-07T12:00:00Z,8.1,0.0,9,0.0,0.0,0
2025-08-07T13:00:00Z,6.7,0.0,32,0.0,0.0,0
2025-08-07T14:00:00Z,5.9,0.0,33,0.0,0.0,0
2025-08-07T15:00:00Z,5.3,0.0,24,0.0,0.0,0
2025-08-07T16:00:00Z,5.0,0.0,17,0.0,0.0,0
2025-08-07T17:00:00Z,4.3,0.0,9,0.0,0.0,0
2025-08-07T18:00:00Z,3.8,0.0,10,0.0,0.0,0
2025-08-07T19:00:00Z,3.7,0.0,34,0.0,0.0,0
2025-08-07T20:00:00Z,3.7,0.0,82,0.0,0.0,0
2025-08-07T21:00:00Z,4.1,0.0,94,0.0,0.0,0
2025-08-07T22:00:00Z,5.0,0.0,48,17.0,23.3,1
2025-08-07T23:00:00Z,6.4,0.0,24,129.0,213.6,1
2025-08-08T00:00:00Z,9.1,0.0,11,318.0,600.3,1
2025-08-08T01:00:00Z,10.4,0.0,19,424.0,576.7,1
2025-08-08T02:00:00Z,11.8,0.0,39,506.0,623.0,1
2025-08-08T03:00:00Z,12.2,0.0,38,468.0,490.3,1
2025-08-08T04:00:00Z,12.6,0.0,48,406.0,342.1,1
2025-08-08T05:00:00Z,12.5,0.0,43,356.0,415.0,1
2025-08-08T06:00:00Z,12.1,0.0,45,292.0,572.3,1
2025-08-08T07:00:00Z,11.3,0.0,23,143.0,445.3,1
2025-08-08T08:00:00Z,10.6,0.0,8,16.0,94.7,0
2025-08-08T09:00:00Z,10.6,0.0,9,0.0,0.0,0
2025-08-08T10:00:00Z,10.2,0.0,5,0.0,0.0,0
2025-08-08T11:00:00Z,9.7,0.0,3,0.0,0.0,0
2025-08-08T12:00:00Z,9.1,0.0,0,0.0,0.0,0
2025-08-08T13:00:00Z,7.9,0.0,0,0.0,0.0,0
2025-08-08T14:00:00Z,7.0,0.0,0,0.0,0.0,0
2025-08-08T15:00:00Z,6.8,0.0,7,0.0,0.0,0
2025-08-08T16:00:00Z,6.4,0.0,24,0.0,0.0,0
2025-08-08T17:00:00Z,6.1,0.0,100,0.0,0.0,0
2025-08-08T18:00:00Z,6.6,0.0,100,0.0,0.0,0
2025-08-08T19:00:00Z,7.4,0.0,100,0.0,0.0,0
2025-08-08T20:00:00Z,7.6,0.0,100,0.0,0.0,0
2025-08-08T21:00:00Z,7.6,0.0,100,0.0,0.0,0
2025-08-08T22:00:00Z,7.7,0.0,100,13.0,0.0,1
2025-08-08T23:00:00Z,8.0,0.0,99,72.0,0.0,1
2025-08-09T00:00:00Z,8.6,0.0,100,178.0,71.3,1
2025-08-09T01:00:00Z,10.2,0.0,41,359.0,312.1,1
2025-08-09T02:00:00Z,11.9,0.0,31,508.0,636.1,1
2025-08-09T03:00:00Z,13.1,0.0,22,567.0,784.5,1
2025-08-09T04:00:00Z,13.4,0.0,15,543.0,811.2,1
2025-08-09T05:00:00Z,12.6,0.0,4,459.0,796.8,1
2025-08-09T06:00:00Z,12.0,0.0,1,323.0,719.7,1
2025-08-09T07:00:00Z,11.5,0.0,0,156.0,553.1,1
2025-08-09T08:00:00Z,9.7,0.0,0,19.0,132.6,0
2025-08-09T09:00:00Z,9.4,0.0,0,0.0,0.0,0
2025-08-09T10:00:00Z,8.9,0.0,0,0.0,0.0,0
2025-08-09T11:00:00Z,8.4,0.0,0,0.0,0.0,0
2025-08-09T12:00:00Z,8.0,0.0,0,0.0,0.0,0
2025-08-09T13:00:00Z,6.8,0.0,0,0.0,0.0,0
2025-08-09T14:00:00Z,6.0,0.0,0,0.0,0.0,0
2025-08-09T15:00:00Z,5.2,0.0,1,0.0,0.0,0
2025-08-09T16:00:00Z,4.8,0.0,0,0.0,0.0,0
2025-08-09T17:00:00Z,4.6,0.0,0,0.0,0.0,0
2025-08-09T18:00:00Z,4.4,0.0,2,0.0,0.0,0
2025-08-09T19:00:00Z,4.3,0.0,11,0.0,0.0,0
2025-08-09T20:00:00Z,3.9,0.0,46,0.0,0.0,0
2025-08-09T21:00:00Z,3.7,0.0,87,0.0,0.0,0
2025-08-09T22:00:00Z,4.2,0.0,90,25.0,100.1,1
2025-08-09T23:00:00Z,6.0,0.0,62,146.0,311.6,1
2025-08-10T00:00:00Z,8.6,0.0,33,324.0,605.8,1
2025-08-10T01:00:00Z,10.4,0.0,14,454.0,679.0,1
2025-08-10T02:00:00Z,13.1,0.0,1,559.0,833.8,1
2025-08-10T03:00:00Z,14.7,0.0,10,589.0,863.1,1
2025-08-10T04:00:00Z,15.3,0.0,7,555.0,844.4,1
2025-08-10T05:00:00Z,15.2,0.0,1,468.0,815.4,1
2025-08-10T06:00:00Z,14.6,0.0,4,324.0,712.9,1
2025-08-10T07:00:00Z,13.4,0.0,2,157.0,539.7,1
2025-08-10T08:00:00Z,12.1,0.0,2,20.0,129.9,0
2025-08-10T09:00:00Z,11.9,0.0,1,0.0,0.0,0
2025-08-10T10:00:00Z,10.6,0.0,0,0.0,0.0,0
2025-08-10T11:00:00Z,9.6,0.0,0,0.0,0.0,0
2025-08-10T12:00:00Z,8.6,0.0,1,0.0,0.0,0
2025-08-10T13:00:00Z,7.8,0.0,0,0.0,0.0,0
2025-08-10T14:00:00Z,7.1,0.0,0,0.0,0.0,0
2025-08-10T15:00:00Z,6.2,0.0,1,0.0,0.0,0
2025-08-10T16:00:00Z,5.6,0.0,1,0.0,0.0,0
2025-08-10T17:00:00Z,5.1,0.0,1,0.0,0.0,0
2025-08-10T18:00:00Z,4.6,0.0,1,0.0,0.0,0
2025-08-10T19:00:00Z,4.7,0.0,0,0.0,0.0,0
2025-08-10T20:00:00Z,4.4,0.0,0,0.0,0.0,0
2025-08-10T21:00:00Z,4.3,0.0,0,0.0,0.0,0
2025-08-10T22:00:00Z,5.3,0.0,0,33.0,206.6,1
2025-08-10T23:00:00Z,7.4,0.0,0,185.0,586.5,1
2025-08-11T00:00:00Z,10.3,0.0,0,351.0,733.6,1
2025-08-11T01:00:00Z,13.3,0.0,0,480.0,798.0,1
2025-08-11T02:00:00Z,15.7,0.0,0,564.0,839.9,1
2025-08-11T03:00:00Z,16.8,0.0,0,593.0,858.8,1
2025-08-11T04:00:00Z,17.0,0.0,1,559.0,843.9,1
2025-08-11T05:00:00Z,16.8,0.0,2,453.0,750.2,1
2025-08-11T06:00:00Z,16.4,0.0,3,323.0,698.1,1
2025-08-11T07:00:00Z,15.1,0.0,1,156.0,521.9,1
2025-08-11T08:00:00Z,13.1,0.0,3,20.0,127.3,0
2025-08-11T09:00:00Z,11.6,0.0,11,0.0,0.0,0
2025-08-11T10:00:00Z,11.1,0.0,3,0.0,0.0,0
2025-08-11T11:00:00Z,10.4,0.0,0,0.0,0.0,0
2025-08-11T12:00:00Z,9.4,0.0,0,0.0,0.0,0
2025-08-11T13:00:00Z,8.1,0.0,0,0.0,0.0,0
2025-08-11T14:00:00Z,7.2,0.0,0,0.0,0.0,0
2025-08-11T15:00:00Z,6.9,0.0,21,0.0,0.0,0
2025-08-11T16:00:00Z,6.8,0.0,85,0.0,0.0,0
2025-08-11T17:00:00Z,6.7,0.0,54,0.0,0.0,0
2025-08-11T18:00:00Z,7.0,0.0,78,0.0,0.0,0
2025-08-11T19:00:00Z,7.6,0.0,100,0.0,0.0,0
2025-08-11T20:00:00Z,8.2,0.0,100,0.0,0.0,0
2025-08-11T21:00:00Z,8.6,0.0,100,0.0,0.0,0
2025-08-11T22:00:00Z,9.5,0.0,100,25.0,42.5,1
2025-08-11T23:00:00Z,10.9,0.0,100,124.0,135.6,1
2025-08-12T00:00:00Z,12.6,0.0,98,268.0,304.1,1
2025-08-12T01:00:00Z,13.5,0.0,100,277.0,104.1,1
2025-08-12T02:00:00Z,14.1,0.0,100,256.0,34.4,1
2025-08-12T03:00:00Z,14.4,0.0,100,346.0,130.8,1
2025-08-12T04:00:00Z,13.8,0.0,100,158.0,0.0,1
2025-08-12T05:00:00Z,13.9,0.0,100,187.0,40.5,1
2025-08-12T06:00:00Z,12.9,0.4,100,116.0,10.8,1
2025-08-12T07:00:00Z,11.9,1.0,100,41.0,4.8,1
2025-08-12T08:00:00Z,11.3,1.8,100,4.0,0.0,0
2025-08-12T09:00:00Z,10.8,1.5,100,0.0,0.0,0
2025-08-12T10:00:00Z,10.9,0.5,100,0.0,0.0,0
2025-08-12T11:00:00Z,11.0,0.5,100,0.0,0.0,0
2025-08-12T12:00:00Z,10.8,1.1,100,0.0,0.0,0
2025-08-12T13:00:00Z,10.8,0.4,100,0.0,0.0,0
2025-08-12T14:00:00Z,10.3,0.0,47,0.0,0.0,0
2025-08-12T15:00:00Z,9.1,0.0,13,0.0,0.0,0
2025-08-12T16:00:00Z,8.1,0.0,6,0.0,0.0,0
2025-08-12T17:00:00Z,7.2,0.0,6,0.0,0.0,0
2025-08-12T18:00:00Z,6.0,0.0,11,0.0,0.0,0
2025-08-12T19:00:00Z,5.7,0.0,83,0.0,0.0,0
2025-08-12T20:00:00Z,5.7,0.0,81,0.0,0.0,0
2025-08-12T21:00:00Z,5.8,0.0,66,0.0,0.0,0
2025-08-12T22:00:00Z,7.3,0.0,45,29.0,114.4,1
2025-08-12T23:00:00Z,8.9,0.0,49,142.0,270.7,1
2025-08-13T00:00:00Z,10.1,0.0,39,279.0,376.7,1
2025-08-13T01:00:00Z,11.5,0.2,98,352.0,301.8,1
2025-08-13T02:00:00Z,12.9,0.1,66,486.0,559.7,1
2025-08-13T03:00:00Z,13.4,0.0,25,508.0,582.3,1
2025-08-13T04:00:00Z,13.6,0.0,25,494.0,642.0,1
2025-08-13T05:00:00Z,13.4,0.0,48,425.0,652.6,1
2025-08-13T06:00:00Z,12.7,0.0,17,291.0,522.0,1
2025-08-13T07:00:00Z,11.9,0.0,9,157.0,497.2,1
2025-08-13T08:00:00Z,10.4,0.0,29,22.0,122.5,0
2025-08-13T09:00:00Z,9.6,0.0,28,0.0,0.0,0
2025-08-13T10:00:00Z,9.4,0.0,18,0.0,0.0,0
2025-08-13T11:00:00Z,9.2,0.0,16,0.0,0.0,0
2025-08-13T12:00:00Z,7.9,0.0,15,0.0,0.0,0
2025-08-13T13:00:00Z,6.7,0.0,12,0.0,0.0,0
2025-08-13T14:00:00Z,5.9,0.0,7,0.0,0.0,0
2025-08-13T15:00:00Z,5.7,0.0,13,0.0,0.0,0
2025-08-13T16:00:00Z,5.1,0.0,5,0.0,0.0,0
2025-08-13T17:00:00Z,4.7,0.0,94,0.0,0.0,0
2025-08-13T18:00:00Z,4.6,0.0,82,0.0,0.0,0
2025-08-13T19:00:00Z,4.4,0.0,97,0.0,0.0,0
2025-08-13T20:00:00Z,4.1,0.0,92,0.0,0.0,0
2025-08-13T21:00:00Z,3.7,0.0,99,0.0,0.0,0
2025-08-13T22:00:00Z,4.2,0.0,96,33.0,132.3,1
2025-08-13T23:00:00Z,6.6,0.0,1,170.0,368.5,1
2025-08-14T00:00:00Z,9.8,0.0,0,342.0,602.7,1
2025-08-14T01:00:00Z,13.2,0.0,0,496.0,809.1,1
2025-08-14T02:00:00Z,14.8,0.0,0,581.0,847.1,1
2025-08-14T03:00:00Z,16.0,0.0,0,608.0,861.0,1
2025-08-14T04:00:00Z,16.7,0.0,0,574.0,850.7,1
2025-08-14T05:00:00Z,17.4,0.0,0,482.0,813.2,1
2025-08-14T06:00:00Z,17.8,0.0,12,342.0,734.7,1
2025-08-14T07:00:00Z,16.0,0.0,8,173.0,582.5,1
2025-08-14T08:00:00Z,14.3,0.0,54,25.0,168.3,0
2025-08-14T09:00:00Z,12.8,0.0,60,0.0,0.0,0
2025-08-14T10:00:00Z,11.9,0.0,100,0.0,0.0,0
2025-08-14T11:00:00Z,11.4,0.0,100,0.0,0.0,0
2025-08-14T12:00:00Z,11.2,0.0,100,0.0,0.0,0
2025-08-14T13:00:00Z,10.9,0.0,100,0.0,0.0,0
2025-08-14T14:00:00Z,10.9,0.0,100,0.0,0.0,0
2025-08-14T15:00:00Z,10.9,0.0,100,0.0,0.0,0
2025-08-14T16:00:00Z,10.6,0.0,100,0.0,0.0,0
2025-08-14T17:00:00Z,10.1,0.0,100,0.0,0.0,0
2025-08-14T18:00:00Z,10.0,0.0,100,0.0,0.0,0
2025-08-14T19:00:00Z,10.0,0.0,100,0.0,0.0,0
2025-08-14T20:00:00Z,9.9,0.0,100,0.0,0.0,0
2025-08-14T21:00:00Z,9.9,0.0,100,0.0,0.0,0
2025-08-14T22:00:00Z,10.0,0.0,100,19.0,10.0,1
2025-08-14T23:00:00Z,10.6,0.0,100,93.0,24.1,1
2025-08-15T00:00:00Z,11.0,0.0,100,112.0,14.8,1
2025-08-15T01:00:00Z,12.9,0.0,100,287.0,153.2,1
2025-08-15T02:00:00Z,13.3,0.0,100,152.0,0.0,1
2025-08-15T03:00:00Z,14.0,0.0,100,155.0,0.0,1
2025-08-15T04:00:00Z,14.8,0.0,100,194.0,30.7,1
2025-08-15T05:00:00Z,14.1,0.0,100,82.0,0.0,1
2025-08-15T06:00:00Z,13.4,0.0,37,45.0,0.0,1
2025-08-15T07:00:00Z,13.2,0.0,98,117.0,332.6,1
2025-08-15T08:00:00Z,11.1,2.3,100,7.0,11.8,0
2025-08-15T09:00:00Z,11.1,0.1,100,0.0,0.0,0
2025-08-15T10:00:00Z,10.9,0.1,96,0.0,0.0,0
2025-08-15T11:00:00Z,10.1,0.0,92,0.0,0.0,0
2025-08-15T12:00:00Z,9.5,0.0,6,0.0,0.0,0
2025-08-15T13:00:00Z,8.3,0.0,0,0.0,0.0,0
2025-08-15T14:00:00Z,7.5,0.0,12,0.0,0.0,0
2025-08-15T15:00:00Z,6.8,0.0,87,0.0,0.0,0
2025-08-15T16:00:00Z,6.8,0.0,85,0.0,0.0,0
2025-08-15T17:00:00Z,6.8,0.0,100,0.0,0.0,0
2025-08-15T18:00:00Z,7.1,0.0,100,0.0,0.0,0
2025-08-15T19:00:00Z,7.1,0.0,100,0.0,0.0,0
2025-08-15T20:00:00Z,7.2,0.0,97,0.0,0.0,0
2025-08-15T21:00:00Z,6.9,0.0,18,0.0,0.0,0
2025-08-15T22:00:00Z,6.8,0.0,5,41.0,194.9,1
2025-08-15T23:00:00Z,7.7,0.0,0,205.0,585.5,1
2025-08-16T00:00:00Z,9.1,0.0,3,377.0,751.4,1
2025-08-16T01:00:00Z,10.8,0.0,10,508.0,812.7,1
2025-08-16T02:00:00Z,11.5,0.0,8,581.0,816.4,1
2025-08-16T03:00:00Z,11.6,0.0,81,607.0,818.7,1
2025-08-16T04:00:00Z,11.1,0.1,19,461.0,522.1,1
2025-08-16T05:00:00Z,11.1,0.4,28,425.0,636.3,1
2025-08-16T06:00:00Z,10.9,0.2,30,293.0,541.8,1
2025-08-16T07:00:00Z,9.4,0.1,60,136.0,363.9,1
2025-08-16T08:00:00Z,9.0,0.0,36,19.0,92.7,0
2025-08-16T09:00:00Z,8.6,0.0,73,0.0,0.0,0
2025-08-16T10:00:00Z,8.0,0.0,34,0.0,0.0,0
2025-08-16T11:00:00Z,7.6,0.0,47,0.0,0.0,0
2025-08-16T12:00:00Z,7.1,0.0,29,0.0,0.0,0
2025-08-16T13:00:00Z,6.4,0.0,68,0.0,0.0,0
2025-08-16T14:00:00Z,6.1,0.0,68,0.0,0.0,0
2025-08-16T15:00:00Z,5.7,0.0,29,0.0,0.0,0
2025-08-16T16:00:00Z,5.5,0.0,92,0.0,0.0,0
2025-08-16T17:00:00Z,5.7,0.0,97,0.0,0.0,0
2025-08-16T18:00:00Z,6.2,0.0,41,0.0,0.0,0
2025-08-16T19:00:00Z,5.9,0.0,91,0.0,0.0,0
2025-08-16T20:00:00Z,5.9,0.0,42,0.0,0.0,0
2025-08-16T21:00:00Z,5.8,0.0,61,0.0,0.0,0
2025-08-16T22:00:00Z,6.3,0.0,49,42.0,190.8,1
2025-08-16T23:00:00Z,7.8,0.0,59,177.0,381.1,1
2025-08-17T00:00:00Z,9.5,0.0,57,316.0,472.1,1
2025-08-17T01:00:00Z,10.8,0.0,62,357.0,335.1,1
2025-08-17T02:00:00Z,11.8,0.0,49,448.0,455.8,1
2025-08-17T03:00:00Z,12.1,0.0,35,485.0,457.8,1
2025-08-17T04:00:00Z,12.4,0.0,22,496.0,570.7,1
2025-08-17T05:00:00Z,12.8,0.0,9,444.0,662.8,1
2025-08-17T06:00:00Z,12.4,0.0,18,318.0,588.5,1
2025-08-17T07:00:00Z,12.1,0.0,37,148.0,403.1,1
2025-08-17T08:00:00Z,10.6,0.1,45,23.0,113.9,0
2025-08-17T09:00:00Z,9.6,0.0,23,0.0,0.0,0
2025-08-17T10:00:00Z,9.0,0.0,46,0.0,0.0,0
2025-08-17T11:00:00Z,8.9,0.0,35,0.0,0.0,0
2025-08-17T12:00:00Z,8.3,0.0,48,0.0,0.0,0
2025-08-17T13:00:00Z,8.1,0.0,33,0.0,0.0,0
2025-08-17T14:00:00Z,7.4,0.0,19,0.0,0.0,0
2025-08-17T15:00:00Z,6.9,0.0,18,0.0,0.0,0
2025-08-17T16:00:00Z,6.4,0.0,12,0.0,0.0,0
2025-08-17T17:00:00Z,6.1,0.0,6,0.0,0.0,0
2025-08-17T18:00:00Z,5.4,0.0,5,0.0,0.0,0
2025-08-17T19:00:00Z,5.0,0.0,91,0.0,0.0,0
2025-08-17T20:00:00Z,5.0,0.0,87,0.0,0.0,0
2025-08-17T21:00:00Z,4.5,0.0,74,0.0,0.0,0
2025-08-17T22:00:00Z,4.9,0.0,27,40.0,130.7,1
2025-08-17T23:00:00Z,7.1,0.0,100,170.0,263.8,1
2025-08-18T00:00:00Z,9.1,0.0,68,253.0,203.5,1
2025-08-18T01:00:00Z,10.3,0.0,100,264.0,87.7,1
2025-08-18T02:00:00Z,11.4,0.0,100,403.0,245.1,1
2025-08-18T03:00:00Z,11.4,0.0,100,350.0,144.7,1
2025-08-18T04:00:00Z,11.6,0.0,44,380.0,219.0,1
2025-08-18T05:00:00Z,11.8,0.0,41,397.0,497.3,1
2025-08-18T06:00:00Z,11.3,0.0,38,299.0,470.7,1
2025-08-18T07:00:00Z,10.6,0.0,50,145.0,336.3,1
2025-08-18T08:00:00Z,9.9,0.0,16,24.0,111.9,0
2025-08-18T09:00:00Z,9.5,0.0,34,0.0,0.0,0
2025-08-18T10:00:00Z,8.9,0.0,2,0.0,0.0,0
2025-08-18T11:00:00Z,7.8,0.0,36,0.0,0.0,0
2025-08-18T12:00:00Z,7.4,0.0,48,0.0,0.0,0
2025-08-18T13:00:00Z,6.7,0.0,1,0.0,0.0,0
2025-08-18T14:00:00Z,5.7,0.0,0,0.0,0.0,0
2025-08-18T15:00:00Z,5.1,0.0,0,0.0,0.0,0
2025-08-18T16:00:00Z,4.6,0.0,0,0.0,0.0,0
2025-08-18T17:00:00Z,3.5,0.0,0,0.0,0.0,0
2025-08-18T18:00:00Z,2.6,0.0,0,0.0,0.0,0
2025-08-18T19:00:00Z,2.2,0.0,0,0.0,0.0,0
2025-08-18T20:00:00Z,2.0,0.0,2,0.0,0.0,0
2025-08-18T21:00:00Z,1.8,0.0,4,0.0,0.0,0
2025-08-18T22:00:00Z,2.7,0.0,3,48.0,219.3,1
2025-08-18T23:00:00Z,4.8,0.0,0,179.0,341.9,1
2025-08-19T00:00:00Z,7.4,0.0,0,348.0,525.8,1
2025-08-19T01:00:00Z,10.1,0.0,0,518.0,744.0,1
2025-08-19T02:00:00Z,11.9,0.0,1,622.0,872.0,1
2025-08-19T03:00:00Z,13.4,0.0,1,646.0,882.5,1
2025-08-19T04:00:00Z,14.4,0.0,0,610.0,875.2,1
2025-08-19T05:00:00Z,14.9,0.0,0,514.0,839.4,1
2025-08-19T06:00:00Z,14.9,0.0,0,368.0,763.2,1
2025-08-19T07:00:00Z,14.1,0.0,0,191.0,603.1,1
2025-08-19T08:00:00Z,11.8,0.0,0,32.0,197.9,0
2025-08-19T09:00:00Z,11.2,0.0,0,0.0,0.0,0
2025-08-19T10:00:00Z,9.9,0.0,0,0.0,0.0,0
2025-08-19T11:00:00Z,9.1,0.0,0,0.0,0.0,0
2025-08-19T12:00:00Z,7.6,0.0,0,0.0,0.0,0
2025-08-19T13:00:00Z,6.1,0.0,0,0.0,0.0,0
2025-08-19T14:00:00Z,5.2,0.0,0,0.0,0.0,0
2025-08-19T15:00:00Z,4.8,0.0,0,0.0,0.0,0
2025-08-19T16:00:00Z,4.6,0.0,0,0.0,0.0,0
2025-08-19T17:00:00Z,4.1,0.0,0,0.0,0.0,0
2025-08-19T18:00:00Z,3.7,0.0,0,0.0,0.0,0
2025-08-19T19:00:00Z,3.2,0.0,0,0.0,0.0,0
2025-08-19T20:00:00Z,2.9,0.0,0,0.0,0.0,0
2025-08-19T21:00:00Z,2.5,0.0,0,0.0,0.0,1
2025-08-19T22:00:00Z,3.4,0.0,0,59.0,330.9,1
2025-08-19T23:00:00Z,6.2,0.0,0,233.0,661.1,1
2025-08-20T00:00:00Z,9.8,0.0,0,405.0,789.4,1
2025-08-20T01:00:00Z,13.1,0.0,0,537.0,845.9,1
2025-08-20T02:00:00Z,15.2,0.0,0,620.0,872.0,1
2025-08-20T03:00:00Z,16.3,0.0,0,644.0,879.5,1
2025-08-20T04:00:00Z,16.7,0.0,0,608.0,869.2,1
2025-08-20T05:00:00Z,16.5,0.0,0,513.0,835.1,1
2025-08-20T06:00:00Z,15.9,0.0,0,370.0,763.9,1
2025-08-20T07:00:00Z,15.1,0.0,0,194.0,611.9,1
2025-08-20T08:00:00Z,13.7,0.0,0,33.0,205.3,0
2025-08-20T09:00:00Z,12.9,0.0,0,0.0,0.0,0
2025-08-20T10:00:00Z,11.9,0.0,0,0.0,0.0,0
2025-08-20T11:00:00Z,10.6,0.0,0,0.0,0.0,0
2025-08-20T12:00:00Z,9.6,0.0,0,0.0,0.0,0
2025-08-20T13:00:00Z,7.8,0.0,0,0.0,0.0,0
2025-08-20T14:00:00Z,6.6,0.0,0,0.0,0.0,0
2025-08-20T15:00:00Z,6.0,0.0,0,0.0,0.0,0
2025-08-20T16:00:00Z,5.6,0.0,0,0.0,0.0,0
2025-08-20T17:00:00Z,5.2,0.0,0,0.0,0.0,0
2025-08-20T18:00:00Z,5.1,0.0,0,0.0,0.0,0
2025-08-20T19:00:00Z,4.6,0.0,0,0.0,0.0,0
2025-08-20T20:00:00Z,4.4,0.0,0,0.0,0.0,0
2025-08-20T21:00:00Z,4.4,0.0,0,0.0,0.0,1
2025-08-20T22:00:00Z,5.8,0.0,0,60.0,332.7,1
2025-08-20T23:00:00Z,8.4,0.0,0,232.0,638.9,1
2025-08-21T00:00:00Z,11.8,0.0,0,402.0,769.1,1
2025-08-21T01:00:00Z,14.9,0.0,0,532.0,824.0,1
2025-08-21T02:00:00Z,17.1,0.0,0,614.0,854.3,1
2025-08-21T03:00:00Z,18.2,0.0,1,636.0,859.4,1
2025-08-21T04:00:00Z,18.8,0.0,0,596.0,835.4,1
2025-08-21T05:00:00Z,18.8,0.0,1,502.0,800.6,1
2025-08-21T06:00:00Z,18.4,0.0,1,360.0,722.3,1
2025-08-21T07:00:00Z,17.4,0.0,7,186.0,557.6,1
2025-08-21T08:00:00Z,16.0,0.0,7,32.0,180.6,0
2025-08-21T09:00:00Z,14.9,0.0,46,0.0,0.0,0
2025-08-21T10:00:00Z,14.1,0.0,16,0.0,0.0,0
2025-08-21T11:00:00Z,13.6,0.0,38,0.0,0.0,0
2025-08-21T12:00:00Z,12.8,0.0,87,0.0,0.0,0
2025-08-21T13:00:00Z,13.0,0.0,39,0.0,0.0,0
2025-08-21T14:00:00Z,12.6,0.0,100,0.0,0.0,0
2025-08-21T15:00:00Z,12.1,0.0,97,0.0,0.0,0
2025-08-21T16:00:00Z,11.8,0.0,100,0.0,0.0,0
2025-08-21T17:00:00Z,11.6,0.0,100,0.0,0.0,0
2025-08-21T18:00:00Z,11.6,0.0,98,0.0,0.0,0
2025-08-21T19:00:00Z,11.6,0.0,99,0.0,0.0,0
2025-08-21T20:00:00Z,11.8,0.0,100,0.0,0.0,0
2025-08-21T21:00:00Z,11.8,0.0,100,0.0,0.0,1
2025-08-21T22:00:00Z,12.2,0.0,100,32.0,17.1,1
2025-08-21T23:00:00Z,13.4,0.0,100,138.0,71.4,1
2025-08-22T00:00:00Z,14.2,0.0,79,184.0,38.9,1
2025-08-22T01:00:00Z,17.0,0.0,99,499.0,681.7,1
2025-08-22T02:00:00Z,18.0,0.1,90,490.0,477.5,1
2025-08-22T03:00:00Z,18.5,0.1,100,503.0,490.1,1
2025-08-22T04:00:00Z,18.5,0.0,93,446.0,364.4,1
2025-08-22T05:00:00Z,18.9,0.0,100,442.0,531.7,1
2025-08-22T06:00:00Z,18.5,0.0,100,184.0,56.8,1
2025-08-22T07:00:00Z,17.5,0.0,100,85.0,0.0,1
2025-08-22T08:00:00Z,16.5,0.0,100,23.0,20.9,0
2025-08-22T09:00:00Z,15.8,0.0,100,0.0,0.0,0
2025-08-22T10:00:00Z,14.9,0.3,100,0.0,0.0,0
2025-08-22T11:00:00Z,14.4,0.0,100,0.0,0.0,0
2025-08-22T12:00:00Z,14.3,0.0,55,0.0,0.0,0
2025-08-22T13:00:00Z,13.3,0.0,21,0.0,0.0,0
2025-08-22T14:00:00Z,12.6,0.0,28,0.0,0.0,0
2025-08-22T15:00:00Z,12.4,0.0,22,0.0,0.0,0
2025-08-22T16:00:00Z,11.9,0.0,35,0.0,0.0,0
2025-08-22T17:00:00Z,11.1,0.0,41,0.0,0.0,0
2025-08-22T18:00:00Z,10.7,0.0,20,0.0,0.0,0
2025-08-22T19:00:00Z,9.8,0.0,0,0.0,0.0,0
2025-08-22T20:00:00Z,8.9,0.0,2,0.0,0.0,0
2025-08-22T21:00:00Z,8.4,0.0,96,0.0,0.0,1
2025-08-22T22:00:00Z,10.1,0.0,80,41.0,75.6,1
2025-08-22T23:00:00Z,11.2,0.0,82,160.0,207.0,1
2025-08-23T00:00:00Z,12.7,0.0,87,335.0,389.7,1
2025-08-23T01:00:00Z,13.5,0.2,34,477.0,606.1,1
2025-08-23T02:00:00Z,13.8,0.1,29,507.0,621.3,1
2025-08-23T03:00:00Z,14.2,0.0,75,558.0,660.3,1
2025-08-23T04:00:00Z,14.1,0.0,87,462.0,447.6,1
2025-08-23T05:00:00Z,13.8,0.0,1,334.0,365.6,1
2025-08-23T06:00:00Z,13.6,0.0,7,329.0,567.8,1
2025-08-23T07:00:00Z,12.8,0.0,21,200.0,591.9,1
2025-08-23T08:00:00Z,11.6,0.0,31,38.0,215.8,0
2025-08-23T09:00:00Z,11.1,0.0,34,0.0,0.0,0
2025-08-23T10:00:00Z,10.7,0.0,17,0.0,0.0,0
2025-08-23T11:00:00Z,9.6,0.0,6,0.0,0.0,0
2025-08-23T12:00:00Z,9.0,0.0,5,0.0,0.0,0
2025-08-23T13:00:00Z,7.8,0.0,0,0.0,0.0,0
2025-08-23T14:00:00Z,7.4,0.0,1,0.0,0.0,0
2025-08-23T15:00:00Z,6.9,0.0,1,0.0,0.0,0
2025-08-23T16:00:00Z,6.5,0.0,4,0.0,0.0,0
2025-08-23T17:00:00Z,5.8,0.0,11,0.0,0.0,0
2025-08-23T18:00:00Z,5.6,0.0,12,0.0,0.0,0
2025-08-23T19:00:00Z,5.3,0.0,12,0.0,0.0,0
2025-08-23T20:00:00Z,4.9,0.0,18,0.0,0.0,0
2025-08-23T21:00:00Z,4.6,0.0,26,0.0,0.0,1
2025-08-23T22:00:00Z,5.8,0.0,35,62.0,254.9,1
2025-08-23T23:00:00Z,7.8,0.0,49,222.0,486.4,1
2025-08-24T00:00:00Z,9.8,0.0,6,380.0,580.4,1
2025-08-24T01:00:00Z,12.7,0.0,0,560.0,849.0,1
2025-08-24T02:00:00Z,13.3,0.0,0,645.0,884.2,1
2025-08-24T03:00:00Z,13.8,0.0,10,669.0,890.6,1
2025-08-24T04:00:00Z,14.2,0.0,22,626.0,863.4,1
2025-08-24T05:00:00Z,13.9,0.0,9,491.0,674.0,1
2025-08-24T06:00:00Z,13.4,0.0,1,367.0,674.5,1
2025-08-24T07:00:00Z,12.7,0.0,0,202.0,592.3,1
2025-08-24T08:00:00Z,11.6,0.0,0,39.0,222.4,0
2025-08-24T09:00:00Z,11.1,0.0,0,0.0,0.0,0
2025-08-24T10:00:00Z,10.6,0.0,0,0.0,0.0,0
2025-08-24T11:00:00Z,10.0,0.0,0,0.0,0.0,0
2025-08-24T12:00:00Z,9.0,0.0,0,0.0,0.0,0
2025-08-24T13:00:00Z,7.7,0.0,16,0.0,0.0,0
2025-08-24T14:00:00Z,7.1,0.0,63,0.0,0.0,0
2025-08-24T15:00:00Z,6.7,0.0,1,0.0,0.0,0
2025-08-24T16:00:00Z,5.9,0.0,2,0.0,0.0,0
2025-08-24T17:00:00Z,5.3,0.0,18,0.0,0.0,0
2025-08-24T18:00:00Z,4.8,0.0,97,0.0,0.0,0
2025-08-24T19:00:00Z,4.4,0.0,100,0.0,0.0,0
2025-08-24T20:00:00Z,4.4,0.0,100,0.0,0.0,0
2025-08-24T21:00:00Z,4.8,0.0,87,0.0,0.0,1
2025-08-24T22:00:00Z,6.0,0.0,100,66.0,209.4,1
2025-08-24T23:00:00Z,8.4,0.0,84,181.0,183.2,1
2025-08-25T00:00:00Z,12.2,0.0,34,396.0,611.7,1
2025-08-25T01:00:00Z,14.5,0.0,4,397.0,267.1,1
2025-08-25T02:00:00Z,16.9,0.0,100,628.0,808.9,1
2025-08-25T03:00:00Z,17.2,0.0,99,465.0,245.4,1
2025-08-25T04:00:00Z,17.3,0.0,100,365.0,143.5,1
2025-08-25T05:00:00Z,18.1,0.0,100,435.0,410.0,1
2025-08-25T06:00:00Z,17.7,0.0,100,269.0,180.4,1
2025-08-25T07:00:00Z,16.9,0.0,100,120.0,51.7,1
2025-08-25T08:00:00Z,15.6,0.0,100,26.0,29.8,0
2025-08-25T09:00:00Z,14.6,0.0,100,0.0,0.0,0
2025-08-25T10:00:00Z,14.1,0.0,100,0.0,0.0,0
2025-08-25T11:00:00Z,14.1,0.0,100,0.0,0.0,0
2025-08-25T12:00:00Z,13.9,0.1,100,0.0,0.0,0
2025-08-25T13:00:00Z,15.1,0.0,100,0.0,0.0,0
2025-08-25T14:00:00Z,15.3,0.0,100,0.0,0.0,0
2025-08-25T15:00:00Z,15.4,0.0,89,0.0,0.0,0
2025-08-25T16:00:00Z,14.8,0.0,89,0.0,0.0,0
2025-08-25T17:00:00Z,14.4,0.0,96,0.0,0.0,0
2025-08-25T18:00:00Z,14.1,0.0,100,0.0,0.0,0
2025-08-25T19:00:00Z,13.1,0.3,100,0.0,0.0,0
2025-08-25T20:00:00Z,12.9,0.5,100,0.0,0.0,0
2025-08-25T21:00:00Z,12.9,0.2,100,0.0,0.0,1
2025-08-25T22:00:00Z,13.1,0.3,100,20.0,39.5,1
2025-08-25T23:00:00Z,13.7,0.3,100,59.0,20.0,1
2025-08-26T00:00:00Z,14.5,0.1,100,136.0,46.0,1
2025-08-26T01:00:00Z,14.6,1.1,100,118.0,10.5,1
2025-08-26T02:00:00Z,15.2,1.1,100,228.0,62.0,1
2025-08-26T03:00:00Z,14.1,1.9,100,146.0,6.0,1
2025-08-26T04:00:00Z,14.1,1.3,100,231.0,58.6,1
2025-08-26T05:00:00Z,13.9,0.6,100,141.0,12.8,1
2025-08-26T06:00:00Z,13.4,2.0,100,88.0,0.0,1
2025-08-26T07:00:00Z,13.1,0.6,100,42.0,0.0,1
2025-08-26T08:00:00Z,12.2,1.6,100,10.0,0.0,0
2025-08-26T09:00:00Z,12.1,7.1,100,0.0,0.0,0
2025-08-26T10:00:00Z,11.9,2.5,100,0.0,0.0,0
2025-08-26T11:00:00Z,11.9,0.8,100,0.0,0.0,0
2025-08-26T12:00:00Z,11.8,0.9,95,0.0,0.0,0
2025-08-26T13:00:00Z,11.9,0.6,100,0.0,0.0,0
2025-08-26T14:00:00Z,11.5,0.5,100,0.0,0.0,0
2025-08-26T15:00:00Z,11.4,0.4,100,0.0,0.0,0
2025-08-26T16:00:00Z,11.4,0.0,100,0.0,0.0,0
2025-08-26T17:00:00Z,11.6,0.0,100,0.0,0.0,0
2025-08-26T18:00:00Z,11.7,0.0,59,0.0,0.0,0
2025-08-26T19:00:00Z,11.2,0.0,30,0.0,0.0,0
2025-08-26T20:00:00Z,11.0,0.0,60,0.0,0.0,0
2025-08-26T21:00:00Z,11.0,0.0,100,0.0,0.0,1
2025-08-26T22:00:00Z,11.3,0.0,95,27.0,30.9,1
2025-08-26T23:00:00Z,11.8,0.1,98,119.0,75.5,1
2025-08-27T00:00:00Z,12.4,0.0,45,258.0,227.7,1
2025-08-27T01:00:00Z,13.8,0.1,41,439.0,520.0,1
2025-08-27T02:00:00Z,14.1,0.0,46,491.0,523.2,1
2025-08-27T03:00:00Z,13.8,0.3,24,523.0,506.5,1
2025-08-27T04:00:00Z,12.6,0.6,70,538.0,660.6,1
2025-08-27T05:00:00Z,14.2,0.3,62,425.0,534.6,1
2025-08-27T06:00:00Z,13.4,1.5,81,326.0,555.7,1
2025-08-27T07:00:00Z,12.2,0.0,17,165.0,368.3,1
2025-08-27T08:00:00Z,11.3,0.0,8,40.0,221.8,0
2025-08-27T09:00:00Z,10.8,0.0,6,0.0,0.0,0
2025-08-27T10:00:00Z,10.2,0.0,9,0.0,0.0,0
2025-08-27T11:00:00Z,9.9,0.0,19,0.0,0.0,0
2025-08-27T12:00:00Z,9.6,0.0,44,0.0,0.0,0
2025-08-27T13:00:00Z,9.6,0.0,73,0.0,0.0,0
2025-08-27T14:00:00Z,8.9,0.3,95,0.0,0.0,0
2025-08-27T15:00:00Z,9.5,0.0,52,0.0,0.0,0
2025-08-27T16:00:00Z,9.5,0.0,90,0.0,0.0,0
2025-08-27T17:00:00Z,9.2,0.0,86,0.0,0.0,0
2025-08-27T18:00:00Z,9.6,0.1,78,0.0,0.0,0
2025-08-27T19:00:00Z,9.6,0.0,70,0.0,0.0,0
2025-08-27T20:00:00Z,9.8,0.0,80,0.0,0.0,0
2025-08-27T21:00:00Z,9.7,0.0,83,1.0,0.0,1
2025-08-27T22:00:00Z,9.9,0.0,100,46.0,83.4,1
2025-08-27T23:00:00Z,10.6,0.0,72,141.0,132.4,1
2025-08-28T00:00:00Z,11.6,0.1,46,303.0,302.4,1
2025-08-28T01:00:00Z,12.4,0.0,24,467.0,578.9,1
2025-08-28T02:00:00Z,13.0,0.0,18,552.0,597.3,1
2025-08-28T03:00:00Z,14.2,0.0,38,600.0,716.8,1
2025-08-28T04:00:00Z,13.9,0.0,63,486.0,560.9,1
2025-08-28T05:00:00Z,13.8,0.0,55,371.0,412.1,1
2025-08-28T06:00:00Z,14.1,0.0,28,310.0,466.7,1
2025-08-28T07:00:00Z,13.1,0.0,79,152.0,291.0,1
2025-08-28T08:00:00Z,12.2,0.0,34,38.0,171.0,0
2025-08-28T09:00:00Z,11.4,0.0,24,0.0,0.0,0
2025-08-28T10:00:00Z,10.7,0.0,7,0.0,0.0,0
2025-08-28T11:00:00Z,10.2,0.0,3,0.0,0.0,0
2025-08-28T12:00:00Z,9.8,0.0,25,0.0,0.0,0
2025-08-28T13:00:00Z,9.9,0.0,19,0.0,0.0,0
2025-08-28T14:00:00Z,9.8,0.0,17,0.0,0.0,0
2025-08-28T15:00:00Z,9.6,0.0,18,0.0,0.0,0
2025-08-28T16:00:00Z,9.5,0.0,31,0.0,0.0,0
2025-08-28T17:00:00Z,9.4,0.0,100,0.0,0.0,0
2025-08-28T18:00:00Z,9.6,0.0,99,0.0,0.0,0
2025-08-28T19:00:00Z,9.8,0.0,43,0.0,0.0,0
2025-08-28T20:00:00Z,9.6,0.0,89,0.0,0.0,0
2025-08-28T21:00:00Z,9.8,0.0,100,1.0,0.0,1
2025-08-28T22:00:00Z,10.2,0.0,92,42.0,59.5,1
2025-08-28T23:00:00Z,10.8,0.0,100,172.0,117.5,1
2025-08-29T00:00:00Z,11.1,0.1,96,205.0,108.2,1
2025-08-29T01:00:00Z,12.0,0.2,61,286.0,181.7,1
2025-08-29T02:00:00Z,12.6,0.1,99,513.0,494.4,1
2025-08-29T03:00:00Z,11.9,0.3,100,334.0,145.9,1
2025-08-29T04:00:00Z,12.1,1.0,100,257.0,104.0,1
2025-08-29T05:00:00Z,10.9,0.5,100,196.0,48.3,1
2025-08-29T06:00:00Z,11.1,0.2,79,193.0,107.0,1
2025-08-29T07:00:00Z,10.9,0.1,76,167.0,310.2,1
2025-08-29T08:00:00Z,9.9,0.0,56,40.0,140.3,0
2025-08-29T09:00:00Z,9.3,0.0,99,0.0,0.0,0
2025-08-29T10:00:00Z,8.9,0.0,93,0.0,0.0,0
2025-08-29T11:00:00Z,8.9,0.0,55,0.0,0.0,0
2025-08-29T12:00:00Z,8.4,0.0,100,0.0,0.0,0
2025-08-29T13:00:00Z,7.7,0.0,100,0.0,0.0,0
2025-08-29T14:00:00Z,6.8,1.3,100,0.0,0.0,0
2025-08-29T15:00:00Z,7.8,3.3,100,0.0,0.0,0
2025-08-29T16:00:00Z,9.5,1.6,100,0.0,0.0,0
2025-08-29T17:00:00Z,9.5,0.2,99,0.0,0.0,0
2025-08-29T18:00:00Z,9.2,0.6,55,0.0,0.0,0
2025-08-29T19:00:00Z,8.3,1.8,33,0.0,0.0,0
2025-08-29T20:00:00Z,7.2,0.0,67,0.0,0.0,0
2025-08-29T21:00:00Z,6.3,0.1,76,1.0,0.0,1
2025-08-29T22:00:00Z,7.1,0.4,46,67.0,218.9,1
2025-08-29T23:00:00Z,7.3,0.4,96,182.0,253.2,1
2025-08-30T00:00:00Z,8.6,0.1,80,219.0,153.3,1
2025-08-30T01:00:00Z,9.7,0.1,42,406.0,409.3,1
2025-08-30T02:00:00Z,10.2,0.1,100,493.0,487.8,1
2025-08-30T03:00:00Z,10.9,0.1,99,414.0,285.6,1
2025-08-30T04:00:00Z,11.2,0.0,59,351.0,138.8,1
2025-08-30T05:00:00Z,11.9,0.1,96,420.0,468.5,1
2025-08-30T06:00:00Z,12.1,0.0,100,269.0,297.5,1
2025-08-30T07:00:00Z,11.6,0.0,100,137.0,97.2,1
2025-08-30T08:00:00Z,11.1,0.0,42,20.0,0.0,0
2025-08-30T09:00:00Z,10.4,0.0,36,0.0,0.0,0
2025-08-30T10:00:00Z,9.8,0.0,94,0.0,0.0,0
2025-08-30T11:00:00Z,9.6,0.0,76,0.0,0.0,0
2025-08-30T12:00:00Z,9.7,0.0,100,0.0,0.0,0
2025-08-30T13:00:00Z,10.3,0.0,100,0.0,0.0,0
2025-08-30T14:00:00Z,10.6,0.0,100,0.0,0.0,0
2025-08-30T15:00:00Z,10.6,0.0,91,0.0,0.0,0
2025-08-30T16:00:00Z,10.2,0.0,72,0.0,0.0,0
2025-08-30T17:00:00Z,9.9,0.0,64,0.0,0.0,0
2025-08-30T18:00:00Z,9.6,0.0,76,0.0,0.0,0
2025-08-30T19:00:00Z,9.4,0.0,87,0.0,0.0,0
2025-08-30T20:00:00Z,9.1,0.0,100,0.0,0.0,0
2025-08-30T21:00:00Z,8.9,0.0,38,1.0,0.0,1
2025-08-30T22:00:00Z,9.7,0.0,15,84.0,285.3,1
2025-08-30T23:00:00Z,11.3,0.0,23,260.0,529.3,1
2025-08-31T00:00:00Z,12.7,0.0,100,428.0,646.1,1
2025-08-31T01:00:00Z,12.9,0.0,60,367.0,320.7,1
2025-08-31T02:00:00Z,14.2,0.1,100,434.0,361.8,1
2025-08-31T03:00:00Z,14.8,0.1,50,417.0,312.8,1
2025-08-31T04:00:00Z,15.2,0.2,54,453.0,419.8,1
2025-08-31T05:00:00Z,15.4,0.2,33,389.0,426.5,1
2025-08-31T06:00:00Z,15.4,0.1,67,294.0,382.1,1
2025-08-31T07:00:00Z,14.8,0.0,53,188.0,435.7,1
2025-08-31T08:00:00Z,13.4,0.0,36,40.0,181.7,0
2025-08-31T09:00:00Z,12.4,0.0,37,0.0,0.0,0
2025-08-31T10:00:00Z,11.5,0.2,36,0.0,0.0,0
2025-08-31T11:00:00Z,11.1,0.0,53,0.0,0.0,0
2025-08-31T12:00:00Z,10.8,0.0,100,0.0,0.0,0
2025-08-31T13:00:00Z,10.4,0.0,100,0.0,0.0,0
2025-08-31T14:00:00Z,10.2,0.0,24,0.0,0.0,0
2025-08-31T15:00:00Z,9.6,0.0,14,0.0,0.0,0
2025-08-31T16:00:00Z,9.0,0.0,8,0.0,0.0,0
2025-08-31T17:00:00Z,8.5,0.0,30,0.0,0.0,0
2025-08-31T18:00:00Z,8.1,0.0,48,0.0,0.0,0
2025-08-31T19:00:00Z,8.0,0.0,36,0.0,0.0,0
2025-08-31T20:00:00Z,7.8,0.0,44,0.0,0.0,0
2025-08-31T21:00:00Z,7.8,0.0,67,2.0,0.0,1
2025-08-31T22:00:00Z,8.8,0.0,41,91.0,344.3,1
2025-08-31T23:00:00Z,10.3,0.0,35,256.0,521.1,1
2025-09-01T00:00:00Z,12.0,0.0,70,436.0,668.2,1
2025-09-01T01:00:00Z,13.8,0.3,59,515.0,647.8,1
2025-09-01T02:00:00Z,14.4,0.1,74,557.0,578.9,1
2025-09-01T03:00:00Z,15.2,0.0,91,518.0,478.4,1
2025-09-01T04:00:00Z,15.2,0.0,69,491.0,510.0,1
2025-09-01T05:00:00Z,14.9,0.0,83,359.0,378.1,1
2025-09-01T06:00:00Z,13.5,0.1,100,212.0,154.3,1
2025-09-01T07:00:00Z,13.6,0.0,100,120.0,91.2,1
2025-09-01T08:00:00Z,12.3,0.0,100,31.0,71.6,0
2025-09-01T09:00:00Z,10.8,0.0,100,0.0,0.0,0
2025-09-01T10:00:00Z,10.4,0.0,100,0.0,0.0,0
2025-09-01T11:00:00Z,10.4,0.0,100,0.0,0.0,0
2025-09-01T12:00:00Z,10.5,0.0,100,0.0,0.0,0
2025-09-01T13:00:00Z,10.7,0.0,100,0.0,0.0,0
2025-09-01T14:00:00Z,10.6,0.0,100,0.0,0.0,0
2025-09-01T15:00:00Z,10.4,0.0,100,0.0,0.0,0
2025-09-01T16:00:00Z,9.5,0.0,68,0.0,0.0,0
2025-09-01T17:00:00Z,9.2,0.0,80,0.0,0.0,0
2025-09-01T18:00:00Z,8.8,0.0,44,0.0,0.0,0
2025-09-01T19:00:00Z,8.8,0.0,93,0.0,0.0,0
2025-09-01T20:00:00Z,8.6,0.0,52,0.0,0.0,0
2025-09-01T21:00:00Z,8.4,0.0,37,3.0,0.0,1
2025-09-01T22:00:00Z,9.4,0.0,21,99.0,372.7,1
2025-09-01T23:00:00Z,11.2,0.0,31,284.0,626.6,1
2025-09-02T00:00:00Z,13.4,0.0,52,452.0,720.3,1
2025-09-02T01:00:00Z,14.6,0.2,60,558.0,709.9,1
2025-09-02T02:00:00Z,15.4,0.0,100,526.0,507.1,1
2025-09-02T03:00:00Z,15.8,0.0,99,469.0,303.0,1
2025-09-02T04:00:00Z,15.9,0.0,88,500.0,456.8,1
2025-09-02T05:00:00Z,15.7,0.0,68,325.0,193.0,1
2025-09-02T06:00:00Z,15.9,0.0,100,274.0,225.2,1
2025-09-02T07:00:00Z,15.3,0.0,100,170.0,274.1,1
2025-09-02T08:00:00Z,14.2,0.0,100,39.0,61.8,0
2025-09-02T09:00:00Z,13.6,0.0,100,0.0,0.0,0
2025-09-02T10:00:00Z,13.4,0.0,100,0.0,0.0,0
2025-09-02T11:00:00Z,13.1,0.1,100,0.0,0.0,0
2025-09-02T12:00:00Z,13.4,0.0,100,0.0,0.0,0
2025-09-02T13:00:00Z,13.6,0.0,99,0.0,0.0,0
2025-09-02T14:00:00Z,13.1,0.1,100,0.0,0.0,0
2025-09-02T15:00:00Z,11.8,2.7,96,0.0,0.0,0
2025-09-02T16:00:00Z,12.2,0.0,100,0.0,0.0,0
2025-09-02T17:00:00Z,12.2,0.0,96,0.0,0.0,0
2025-09-02T18:00:00Z,12.1,0.0,100,0.0,0.0,0
2025-09-02T19:00:00Z,11.5,0.0,100,0.0,0.0,0
2025-09-02T20:00:00Z,11.0,0.0,97,0.0,0.0,0
2025-09-02T21:00:00Z,10.7,0.0,84,1.0,0.0,1
2025-09-02T22:00:00Z,10.7,0.0,55,68.0,122.3,1
2025-09-02T23:00:00Z,11.9,0.0,48,241.0,423.2,1
2025-09-03T00:00:00Z,13.5,0.0,60,409.0,598.2,1
2025-09-03T01:00:00Z,16.0,0.1,83,526.0,655.3,1
2025-09-03T02:00:00Z,16.5,0.0,100,467.0,411.3,1
2025-09-03T03:00:00Z,17.1,0.4,100,536.0,445.2,1
2025-09-03T04:00:00Z,17.3,0.0,99,524.0,488.5,1
2025-09-03T05:00:00Z,17.4,0.0,99,475.0,466.4,1
2025-09-03T06:00:00Z,17.0,0.0,100,305.0,299.3,1
2025-09-03T07:00:00Z,15.8,0.0,100,107.0,57.0,1
2025-09-03T08:00:00Z,14.4,0.0,100,20.0,0.0,1
2025-09-03T09:00:00Z,13.1,0.0,100,0.0,0.0,0
2025-09-03T10:00:00Z,11.4,1.1,100,0.0,0.0,0
2025-09-03T11:00:00Z,11.6,0.0,100,0.0,0.0,0
2025-09-03T12:00:00Z,11.8,0.0,95,0.0,0.0,0
2025-09-03T13:00:00Z,12.0,0.0,100,0.0,0.0,0
2025-09-03T14:00:00Z,11.7,0.1,100,0.0,0.0,0
2025-09-03T15:00:00Z,11.6,0.0,100,0.0,0.0,0
2025-09-03T16:00:00Z,10.9,0.0,100,0.0,0.0,0
2025-09-03T17:00:00Z,10.6,0.0,100,0.0,0.0,0
2025-09-03T18:00:00Z,10.4,0.0,100,0.0,0.0,0
2025-09-03T19:00:00Z,10.4,0.0,100,0.0,0.0,0
2025-09-03T20:00:00Z,10.4,0.0,99,0.0,0.0,0
2025-09-03T21:00:00Z,10.3,0.1,98,3.0,0.0,1
2025-09-03T22:00:00Z,11.1,0.0,4,64.0,74.8,1
2025-09-03T23:00:00Z,12.3,0.0,14,280.0,561.8,1
2025-09-04T00:00:00Z,12.8,0.0,27,440.0,691.9,1
2025-09-04T01:00:00Z,12.9,1.6,47,497.0,590.3,1
2025-09-04T02:00:00Z,13.4,1.3,63,511.0,489.9,1
2025-09-04T03:00:00Z,12.6,0.2,8,498.0,466.5,1
2025-09-04T04:00:00Z,12.8,0.3,30,585.0,676.8,1
2025-09-04T05:00:00Z,12.9,0.0,37,475.0,595.5,1
2025-09-04T06:00:00Z,12.4,0.0,26,365.0,594.1,1
2025-09-04T07:00:00Z,11.7,0.0,9,220.0,553.5,1
2025-09-04T08:00:00Z,10.8,0.0,20,52.0,240.6,1
2025-09-04T09:00:00Z,9.8,0.0,5,0.0,0.0,0
2025-09-04T10:00:00Z,9.1,0.0,2,0.0,0.0,0
2025-09-04T11:00:00Z,8.5,0.0,2,0.0,0.0,0
2025-09-04T12:00:00Z,7.7,0.0,1,0.0,0.0,0
2025-09-04T13:00:00Z,7.1,0.0,14,0.0,0.0,0
2025-09-04T14:00:00Z,6.6,0.0,7,0.0,0.0,0
2025-09-04T15:00:00Z,6.1,0.0,3,0.0,0.0,0
2025-09-04T16:00:00Z,5.8,0.0,6,0.0,0.0,0
2025-09-04T17:00:00Z,5.3,0.0,10,0.0,0.0,0
2025-09-04T18:00:00Z,4.7,0.0,17,0.0,0.0,0
2025-09-04T19:00:00Z,4.7,0.0,14,0.0,0.0,0
2025-09-04T20:00:00Z,4.4,0.0,9,0.0,0.0,0
2025-09-04T21:00:00Z,4.2,0.0,9,5.0,37.3,1
2025-09-04T22:00:00Z,5.7,0.0,4,121.0,465.4,1
2025-09-04T23:00:00Z,8.0,0.0,2,315.0,699.1,1
2025-09-05T00:00:00Z,10.0,0.0,0,496.0,823.1,1
2025-09-05T01:00:00Z,11.4,0.0,5,634.0,876.0,1
2025-09-05T02:00:00Z,12.1,0.0,3,684.0,797.1,1
2025-09-05T03:00:00Z,12.8,0.0,1,736.0,906.1,1
2025-09-05T04:00:00Z,13.4,0.0,3,694.0,896.8,1
2025-09-05T05:00:00Z,13.6,0.0,0,591.0,862.7,1
2025-09-05T06:00:00Z,13.3,0.0,24,437.0,794.1,1
2025-09-05T07:00:00Z,12.1,0.0,100,247.0,651.9,1
2025-09-05T08:00:00Z,10.2,0.0,100,61.0,271.3,1
2025-09-05T09:00:00Z,9.2,0.0,100,0.0,0.0,0
2025-09-05T10:00:00Z,9.3,0.0,100,0.0,0.0,0
2025-09-05T11:00:00Z,8.9,0.0,97,0.0,0.0,0
2025-09-05T12:00:00Z,7.9,0.0,94,0.0,0.0,0
2025-09-05T13:00:00Z,6.8,0.0,36,0.0,0.0,0
2025-09-05T14:00:00Z,5.8,0.0,100,0.0,0.0,0
2025-09-05T15:00:00Z,5.2,0.0,89,0.0,0.0,0
2025-09-05T16:00:00Z,4.8,0.0,2,0.0,0.0,0
2025-09-05T17:00:00Z,4.4,0.0,0,0.0,0.0,0
2025-09-05T18:00:00Z,3.8,0.0,0,0.0,0.0,0
2025-09-05T19:00:00Z,3.2,0.0,0,0.0,0.0,0
2025-09-05T20:00:00Z,2.9,0.0,2,0.0,0.0,0
2025-09-05T21:00:00Z,4.5,0.0,29,6.0,35.6,1
2025-09-05T22:00:00Z,8.3,0.0,100,126.0,492.4,1
2025-09-05T23:00:00Z,11.6,0.0,97,290.0,523.1,1
2025-09-06T00:00:00Z,13.9,0.0,72,475.0,727.0,1
2025-09-06T01:00:00Z,16.1,0.0,87,618.0,827.7,1
2025-09-06T02:00:00Z,17.5,0.0,71,698.0,853.3,1
2025-09-06T03:00:00Z,18.8,0.0,77,716.0,851.4,1
2025-09-06T04:00:00Z,19.6,0.0,9,675.0,851.5,1
2025-09-06T05:00:00Z,20.0,0.0,100,569.0,801.3,1
2025-09-06T06:00:00Z,19.7,0.0,100,352.0,401.7,1
2025-09-06T07:00:00Z,18.7,0.0,100,151.0,110.3,1
2025-09-06T08:00:00Z,17.4,0.0,100,39.0,25.1,1
2025-09-06T09:00:00Z,16.6,0.0,100,0.0,0.0,0
2025-09-06T10:00:00Z,16.3,0.0,100,0.0,0.0,0
2025-09-06T11:00:00Z,16.9,0.0,100,0.0,0.0,0
2025-09-06T12:00:00Z,16.3,0.2,100,0.0,0.0,0
2025-09-06T13:00:00Z,16.4,0.2,100,0.0,0.0,0
2025-09-06T14:00:00Z,16.9,0.0,100,0.0,0.0,0
2025-09-06T15:00:00Z,17.0,0.0,100,0.0,0.0,0
2025-09-06T16:00:00Z,17.1,0.0,100,0.0,0.0,0
2025-09-06T17:00:00Z,17.1,0.0,100,0.0,0.0,0
2025-09-06T18:00:00Z,17.1,0.0,87,0.0,0.0,0
2025-09-06T19:00:00Z,16.6,0.0,67,0.0,0.0,0
2025-09-06T20:00:00Z,16.5,0.0,9,0.0,0.0,0
2025-09-06T21:00:00Z,16.8,0.0,19,7.0,34.0,1
2025-09-06T22:00:00Z,17.0,0.0,92,106.0,375.4,1
2025-09-06T23:00:00Z,17.0,0.0,95,133.0,158.0,1
2025-09-07T00:00:00Z,17.6,0.2,100,227.0,94.8,1
2025-09-07T01:00:00Z,16.7,1.5,100,133.0,33.2,1
2025-09-07T02:00:00Z,15.7,2.9,100,101.0,2.8,1
2025-09-07T03:00:00Z,16.1,2.1,91,145.0,11.1,1
2025-09-07T04:00:00Z,17.6,0.2,38,377.0,262.6,1
2025-09-07T05:00:00Z,18.1,0.0,37,501.0,617.8,1
2025-09-07T06:00:00Z,18.1,0.0,35,361.0,513.5,1
2025-09-07T07:00:00Z,17.8,0.0,65,205.0,419.5,1
2025-09-07T08:00:00Z,17.3,0.0,98,48.0,156.9,1
2025-09-07T09:00:00Z,17.0,0.0,57,0.0,0.0,0
2025-09-07T10:00:00Z,16.9,0.0,64,0.0,0.0,0
2025-09-07T11:00:00Z,16.8,0.2,92,0.0,0.0,0
2025-09-07T12:00:00Z,16.0,0.4,73,0.0,0.0,0
2025-09-07T13:00:00Z,15.4,1.2,43,0.0,0.0,0
2025-09-07T14:00:00Z,15.2,0.1,19,0.0,0.0,0
2025-09-07T15:00:00Z,14.8,0.0,12,0.0,0.0,0
2025-09-07T16:00:00Z,14.2,0.0,8,0.0,0.0,0
2025-09-07T17:00:00Z,13.8,0.0,1,0.0,0.0,0
2025-09-07T18:00:00Z,13.3,0.0,0,0.0,0.0,0
2025-09-07T19:00:00Z,12.7,0.0,0,0.0,0.0,0
2025-09-07T20:00:00Z,12.3,0.0,1,0.0,0.0,0
2025-09-07T21:00:00Z,11.9,0.0,2,8.0,48.9,1
2025-09-07T22:00:00Z,12.6,0.0,11,130.0,464.0,1
2025-09-07T23:00:00Z,14.0,0.0,7,321.0,682.9,1
2025-09-08T00:00:00Z,15.3,0.0,33,495.0,793.1,1
2025-09-08T01:00:00Z,17.1,0.1,38,580.0,673.8,1
2025-09-08T02:00:00Z,17.5,0.3,32,595.0,633.9,1
2025-09-08T03:00:00Z,18.1,0.4,40,626.0,657.0,1
2025-09-08T04:00:00Z,18.6,0.2,31,547.0,570.1,1
2025-09-08T05:00:00Z,18.5,0.1,34,467.0,567.0,1
2025-09-08T06:00:00Z,18.1,0.3,12,329.0,490.3,1
2025-09-08T07:00:00Z,17.6,0.1,8,221.0,522.9,1
2025-09-08T08:00:00Z,16.2,0.0,15,62.0,301.6,1
2025-09-08T09:00:00Z,15.4,0.0,14,0.0,0.0,0
2025-09-08T10:00:00Z,14.2,0.0,14,0.0,0.0,0
2025-09-08T11:00:00Z,13.4,0.0,7,0.0,0.0,0
2025-09-08T12:00:00Z,12.2,0.0,20,0.0,0.0,0
2025-09-08T13:00:00Z,11.9,0.0,1,0.0,0.0,0
2025-09-08T14:00:00Z,12.1,0.0,0,0.0,0.0,0
2025-09-08T15:00:00Z,10.9,0.0,0,0.0,0.0,0
2025-09-08T16:00:00Z,10.2,0.0,12,0.0,0.0,0
2025-09-08T17:00:00Z,9.9,0.0,83,0.0,0.0,0
2025-09-08T18:00:00Z,10.1,0.0,100,0.0,0.0,0
2025-09-08T19:00:00Z,10.6,0.0,100,0.0,0.0,0
2025-09-08T20:00:00Z,10.5,0.0,100,0.0,0.0,0
2025-09-08T21:00:00Z,10.4,0.2,45,3.0,0.0,1
2025-09-08T22:00:00Z,11.1,0.1,25,85.0,198.6,1
2025-09-08T23:00:00Z,12.4,0.0,23,291.0,554.7,1
2025-09-09T00:00:00Z,13.1,0.1,75,454.0,646.9,1
2025-09-09T01:00:00Z,13.0,0.1,99,369.0,200.6,1
2025-09-09T02:00:00Z,14.1,0.0,55,453.0,233.3,1
2025-09-09T03:00:00Z,15.4,0.2,93,561.0,428.9,1
2025-09-09T04:00:00Z,15.6,0.0,100,463.0,265.2,1
2025-09-09T05:00:00Z,15.2,0.0,75,473.0,501.9,1
2025-09-09T06:00:00Z,14.2,0.0,63,306.0,298.8,1
2025-09-09T07:00:00Z,12.4,0.0,100,222.0,457.3,1
2025-09-09T08:00:00Z,11.1,0.0,96,56.0,177.1,1
2025-09-09T09:00:00Z,10.9,0.0,100,0.0,0.0,0
2025-09-09T10:00:00Z,11.4,0.0,100,0.0,0.0,0
2025-09-09T11:00:00Z,10.6,0.0,100,0.0,0.0,0
2025-09-09T12:00:00Z,9.9,0.0,99,0.0,0.0,0
2025-09-09T13:00:00Z,9.4,0.0,89,0.0,0.0,0
2025-09-09T14:00:00Z,8.8,0.0,31,0.0,0.0,0
2025-09-09T15:00:00Z,7.8,0.0,1,0.0,0.0,0
2025-09-09T16:00:00Z,6.8,0.0,100,0.0,0.0,0
2025-09-09T17:00:00Z,7.0,0.0,100,0.0,0.0,0
2025-09-09T18:00:00Z,6.8,0.0,100,0.0,0.0,0
2025-09-09T19:00:00Z,6.8,0.0,100,0.0,0.0,0
2025-09-09T20:00:00Z,7.1,0.0,100,0.0,0.0,0
2025-09-09T21:00:00Z,7.7,0.2,100,6.0,0.0,1
2025-09-09T22:00:00Z,8.5,0.1,100,65.0,20.9,1
2025-09-09T23:00:00Z,10.2,0.0,100,227.0,265.5,1
2025-09-10T00:00:00Z,11.4,0.0,100,319.0,193.5,1
2025-09-10T01:00:00Z,11.8,0.1,87,462.0,456.7,1
2025-09-10T02:00:00Z,12.1,0.2,95,498.0,418.9,1
2025-09-10T03:00:00Z,12.4,0.3,100,585.0,504.2,1
2025-09-10T04:00:00Z,11.6,0.1,100,371.0,90.8,1
2025-09-10T05:00:00Z,11.4,0.1,100,315.0,76.0,1
2025-09-10T06:00:00Z,11.3,0.0,100,166.0,14.8,1
2025-09-10T07:00:00Z,11.2,0.0,100,104.0,23.1,1
2025-09-10T08:00:00Z,10.6,0.0,100,23.0,0.0,1
2025-09-10T09:00:00Z,10.4,0.0,100,0.0,0.0,0
2025-09-10T10:00:00Z,10.3,0.0,100,0.0,0.0,0
2025-09-10T11:00:00Z,10.2,0.0,100,0.0,0.0,0
2025-09-10T12:00:00Z,10.0,0.1,100,0.0,0.0,0
2025-09-10T13:00:00Z,9.9,0.0,100,0.0,0.0,0
2025-09-10T14:00:00Z,9.6,0.0,100,0.0,0.0,0
2025-09-10T15:00:00Z,9.5,0.0,53,0.0,0.0,0
2025-09-10T16:00:00Z,8.8,0.0,66,0.0,0.0,0
2025-09-10T17:00:00Z,8.9,0.1,83,0.0,0.0,0
2025-09-10T18:00:00Z,9.4,0.1,63,0.0,0.0,0
2025-09-10T19:00:00Z,9.2,0.1,98,0.0,0.0,0
2025-09-10T20:00:00Z,9.5,0.4,81,0.0,0.0,0
2025-09-10T21:00:00Z,9.1,0.4,82,8.0,28.8,1
2025-09-10T22:00:00Z,9.9,0.3,80,89.0,192.9,1
2025-09-10T23:00:00Z,11.4,0.1,79,218.0,301.1,1
2025-09-11T00:00:00Z,11.4,0.2,79,312.0,264.2,1
2025-09-11T01:00:00Z,12.1,0.2,40,532.0,574.1,1
2025-09-11T02:00:00Z,12.6,0.2,44,608.0,607.5,1
2025-09-11T03:00:00Z,13.5,0.2,18,664.0,698.1,1
2025-09-11T04:00:00Z,14.2,0.1,53,668.0,792.1,1
2025-09-11T05:00:00Z,13.4,0.1,44,475.0,543.4,1
2025-09-11T06:00:00Z,12.7,0.1,65,334.0,452.3,1
2025-09-11T07:00:00Z,11.9,0.1,74,163.0,261.5,1
2025-09-11T08:00:00Z,11.2,0.0,42,48.0,157.0,1
2025-09-11T09:00:00Z,10.6,0.0,45,0.0,0.0,0
2025-09-11T10:00:00Z,10.1,0.0,31,0.0,0.0,0
2025-09-11T11:00:00Z,9.9,0.0,40,0.0,0.0,0
2025-09-11T12:00:00Z,9.7,0.0,13,0.0,0.0,0
2025-09-11T13:00:00Z,9.2,0.0,20,0.0,0.0,0
2025-09-11T14:00:00Z,8.6,0.0,13,0.0,0.0,0
2025-09-11T15:00:00Z,8.1,0.0,4,0.0,0.0,0
2025-09-11T16:00:00Z,7.7,0.0,2,0.0,0.0,0
2025-09-11T17:00:00Z,7.1,0.0,6,0.0,0.0,0
2025-09-11T18:00:00Z,6.7,0.0,4,0.0,0.0,0
2025-09-11T19:00:00Z,6.4,0.0,24,0.0,0.0,0
2025-09-11T20:00:00Z,6.2,0.0,18,0.0,0.0,0
2025-09-11T21:00:00Z,7.0,0.0,23,13.0,69.3,1
2025-09-11T22:00:00Z,8.9,0.0,27,139.0,415.0,1
2025-09-11T23:00:00Z,10.8,0.0,22,321.0,583.5,1
2025-09-12T00:00:00Z,12.9,0.0,60,498.0,700.1,1
2025-09-12T01:00:00Z,14.6,0.0,58,569.0,588.0,1
2025-09-12T02:00:00Z,15.1,0.1,45,528.0,474.0,1
2025-09-12T03:00:00Z,15.9,0.0,59,609.0,579.2,1
2025-09-12T04:00:00Z,16.1,0.0,74,502.0,427.2,1
2025-09-12T05:00:00Z,16.0,0.0,65,417.0,425.8,1
2025-09-12T06:00:00Z,15.2,0.0,100,310.0,382.2,1
2025-09-12T07:00:00Z,13.6,0.1,60,102.0,38.8,1
2025-09-12T08:00:00Z,13.4,0.2,70,48.0,124.1,1
2025-09-12T09:00:00Z,12.8,0.0,50,0.0,0.0,0
2025-09-12T10:00:00Z,12.3,0.0,41,0.0,0.0,0
2025-09-12T11:00:00Z,11.9,0.0,45,0.0,0.0,0
2025-09-12T12:00:00Z,11.6,0.0,62,0.0,0.0,0
2025-09-12T13:00:00Z,11.9,0.0,81,0.0,0.0,0
2025-09-12T14:00:00Z,11.9,0.0,58,0.0,0.0,0
2025-09-12T15:00:00Z,11.5,0.0,70,0.0,0.0,0
2025-09-12T16:00:00Z,10.9,0.0,87,0.0,0.0,0
2025-09-12T17:00:00Z,11.1,0.0,100,0.0,0.0,0
2025-09-12T18:00:00Z,11.1,0.0,100,0.0,0.0,0
2025-09-12T19:00:00Z,11.2,0.0,100,0.0,0.0,0
2025-09-12T20:00:00Z,11.3,0.0,100,0.0,0.0,0
2025-09-12T21:00:00Z,11.3,0.0,100,7.0,0.0,1
2025-09-12T22:00:00Z,12.1,0.0,82,103.0,139.5,1
2025-09-12T23:00:00Z,13.1,0.0,22,235.0,191.0,1
2025-09-13T00:00:00Z,15.0,0.0,30,484.0,629.6,1
2025-09-13T01:00:00Z,16.3,0.1,55,596.0,672.5,1
2025-09-13T02:00:00Z,16.5,0.0,66,409.0,179.4,1
2025-09-13T03:00:00Z,17.4,0.1,100,556.0,367.7,1
2025-09-13T04:00:00Z,17.9,0.0,100,535.0,385.1,1
2025-09-13T05:00:00Z,17.4,0.0,100,376.0,157.3,1
2025-09-13T06:00:00Z,16.9,0.0,100,319.0,321.4,1
2025-09-13T07:00:00Z,16.1,0.0,100,116.0,35.2,1
2025-09-13T08:00:00Z,15.7,0.0,100,33.0,0.0,1
2025-09-13T09:00:00Z,15.4,0.0,100,0.0,0.0,0
2025-09-13T10:00:00Z,14.9,0.0,96,0.0,0.0,0
2025-09-13T11:00:00Z,14.1,0.0,79,0.0,0.0,0
2025-09-13T12:00:00Z,13.1,0.0,50,0.0,0.0,0
2025-09-13T13:00:00Z,12.2,0.0,2,0.0,0.0,0
2025-09-13T14:00:00Z,11.8,0.0,0,0.0,0.0,0
2025-09-13T15:00:00Z,11.4,0.0,0,0.0,0.0,0
2025-09-13T16:00:00Z,10.9,0.0,0,0.0,0.0,0
2025-09-13T17:00:00Z,10.6,0.0,0,0.0,0.0,0
2025-09-13T18:00:00Z,10.2,0.0,0,0.0,0.0,0
2025-09-13T19:00:00Z,10.0,0.0,0,0.0,0.0,0
2025-09-13T20:00:00Z,9.9,0.0,1,0.0,0.0,0
2025-09-13T21:00:00Z,10.2,0.0,0,17.0,103.0,1
2025-09-13T22:00:00Z,11.6,0.0,1,166.0,539.2,1
2025-09-13T23:00:00Z,13.7,0.0,1,362.0,723.6,1
2025-09-14T00:00:00Z,15.6,0.0,1,539.0,820.7,1
2025-09-14T01:00:00Z,18.5,0.0,17,672.0,869.6,1
2025-09-14T02:00:00Z,19.5,0.0,1,721.0,808.0,1
2025-09-14T03:00:00Z,20.0,0.0,1,764.0,881.9,1
2025-09-14T04:00:00Z,20.5,0.0,5,725.0,893.9,1
2025-09-14T05:00:00Z,20.4,0.0,2,609.0,827.0,1
2025-09-14T06:00:00Z,19.7,0.0,1,457.0,770.2,1
2025-09-14T07:00:00Z,19.4,0.0,0,271.0,659.5,1
2025-09-14T08:00:00Z,18.0,0.0,2,82.0,386.3,1
2025-09-14T09:00:00Z,16.8,0.0,1,0.0,0.0,0
2025-09-14T10:00:00Z,15.9,0.0,3,0.0,0.0,0
2025-09-14T11:00:00Z,15.5,0.0,25,0.0,0.0,0
2025-09-14T12:00:00Z,15.1,0.0,1,0.0,0.0,0
2025-09-14T13:00:00Z,15.7,0.0,10,0.0,0.0,0
2025-09-14T14:00:00Z,15.4,0.0,44,0.0,0.0,0
2025-09-14T15:00:00Z,15.1,0.0,16,0.0,0.0,0
2025-09-14T16:00:00Z,14.5,0.0,8,0.0,0.0,0
2025-09-14T17:00:00Z,13.9,0.0,2,0.0,0.0,0
2025-09-14T18:00:00Z,13.4,0.0,0,0.0,0.0,0
2025-09-14T19:00:00Z,13.0,0.0,6,0.0,0.0,0
2025-09-14T20:00:00Z,12.7,0.0,29,0.0,0.0,0
2025-09-14T21:00:00Z,12.9,0.0,6,19.0,111.9,1
2025-09-14T22:00:00Z,14.2,0.0,23,165.0,498.4,1
2025-09-14T23:00:00Z,14.9,0.0,41,331.0,567.7,1
2025-09-15T00:00:00Z,16.9,0.0,70,540.0,807.7,1
2025-09-15T01:00:00Z,20.1,0.0,73,526.0,451.6,1
2025-09-15T02:00:00Z,22.0,0.0,0,750.0,858.4,1
2025-09-15T03:00:00Z,23.0,0.0,0,784.0,920.6,1
2025-09-15T04:00:00Z,23.1,0.0,27,740.0,912.7,1
2025-09-15T05:00:00Z,23.2,0.0,80,630.0,873.4,1
2025-09-15T06:00:00Z,23.8,0.0,14,450.0,711.7,1
2025-09-15T07:00:00Z,23.1,0.0,8,273.0,653.0,1
2025-09-15T08:00:00Z,22.0,0.0,27,83.0,389.3,1
2025-09-15T09:00:00Z,21.5,0.0,58,0.0,0.0,0
2025-09-15T10:00:00Z,21.0,0.0,51,0.0,0.0,0
2025-09-15T11:00:00Z,20.2,0.0,99,0.0,0.0,0
2025-09-15T12:00:00Z,20.0,0.0,65,0.0,0.0,0
2025-09-15T13:00:00Z,21.9,0.0,98,0.0,0.0,0
2025-09-15T14:00:00Z,21.6,0.0,91,0.0,0.0,0
2025-09-15T15:00:00Z,19.1,0.4,63,0.0,0.0,0
2025-09-15T16:00:00Z,18.0,0.1,98,0.0,0.0,0
2025-09-15T17:00:00Z,17.6,0.3,96,0.0,0.0,0
2025-09-15T18:00:00Z,15.1,2.8,100,0.0,0.0,0
2025-09-15T19:00:00Z,15.4,0.1,99,0.0,0.0,0
2025-09-15T20:00:00Z,14.8,0.2,100,0.0,0.0,0
2025-09-15T21:00:00Z,14.8,0.0,100,8.0,24.1,1
2025-09-15T22:00:00Z,15.6,0.0,100,62.0,58.0,1
2025-09-15T23:00:00Z,15.5,0.3,100,46.0,2.4,1
2025-09-16T00:00:00Z,15.4,0.4,100,116.0,3.5,1
2025-09-16T01:00:00Z,15.9,0.0,36,209.0,22.1,1
2025-09-16T02:00:00Z,18.0,0.0,97,662.0,627.3,1
2025-09-16T03:00:00Z,17.9,0.0,100,269.0,50.1,1
2025-09-16T04:00:00Z,17.9,0.1,94,416.0,201.9,1
2025-09-16T05:00:00Z,17.5,0.0,14,341.0,227.8,1
2025-09-16T06:00:00Z,18.2,0.0,38,379.0,574.8,1
2025-09-16T07:00:00Z,15.3,2.1,62,224.0,432.2,1
2025-09-16T08:00:00Z,13.4,1.1,26,62.0,199.9,1
2025-09-16T09:00:00Z,13.6,0.0,24,1.0,0.0,0
2025-09-16T10:00:00Z,13.1,0.0,3,0.0,0.0,0
2025-09-16T11:00:00Z,12.4,0.0,0,0.0,0.0,0
2025-09-16T12:00:00Z,11.9,0.0,2,0.0,0.0,0
2025-09-16T13:00:00Z,11.7,0.0,0,0.0,0.0,0
2025-09-16T14:00:00Z,11.1,0.0,4,0.0,0.0,0
2025-09-16T15:00:00Z,10.6,0.0,21,0.0,0.0,0
2025-09-16T16:00:00Z,10.8,0.0,47,0.0,0.0,0
2025-09-16T17:00:00Z,10.9,0.2,28,0.0,0.0,0
2025-09-16T18:00:00Z,10.8,0.0,5,0.0,0.0,0
2025-09-16T19:00:00Z,10.1,0.0,13,0.0,0.0,0
2025-09-16T20:00:00Z,9.6,0.0,9,0.0,0.0,0
2025-09-16T21:00:00Z,9.7,0.0,12,23.0,128.1,1
2025-09-16T22:00:00Z,10.9,0.0,13,171.0,479.3,1
2025-09-16T23:00:00Z,12.0,0.0,100,362.0,644.9,1
2025-09-17T00:00:00Z,12.9,0.0,63,459.0,536.3,1
2025-09-17T01:00:00Z,13.6,0.0,84,484.0,383.6,1
2025-09-17T02:00:00Z,14.4,0.1,82,524.0,293.7,1
2025-09-17T03:00:00Z,14.8,0.0,95,457.0,221.7,1
2025-09-17T04:00:00Z,14.9,0.0,100,432.0,175.8,1
2025-09-17T05:00:00Z,14.4,0.0,99,286.0,122.0,1
2025-09-17T06:00:00Z,14.3,0.0,79,205.0,84.7,1
2025-09-17T07:00:00Z,14.1,0.0,89,180.0,243.3,1
2025-09-17T08:00:00Z,13.4,0.0,59,69.0,226.9,1
2025-09-17T09:00:00Z,12.1,0.0,18,1.0,0.0,0
2025-09-17T10:00:00Z,11.2,0.0,9,0.0,0.0,0
2025-09-17T11:00:00Z,9.9,0.0,15,0.0,0.0,0
2025-09-17T12:00:00Z,9.2,0.0,14,0.0,0.0,0
2025-09-17T13:00:00Z,9.5,0.0,97,0.0,0.0,0
2025-09-17T14:00:00Z,8.6,0.0,66,0.0,0.0,0
2025-09-17T15:00:00Z,8.1,0.0,76,0.0,0.0,0
2025-09-17T16:00:00Z,7.6,0.0,22,0.0,0.0,0
2025-09-17T17:00:00Z,7.3,0.0,4,0.0,0.0,0
2025-09-17T18:00:00Z,7.2,0.0,13,0.0,0.0,0
2025-09-17T19:00:00Z,7.4,0.0,15,0.0,0.0,0
2025-09-17T20:00:00Z,7.6,0.0,7,0.0,0.0,0
2025-09-17T21:00:00Z,8.4,0.0,12,25.0,124.1,1
2025-09-17T22:00:00Z,10.0,0.0,9,176.0,472.5,1
2025-09-17T23:00:00Z,12.1,0.0,1,376.0,679.6,1
2025-09-18T00:00:00Z,13.9,0.0,0,563.0,824.3,1
2025-09-18T01:00:00Z,15.9,0.0,0,702.0,885.4,1
2025-09-18T02:00:00Z,17.5,0.0,39,779.0,903.6,1
2025-09-18T03:00:00Z,18.6,0.0,30,702.0,692.6,1
2025-09-18T04:00:00Z,19.0,0.0,100,670.0,659.6,1
2025-09-18T05:00:00Z,19.1,0.0,94,478.0,430.0,1
2025-09-18T06:00:00Z,18.8,0.0,88,342.0,346.7,1
2025-09-18T07:00:00Z,18.8,0.0,90,190.0,244.0,1
2025-09-18T08:00:00Z,17.8,0.0,20,63.0,166.5,1
2025-09-18T09:00:00Z,16.4,0.0,13,1.0,0.0,0
2025-09-18T10:00:00Z,15.9,0.0,6,0.0,0.0,0
2025-09-18T11:00:00Z,15.6,0.0,4,0.0,0.0,0
2025-09-18T12:00:00Z,15.2,0.0,0,0.0,0.0,0
2025-09-18T13:00:00Z,15.1,0.0,4,0.0,0.0,0
2025-09-18T14:00:00Z,14.4,0.0,0,0.0,0.0,0
2025-09-18T15:00:00Z,14.1,0.0,4,0.0,0.0,0
2025-09-18T16:00:00Z,13.8,0.0,1,0.0,0.0,0
2025-09-18T17:00:00Z,13.4,0.0,2,0.0,0.0,0
2025-09-18T18:00:00Z,13.1,0.0,65,0.0,0.0,0
2025-09-18T19:00:00Z,13.1,0.0,98,0.0,0.0,0
2025-09-18T20:00:00Z,12.9,0.0,46,0.0,0.0,0
2025-09-18T21:00:00Z,12.7,0.0,64,21.0,98.5,1
2025-09-18T22:00:00Z,12.6,2.3,71,98.0,158.1,1
2025-09-18T23:00:00Z,14.1,0.0,63,311.0,466.3,1
2025-09-19T00:00:00Z,15.4,0.1,21,411.0,390.4,1
2025-09-19T01:00:00Z,18.0,0.0,57,506.0,466.3,1
2025-09-19T02:00:00Z,19.1,0.0,17,735.0,769.0,1
2025-09-19T03:00:00Z,19.6,1.1,22,783.0,873.0,1
2025-09-19T04:00:00Z,20.5,0.0,16,687.0,728.7,1
2025-09-19T05:00:00Z,21.6,0.0,34,582.0,737.7,1
2025-09-19T06:00:00Z,21.9,0.0,14,410.0,605.1,1
2025-09-19T07:00:00Z,21.0,0.0,15,256.0,562.0,1
2025-09-19T08:00:00Z,19.0,0.0,88,88.0,379.4,1
2025-09-19T09:00:00Z,17.6,0.0,87,1.0,0.0,0
2025-09-19T10:00:00Z,16.9,0.0,13,0.0,0.0,0
2025-09-19T11:00:00Z,15.6,0.0,48,0.0,0.0,0
2025-09-19T12:00:00Z,13.9,0.0,97,0.0,0.0,0
2025-09-19T13:00:00Z,10.0,1.0,90,0.0,0.0,0
2025-09-19T14:00:00Z,9.9,0.3,43,0.0,0.0,0
2025-09-19T15:00:00Z,9.4,0.0,17,0.0,0.0,0
2025-09-19T16:00:00Z,9.0,0.0,8,0.0,0.0,0
2025-09-19T17:00:00Z,8.8,0.0,33,0.0,0.0,0
2025-09-19T18:00:00Z,8.4,0.0,34,0.0,0.0,0
2025-09-19T19:00:00Z,7.9,0.0,58,0.0,0.0,0
2025-09-19T20:00:00Z,7.8,0.0,1,0.0,0.0,0
2025-09-19T21:00:00Z,7.8,0.0,15,29.0,159.5,1
2025-09-19T22:00:00Z,9.0,0.0,40,173.0,439.7,1
2025-09-19T23:00:00Z,10.0,0.0,61,302.0,421.1,1
2025-09-20T00:00:00Z,11.2,0.0,92,477.0,544.6,1
2025-09-20T01:00:00Z,11.4,0.0,99,360.0,253.8,1
2025-09-20T02:00:00Z,12.7,0.2,99,449.0,190.1,1
2025-09-20T03:00:00Z,13.3,0.1,100,452.0,143.2,1
2025-09-20T04:00:00Z,14.0,0.1,100,341.0,102.2,1
2025-09-20T05:00:00Z,14.1,0.0,100,236.0,28.0,1
2025-09-20T06:00:00Z,14.1,0.0,100,179.0,21.8,1
2025-09-20T07:00:00Z,13.8,0.0,100,116.0,23.9,1
2025-09-20T08:00:00Z,13.2,0.0,100,31.0,7.1,1
2025-09-20T09:00:00Z,12.9,0.0,98,1.0,0.0,0
2025-09-20T10:00:00Z,12.6,0.0,100,0.0,0.0,0
2025-09-20T11:00:00Z,12.5,0.0,99,0.0,0.0,0
2025-09-20T12:00:00Z,12.4,0.0,100,0.0,0.0,0
2025-09-20T13:00:00Z,12.4,0.0,100,0.0,0.0,0
2025-09-20T14:00:00Z,12.2,0.0,48,0.0,0.0,0
2025-09-20T15:00:00Z,11.8,0.0,54,0.0,0.0,0
2025-09-20T16:00:00Z,11.6,0.0,51,0.0,0.0,0
2025-09-20T17:00:00Z,11.8,0.0,100,0.0,0.0,0
2025-09-20T18:00:00Z,11.7,0.0,100,0.0,0.0,0
2025-09-20T19:00:00Z,11.6,0.0,99,0.0,0.0,0
2025-09-20T20:00:00Z,11.5,0.0,97,0.0,0.0,0
2025-09-20T21:00:00Z,11.9,0.0,100,15.0,10.3,1
2025-09-20T22:00:00Z,12.3,0.2,100,38.0,4.0,1
2025-09-20T23:00:00Z,12.9,0.0,100,83.0,0.0,1
2025-09-21T00:00:00Z,14.0,0.0,100,200.0,62.8,1
2025-09-21T01:00:00Z,14.6,0.0,100,164.0,12.8,1
2025-09-21T02:00:00Z,15.2,0.0,100,203.0,15.6,1
2025-09-21T03:00:00Z,15.6,0.0,100,157.0,1.3,1
2025-09-21T04:00:00Z,16.2,0.3,99,192.0,28.5,1
2025-09-21T05:00:00Z,16.4,0.2,100,209.0,65.1,1
2025-09-21T06:00:00Z,14.8,0.4,99,94.0,19.6,1
2025-09-21T07:00:00Z,12.7,4.9,99,59.0,8.9,1
2025-09-21T08:00:00Z,12.9,0.2,96,49.0,84.1,1
2025-09-21T09:00:00Z,12.4,0.0,100,1.0,0.0,0
2025-09-21T10:00:00Z,12.2,0.0,29,0.0,0.0,0
2025-09-21T11:00:00Z,11.4,0.0,28,0.0,0.0,0
2025-09-21T12:00:00Z,10.7,0.0,29,0.0,0.0,0
2025-09-21T13:00:00Z,10.9,0.1,25,0.0,0.0,0
2025-09-21T14:00:00Z,9.9,0.2,26,0.0,0.0,0
2025-09-21T15:00:00Z,9.6,0.0,6,0.0,0.0,0
2025-09-21T16:00:00Z,9.1,0.0,25,0.0,0.0,0
2025-09-21T17:00:00Z,8.6,0.0,10,0.0,0.0,0
2025-09-21T18:00:00Z,8.3,0.0,9,0.0,0.0,0
2025-09-21T19:00:00Z,8.1,0.0,17,0.0,0.0,0
2025-09-21T20:00:00Z,8.0,0.0,23,0.0,0.0,0
2025-09-21T21:00:00Z,8.4,0.0,22,32.0,150.9,1
2025-09-21T22:00:00Z,9.4,0.1,25,185.0,480.0,1
2025-09-21T23:00:00Z,10.4,0.0,66,320.0,468.0,1
2025-09-22T00:00:00Z,10.9,0.6,54,392.0,358.7,1
2025-09-22T01:00:00Z,9.1,0.3,59,368.0,135.8,1
2025-09-22T02:00:00Z,11.9,0.1,36,605.0,525.0,1
2025-09-22T03:00:00Z,12.8,0.5,22,665.0,570.7,1
2025-09-22T04:00:00Z,12.9,0.1,25,669.0,712.0,1
2025-09-22T05:00:00Z,13.2,0.0,40,586.0,699.5,1
2025-09-22T06:00:00Z,12.8,0.0,24,434.0,615.0,1
2025-09-22T07:00:00Z,12.1,0.0,40,270.0,552.5,1
2025-09-22T08:00:00Z,11.2,0.1,66,82.0,296.6,1
2025-09-22T09:00:00Z,11.0,0.1,56,1.0,0.0,0
2025-09-22T10:00:00Z,10.9,0.0,60,0.0,0.0,0
2025-09-22T11:00:00Z,10.4,0.0,73,0.0,0.0,0
2025-09-22T12:00:00Z,9.9,0.0,75,0.0,0.0,0
2025-09-22T13:00:00Z,9.2,0.0,92,0.0,0.0,0
2025-09-22T14:00:00Z,9.1,0.0,100,0.0,0.0,0
2025-09-22T15:00:00Z,9.1,0.0,86,0.0,0.0,0
2025-09-22T16:00:00Z,8.9,0.0,92,0.0,0.0,0
2025-09-22T17:00:00Z,8.8,0.0,25,0.0,0.0,0
2025-09-22T18:00:00Z,8.6,0.0,53,0.0,0.0,0
2025-09-22T19:00:00Z,8.5,0.0,40,0.0,0.0,0
2025-09-22T20:00:00Z,8.4,0.0,27,0.0,0.0,0
2025-09-22T21:00:00Z,8.9,0.0,21,37.0,176.3,1
2025-09-22T22:00:00Z,10.4,0.0,12,202.0,512.5,1
2025-09-22T23:00:00Z,12.4,0.0,23,405.0,709.7,1
2025-09-23T00:00:00Z,14.4,0.0,98,594.0,838.4,1
2025-09-23T01:00:00Z,15.4,0.0,100,593.0,520.0,1
2025-09-23T02:00:00Z,16.1,0.0,100,515.0,235.9,1
2025-09-23T03:00:00Z,16.5,0.0,97,507.0,142.2,1
2025-09-23T04:00:00Z,16.7,0.0,100,450.0,163.7,1
2025-09-23T05:00:00Z,17.1,0.0,91,444.0,366.3,1
2025-09-23T06:00:00Z,17.0,0.0,72,398.0,440.4,1
2025-09-23T07:00:00Z,16.2,0.0,75,208.0,285.4,1
2025-09-23T08:00:00Z,15.4,0.0,93,68.0,175.7,1
2025-09-23T09:00:00Z,14.2,0.0,100,2.0,0.0,0
2025-09-23T10:00:00Z,14.1,0.0,99,0.0,0.0,0
2025-09-23T11:00:00Z,13.9,0.0,84,0.0,0.0,0
2025-09-23T12:00:00Z,13.4,0.0,100,0.0,0.0,0
2025-09-23T13:00:00Z,13.0,0.0,100,0.0,0.0,0
2025-09-23T14:00:00Z,12.8,0.1,100,0.0,0.0,0
2025-09-23T15:00:00Z,12.8,0.0,100,0.0,0.0,0
2025-09-23T16:00:00Z,12.4,0.0,100,0.0,0.0,0
2025-09-23T17:00:00Z,12.1,0.0,100,0.0,0.0,0
2025-09-23T18:00:00Z,11.9,0.0,100,0.0,0.0,0
2025-09-23T19:00:00Z,12.1,0.1,100,0.0,0.0,0
2025-09-23T20:00:00Z,12.1,0.1,100,0.0,0.0,0
2025-09-23T21:00:00Z,12.3,0.1,100,24.0,38.2,1
2025-09-23T22:00:00Z,13.0,0.1,99,159.0,258.8,1
2025-09-23T23:00:00Z,13.3,0.3,97,195.0,46.6,1
2025-09-24T00:00:00Z,14.7,0.0,100,439.0,359.5,1
2025-09-24T01:00:00Z,15.8,0.0,100,373.0,163.4,1
2025-09-24T02:00:00Z,15.9,0.1,100,548.0,280.7,1
2025-09-24T03:00:00Z,14.4,0.1,98,243.0,34.1,1
2025-09-24T04:00:00Z,15.6,0.1,100,524.0,341.8,1
2025-09-24T05:00:00Z,13.4,0.6,100,247.0,96.0,1
2025-09-24T06:00:00Z,13.1,0.5,95,180.0,84.8,1
2025-09-24T07:00:00Z,13.3,0.3,100,143.0,69.3,1
2025-09-24T08:00:00Z,12.9,0.1,100,59.0,132.5,1
2025-09-24T09:00:00Z,12.8,0.0,100,1.0,0.0,0
2025-09-24T10:00:00Z,12.9,0.2,100,0.0,0.0,0
2025-09-24T11:00:00Z,12.8,0.1,100,0.0,0.0,0
2025-09-24T12:00:00Z,12.3,0.0,100,0.0,0.0,0
2025-09-24T13:00:00Z,11.4,0.1,100,0.0,0.0,0
2025-09-24T14:00:00Z,12.1,0.0,100,0.0,0.0,0
2025-09-24T15:00:00Z,12.2,0.0,100,0.0,0.0,0
2025-09-24T16:00:00Z,12.1,0.0,100,0.0,0.0,0
2025-09-24T17:00:00Z,11.8,0.0,100,0.0,0.0,0
2025-09-24T18:00:00Z,11.5,0.0,100,0.0,0.0,0
2025-09-24T19:00:00Z,11.4,0.0,100,0.0,0.0,0
2025-09-24T20:00:00Z,11.4,0.0,100,0.0,0.0,0
2025-09-24T21:00:00Z,11.8,0.0,100,11.0,0.0,1
2025-09-24T22:00:00Z,12.2,0.0,100,41.0,0.0,1
2025-09-24T23:00:00Z,12.6,0.0,100,67.0,0.0,1
2025-09-25T00:00:00Z,14.4,0.0,99,294.0,106.8,1
2025-09-25T01:00:00Z,15.9,0.0,100,378.0,174.8,1
2025-09-25T02:00:00Z,15.6,0.0,100,181.0,5.1,1
2025-09-25T03:00:00Z,16.1,0.0,100,216.0,0.0,1
2025-09-25T04:00:00Z,16.7,0.0,100,192.0,14.6,1
2025-09-25T05:00:00Z,16.4,0.0,100,111.0,0.0,1
2025-09-25T06:00:00Z,16.2,0.0,100,130.0,9.6,1
2025-09-25T07:00:00Z,15.4,1.0,100,86.0,2.9,1
2025-09-25T08:00:00Z,15.2,0.0,99,42.0,0.0,1
2025-09-25T09:00:00Z,14.7,0.0,100,1.0,0.0,0
2025-09-25T10:00:00Z,14.3,0.0,97,0.0,0.0,0
2025-09-25T11:00:00Z,14.1,0.0,100,0.0,0.0,0
2025-09-25T12:00:00Z,13.6,0.0,100,0.0,0.0,0
2025-09-25T13:00:00Z,13.6,0.0,100,0.0,0.0,0
2025-09-25T14:00:00Z,12.9,1.2,100,0.0,0.0,0
2025-09-25T15:00:00Z,11.8,0.7,99,0.0,0.0,0
2025-09-25T16:00:00Z,11.8,0.0,100,0.0,0.0,0
2025-09-25T17:00:00Z,12.4,0.0,96,0.0,0.0,0
2025-09-25T18:00:00Z,12.6,0.0,94,0.0,0.0,0
2025-09-25T19:00:00Z,12.6,0.0,100,0.0,0.0,0
2025-09-25T20:00:00Z,12.9,0.0,97,0.0,0.0,0
2025-09-25T21:00:00Z,12.9,0.0,95,19.0,36.4,1
2025-09-25T22:00:00Z,13.6,0.0,100,88.0,57.8,1
2025-09-25T23:00:00Z,13.7,0.0,99,97.0,6.5,1
2025-09-26T00:00:00Z,15.2,0.0,100,303.0,107.6,1
2025-09-26T01:00:00Z,17.1,0.0,100,264.0,74.5,1
2025-09-26T02:00:00Z,18.9,0.0,83,319.0,77.4,1
2025-09-26T03:00:00Z,19.0,1.4,81,503.0,274.0,1
2025-09-26T04:00:00Z,20.8,0.0,66,495.0,358.3,1
2025-09-26T05:00:00Z,19.7,0.6,44,405.0,283.7,1
2025-09-26T06:00:00Z,19.9,1.4,69,285.0,304.7,1
2025-09-26T07:00:00Z,17.0,1.2,53,159.0,190.1,1
2025-09-26T08:00:00Z,16.5,0.2,17,69.0,184.8,1
2025-09-26T09:00:00Z,15.1,0.4,19,3.0,20.8,0
2025-09-26T10:00:00Z,14.3,0.1,85,0.0,0.0,0
2025-09-26T11:00:00Z,13.6,0.0,100,0.0,0.0,0
2025-09-26T12:00:00Z,13.2,0.1,93,0.0,0.0,0
2025-09-26T13:00:00Z,11.9,0.0,85,0.0,0.0,0
2025-09-26T14:00:00Z,11.6,0.0,83,0.0,0.0,0
2025-09-26T15:00:00Z,11.6,0.0,32,0.0,0.0,0
2025-09-26T16:00:00Z,11.2,0.0,2,0.0,0.0,0
2025-09-26T17:00:00Z,10.7,0.0,0,0.0,0.0,0
2025-09-26T18:00:00Z,10.1,0.0,1,0.0,0.0,0
2025-09-26T19:00:00Z,9.2,0.0,0,0.0,0.0,0
2025-09-26T20:00:00Z,8.6,0.0,0,0.0,0.0,0
2025-09-26T21:00:00Z,9.0,0.0,1,53.0,284.2,1
2025-09-26T22:00:00Z,10.9,0.0,4,244.0,655.7,1
2025-09-26T23:00:00Z,12.6,0.0,57,429.0,728.5,1
2025-09-27T00:00:00Z,13.9,0.0,75,544.0,600.4,1
2025-09-27T01:00:00Z,16.1,0.0,67,610.0,505.7,1
2025-09-27T02:00:00Z,17.3,0.0,69,698.0,561.3,1
2025-09-27T03:00:00Z,18.4,0.0,69,662.0,459.4,1
2025-09-27T04:00:00Z,18.6,0.0,71,599.0,423.7,1
2025-09-27T05:00:00Z,18.1,0.0,26,498.0,417.3,1
2025-09-27T06:00:00Z,17.5,0.0,38,370.0,386.2,1
2025-09-27T07:00:00Z,16.8,0.0,57,221.0,323.5,1
2025-09-27T08:00:00Z,15.8,0.0,15,104.0,375.3,1
2025-09-27T09:00:00Z,15.1,0.0,51,4.0,20.2,0
2025-09-27T10:00:00Z,14.4,0.0,86,0.0,0.0,0
2025-09-27T11:00:00Z,13.5,0.0,100,0.0,0.0,0
2025-09-27T12:00:00Z,13.2,0.0,100,0.0,0.0,0
2025-09-27T13:00:00Z,13.3,0.0,100,0.0,0.0,0
2025-09-27T14:00:00Z,12.7,0.0,89,0.0,0.0,0
2025-09-27T15:00:00Z,11.9,0.0,24,0.0,0.0,0
2025-09-27T16:00:00Z,10.9,0.0,3,0.0,0.0,0
2025-09-27T17:00:00Z,10.2,0.0,9,0.0,0.0,0
2025-09-27T18:00:00Z,9.7,0.0,34,0.0,0.0,0
2025-09-27T19:00:00Z,9.3,0.0,32,0.0,0.0,0
2025-09-27T20:00:00Z,8.9,0.0,65,0.0,0.0,0
2025-09-27T21:00:00Z,9.4,0.0,92,52.0,225.7,1
2025-09-27T22:00:00Z,10.9,0.0,44,238.0,574.3,1
2025-09-27T23:00:00Z,12.4,0.0,76,424.0,667.6,1
2025-09-28T00:00:00Z,13.6,0.0,68,514.0,536.4,1
2025-09-28T01:00:00Z,14.4,0.0,68,611.0,491.7,1
2025-09-28T02:00:00Z,15.2,0.0,100,697.0,639.9,1
2025-09-28T03:00:00Z,15.2,0.0,95,627.0,452.3,1
2025-09-28T04:00:00Z,15.1,0.0,100,612.0,458.4,1
2025-09-28T05:00:00Z,14.6,0.0,37,449.0,352.5,1
2025-09-28T06:00:00Z,14.4,0.0,71,453.0,602.2,1
2025-09-28T07:00:00Z,13.5,0.0,19,294.0,577.3,1
2025-09-28T08:00:00Z,12.7,0.0,8,117.0,460.5,1
2025-09-28T09:00:00Z,12.0,0.0,20,4.0,19.6,0
2025-09-28T10:00:00Z,11.6,0.0,8,0.0,0.0,0
2025-09-28T11:00:00Z,11.2,0.0,2,0.0,0.0,0
2025-09-28T12:00:00Z,10.4,0.0,4,0.0,0.0,0
2025-09-28T13:00:00Z,9.1,0.0,0,0.0,0.0,0
2025-09-28T14:00:00Z,8.3,0.0,17,0.0,0.0,0
2025-09-28T15:00:00Z,7.6,0.0,90,0.0,0.0,0
2025-09-28T16:00:00Z,7.3,0.0,56,0.0,0.0,0
2025-09-28T17:00:00Z,7.1,0.0,42,0.0,0.0,0
2025-09-28T18:00:00Z,6.7,0.0,2,0.0,0.0,0
2025-09-28T19:00:00Z,6.3,0.0,21,0.0,0.0,0
2025-09-28T20:00:00Z,6.2,0.0,3,0.0,0.0,1
2025-09-28T21:00:00Z,7.8,0.0,1,58.0,288.5,1
2025-09-28T22:00:00Z,11.1,0.0,47,244.0,622.3,1
2025-09-28T23:00:00Z,15.0,0.0,0,446.0,772.1,1
2025-09-29T00:00:00Z,16.8,0.0,0,620.0,836.7,1
2025-09-29T01:00:00Z,18.5,0.0,0,752.0,888.2,1
2025-09-29T02:00:00Z,19.5,0.0,0,827.0,909.9,1
2025-09-29T03:00:00Z,20.4,0.0,15,838.0,911.4,1
2025-09-29T04:00:00Z,21.1,0.0,9,783.0,891.7,1
2025-09-29T05:00:00Z,21.5,0.0,94,661.0,826.4,1
2025-09-29T06:00:00Z,21.2,0.0,100,453.0,550.0,1
2025-09-29T07:00:00Z,20.5,0.0,100,272.0,428.7,1
2025-09-29T08:00:00Z,19.5,0.0,100,33.0,0.0,1
2025-09-29T09:00:00Z,18.2,0.2,100,1.0,0.0,0
2025-09-29T10:00:00Z,17.5,0.0,100,0.0,0.0,0
2025-09-29T11:00:00Z,15.6,0.6,100,0.0,0.0,0
2025-09-29T12:00:00Z,15.3,0.0,100,0.0,0.0,0
2025-09-29T13:00:00Z,16.0,0.1,99,0.0,0.0,0
2025-09-29T14:00:00Z,15.6,0.0,100,0.0,0.0,0
2025-09-29T15:00:00Z,16.0,0.0,99,0.0,0.0,0
2025-09-29T16:00:00Z,16.1,0.0,100,0.0,0.0,0
2025-09-29T17:00:00Z,16.3,0.0,100,0.0,0.0,0
2025-09-29T18:00:00Z,15.9,0.0,100,0.0,0.0,0
2025-09-29T19:00:00Z,15.4,0.2,100,0.0,0.0,0
2025-09-29T20:00:00Z,15.6,0.1,100,0.0,0.0,1
2025-09-29T21:00:00Z,16.3,0.0,100,26.0,33.2,1
2025-09-29T22:00:00Z,15.6,0.7,99,87.0,23.5,1
2025-09-29T23:00:00Z,16.1,0.4,100,161.0,22.9,1
2025-09-30T00:00:00Z,17.1,0.0,32,337.0,169.3,1
2025-09-30T01:00:00Z,17.8,2.6,70,445.0,215.3,1
2025-09-30T02:00:00Z,19.5,0.2,98,706.0,582.4,1
2025-09-30T03:00:00Z,19.9,0.0,100,409.0,170.6,1
2025-09-30T04:00:00Z,17.5,1.2,41,260.0,59.7,1
2025-09-30T05:00:00Z,19.0,0.0,14,549.0,556.1,1
2025-09-30T06:00:00Z,19.1,0.0,18,412.0,530.1,1
2025-09-30T07:00:00Z,17.6,0.0,27,300.0,581.4,1
2025-09-30T08:00:00Z,16.4,0.0,20,109.0,402.7,1
2025-09-30T09:00:00Z,13.9,1.2,52,5.0,18.5,0
2025-09-30T10:00:00Z,12.6,0.0,32,0.0,0.0,0
2025-09-30T11:00:00Z,12.0,0.0,96,0.0,0.0,0
2025-09-30T12:00:00Z,12.2,0.2,95,0.0,0.0,0
2025-09-30T13:00:00Z,11.4,2.0,30,0.0,0.0,0
2025-09-30T14:00:00Z,10.6,0.0,32,0.0,0.0,0
2025-09-30T15:00:00Z,10.6,0.0,5,0.0,0.0,0
2025-09-30T16:00:00Z,10.0,0.0,2,0.0,0.0,0
2025-09-30T17:00:00Z,9.6,0.0,5,0.0,0.0,0
2025-09-30T18:00:00Z,9.5,0.0,22,0.0,0.0,0
2025-09-30T19:00:00Z,9.6,0.0,32,0.0,0.0,0
2025-09-30T20:00:00Z,9.8,0.0,19,0.0,0.0,1
2025-09-30T21:00:00Z,10.5,0.0,7,63.0,292.5,1
2025-09-30T22:00:00Z,12.1,0.0,8,251.0,611.0,1
2025-09-30T23:00:00Z,13.7,0.0,41,465.0,789.3,1
2025-10-01T00:00:00Z,13.7,0.1,100,598.0,739.6,1
2025-10-01T01:00:00Z,13.0,0.0,98,195.0,13.4,1
2025-10-01T02:00:00Z,15.3,0.0,33,552.0,289.1,1
2025-10-01T03:00:00Z,16.4,0.0,98,559.0,424.0,1
2025-10-01T04:00:00Z,16.5,0.1,100,320.0,60.7,1
2025-10-01T05:00:00Z,16.4,0.0,73,397.0,279.7,1
2025-10-01T06:00:00Z,16.5,0.0,82,367.0,447.5,1
2025-10-01T07:00:00Z,16.0,0.1,99,173.0,201.3,1
2025-10-01T08:00:00Z,15.2,0.0,100,79.0,151.3,1
2025-10-01T09:00:00Z,14.6,0.0,100,4.0,0.0,0
2025-10-01T10:00:00Z,14.2,0.0,100,0.0,0.0,0
2025-10-01T11:00:00Z,14.1,0.0,100,0.0,0.0,0
2025-10-01T12:00:00Z,14.0,0.0,80,0.0,0.0,0
2025-10-01T13:00:00Z,13.9,0.0,100,0.0,0.0,0
2025-10-01T14:00:00Z,12.0,1.0,100,0.0,0.0,0
2025-10-01T15:00:00Z,11.6,0.4,100,0.0,0.0,0
2025-10-01T16:00:00Z,10.5,0.5,100,0.0,0.0,0
2025-10-01T17:00:00Z,10.2,0.1,19,0.0,0.0,0
2025-10-01T18:00:00Z,9.6,0.0,23,0.0,0.0,0
2025-10-01T19:00:00Z,9.1,0.0,16,0.0,0.0,0
2025-10-01T20:00:00Z,8.6,0.0,65,0.0,0.0,1
2025-10-01T21:00:00Z,9.1,0.0,73,59.0,238.7,1
2025-10-01T22:00:00Z,10.3,0.0,28,210.0,350.8,1
2025-10-01T23:00:00Z,11.7,0.0,99,424.0,599.8,1
2025-10-02T00:00:00Z,12.8,0.0,100,594.0,631.3,1
2025-10-02T01:00:00Z,12.9,0.1,78,360.0,102.4,1
2025-10-02T02:00:00Z,13.3,0.7,99,606.0,459.8,1
2025-10-02T03:00:00Z,13.0,0.0,100,399.0,165.4,1
2025-10-02T04:00:00Z,13.9,0.0,100,270.0,20.6,1
2025-10-02T05:00:00Z,12.8,0.4,100,201.0,17.6,1
2025-10-02T06:00:00Z,14.6,0.0,100,136.0,16.5,1
2025-10-02T07:00:00Z,13.6,0.0,99,136.0,86.3,1
2025-10-02T08:00:00Z,12.9,0.0,98,80.0,177.3,1
2025-10-02T09:00:00Z,12.4,0.0,100,4.0,0.0,0
2025-10-02T10:00:00Z,12.2,0.0,100,0.0,0.0,0
2025-10-02T11:00:00Z,11.9,0.0,69,0.0,0.0,0
2025-10-02T12:00:00Z,11.6,0.0,97,0.0,0.0,0
2025-10-02T13:00:00Z,11.1,0.0,100,0.0,0.0,0
2025-10-02T14:00:00Z,11.4,0.0,100,0.0,0.0,0
2025-10-02T15:00:00Z,11.5,0.0,98,0.0,0.0,0
2025-10-02T16:00:00Z,11.4,0.0,94,0.0,0.0,0
2025-10-02T17:00:00Z,11.3,0.0,84,0.0,0.0,0
2025-10-02T18:00:00Z,11.4,0.0,100,0.0,0.0,0
2025-10-02T19:00:00Z,11.7,0.0,100,0.0,0.0,0
2025-10-02T20:00:00Z,11.9,0.0,100,0.0,0.0,1
2025-10-02T21:00:00Z,12.1,0.0,98,22.0,0.0,1
2025-10-02T22:00:00Z,13.1,0.0,100,133.0,76.7,1
2025-10-02T23:00:00Z,13.4,0.0,100,155.0,20.2,1
2025-10-03T00:00:00Z,15.6,0.0,99,288.0,75.8,1
2025-10-03T01:00:00Z,16.0,0.0,100,391.0,130.9,1
2025-10-03T02:00:00Z,16.5,0.0,100,465.0,198.2,1
2025-10-03T03:00:00Z,17.4,0.1,92,522.0,280.9,1
2025-10-03T04:00:00Z,17.0,0.0,92,384.0,88.3,1
2025-10-03T05:00:00Z,17.3,0.1,84,409.0,228.9,1
2025-10-03T06:00:00Z,16.7,0.0,62,276.0,157.2,1
2025-10-03T07:00:00Z,15.1,0.0,61,180.0,163.3,1
2025-10-03T08:00:00Z,13.8,0.0,91,89.0,196.8,1
2025-10-03T09:00:00Z,13.1,0.0,53,5.0,17.1,0
2025-10-03T10:00:00Z,12.8,0.0,30,0.0,0.0,0
2025-10-03T11:00:00Z,12.1,0.0,35,0.0,0.0,0
2025-10-03T12:00:00Z,11.6,0.0,63,0.0,0.0,0
2025-10-03T13:00:00Z,11.6,0.1,41,0.0,0.0,0
2025-10-03T14:00:00Z,11.4,0.0,99,0.0,0.0,0
2025-10-03T15:00:00Z,11.3,0.0,59,0.0,0.0,0
2025-10-03T16:00:00Z,10.7,0.0,98,0.0,0.0,0
2025-10-03T17:00:00Z,10.1,0.0,77,0.0,0.0,0
2025-10-03T18:00:00Z,9.4,0.0,48,0.0,0.0,0
2025-10-03T19:00:00Z,8.1,0.0,41,0.0,0.0,0
2025-10-03T20:00:00Z,7.6,0.0,84,0.0,0.0,1
2025-10-03T21:00:00Z,8.8,0.0,100,73.0,244.5,1
2025-10-03T22:00:00Z,11.0,0.0,100,243.0,418.2,1
2025-10-03T23:00:00Z,14.2,0.0,100,464.0,712.2,1
2025-10-04T00:00:00Z,17.6,0.0,74,629.0,734.6,1
2025-10-04T01:00:00Z,20.0,0.0,38,785.0,889.1,1
2025-10-04T02:00:00Z,21.7,0.0,95,860.0,919.2,1
2025-10-04T03:00:00Z,22.9,0.0,100,833.0,788.4,1
2025-10-04T04:00:00Z,23.4,0.0,100,727.0,595.3,1
2025-10-04T05:00:00Z,23.7,0.0,96,624.0,581.9,1
2025-10-04T06:00:00Z,24.0,0.0,64,502.0,654.6,1
2025-10-04T07:00:00Z,23.5,0.0,99,334.0,679.8,1
2025-10-04T08:00:00Z,22.0,0.0,100,122.0,326.2,1
2025-10-04T09:00:00Z,20.1,0.0,100,7.0,16.7,0
2025-10-04T10:00:00Z,18.8,0.0,100,0.0,0.0,0
2025-10-04T11:00:00Z,17.5,0.0,100,0.0,0.0,0
2025-10-04T12:00:00Z,16.9,0.0,100,0.0,0.0,0
2025-10-04T13:00:00Z,16.5,0.0,100,0.0,0.0,0
2025-10-04T14:00:00Z,16.7,0.0,100,0.0,0.0,0
2025-10-04T15:00:00Z,16.8,0.0,100,0.0,0.0,0
2025-10-04T16:00:00Z,16.5,0.0,100,0.0,0.0,0
2025-10-04T17:00:00Z,16.2,0.0,98,0.0,0.0,0
2025-10-04T18:00:00Z,15.9,0.0,100,0.0,0.0,0
2025-10-04T19:00:00Z,15.9,0.0,100,0.0,0.0,0
2025-10-04T20:00:00Z,15.9,0.0,98,0.0,0.0,1
2025-10-04T21:00:00Z,16.5,0.0,95,79.0,284.8,1
2025-10-04T22:00:00Z,17.4,0.0,100,210.0,294.1,1
2025-10-04T23:00:00Z,17.5,0.0,100,197.0,29.7,1
2025-10-05T00:00:00Z,18.9,0.0,100,99.0,0.0,1
2025-10-05T01:00:00Z,20.2,0.0,100,178.0,17.0,1
2025-10-05T02:00:00Z,21.0,0.0,100,165.0,24.2,1
2025-10-05T03:00:00Z,23.4,0.0,100,265.0,20.4,1
2025-10-05T04:00:00Z,24.8,0.0,100,289.0,52.0,1
2025-10-05T05:00:00Z,25.0,0.0,100,153.0,18.8,1
2025-10-05T06:00:00Z,26.9,0.0,100,267.0,144.7,1
2025-10-05T07:00:00Z,26.0,0.0,100,81.0,7.9,1
2025-10-05T08:00:00Z,21.5,0.0,100,43.0,27.2,1
2025-10-05T09:00:00Z,18.5,0.3,100,2.0,0.0,0
2025-10-05T10:00:00Z,18.8,0.6,100,0.0,0.0,0
2025-10-05T11:00:00Z,19.1,0.4,100,0.0,0.0,0
2025-10-05T12:00:00Z,17.6,0.6,100,0.0,0.0,0
2025-10-05T13:00:00Z,17.7,0.5,100,0.0,0.0,0
2025-10-05T14:00:00Z,16.6,0.7,100,0.0,0.0,0
2025-10-05T15:00:00Z,14.9,1.1,100,0.0,0.0,0
2025-10-05T16:00:00Z,13.4,0.5,100,0.0,0.0,0
2025-10-05T17:00:00Z,12.7,0.1,100,0.0,0.0,0
2025-10-05T18:00:00Z,12.2,0.0,100,0.0,0.0,0
2025-10-05T19:00:00Z,11.9,0.0,100,0.0,0.0,0
2025-10-05T20:00:00Z,11.6,0.0,100,0.0,0.0,1
2025-10-05T21:00:00Z,11.6,0.0,100,38.0,0.0,1
2025-10-05T22:00:00Z,11.9,0.1,100,134.0,42.7,1
2025-10-05T23:00:00Z,12.2,0.0,100,191.0,31.4,1
2025-10-06T00:00:00Z,13.1,0.0,79,470.0,312.3,1
2025-10-06T01:00:00Z,13.9,0.0,100,522.0,271.9,1
2025-10-06T02:00:00Z,14.4,0.0,100,491.0,180.9,1
2025-10-06T03:00:00Z,14.7,0.0,98,463.0,131.5,1
2025-10-06T04:00:00Z,15.1,0.0,99,478.0,189.6,1
2025-10-06T05:00:00Z,15.1,0.0,91,349.0,152.4,1
2025-10-06T06:00:00Z,15.3,0.0,99,299.0,151.1,1
2025-10-06T07:00:00Z,15.0,0.0,100,226.0,222.2,1
2025-10-06T08:00:00Z,14.2,0.0,75,76.0,107.0,1
2025-10-06T09:00:00Z,13.4,0.0,72,6.0,15.9,0
2025-10-06T10:00:00Z,12.4,0.0,44,0.0,0.0,0
2025-10-06T11:00:00Z,11.5,0.0,2,0.0,0.0,0
2025-10-06T12:00:00Z,10.6,0.0,86,0.0,0.0,0
2025-10-06T13:00:00Z,10.9,0.0,74,0.0,0.0,0
2025-10-06T14:00:00Z,10.1,0.0,6,0.0,0.0,0
2025-10-06T15:00:00Z,9.8,0.0,0,0.0,0.0,0
2025-10-06T16:00:00Z,9.1,0.0,0,0.0,0.0,0
2025-10-06T17:00:00Z,8.6,0.0,9,0.0,0.0,0
2025-10-06T18:00:00Z,9.8,0.0,75,0.0,0.0,0
2025-10-06T19:00:00Z,9.4,0.0,88,0.0,0.0,0
2025-10-06T20:00:00Z,8.9,0.0,56,1.0,0.0,1
2025-10-06T21:00:00Z,9.9,0.0,0,82.0,303.3,1
2025-10-06T22:00:00Z,11.6,0.0,0,286.0,633.8,1
2025-10-06T23:00:00Z,13.4,0.0,0,507.0,826.9,1
2025-10-07T00:00:00Z,15.1,0.0,63,686.0,900.6,1
2025-10-07T01:00:00Z,16.4,0.0,46,731.0,705.2,1
2025-10-07T02:00:00Z,17.4,0.0,16,748.0,602.7,1
2025-10-07T03:00:00Z,18.2,0.0,23,847.0,816.4,1
2025-10-07T04:00:00Z,19.2,0.0,38,808.0,840.9,1
2025-10-07T05:00:00Z,20.1,0.0,67,632.0,638.5,1
2025-10-07T06:00:00Z,19.5,0.0,47,385.0,284.4,1
2025-10-07T07:00:00Z,18.4,0.0,9,286.0,443.6,1
2025-10-07T08:00:00Z,17.5,0.0,11,140.0,484.6,1
2025-10-07T09:00:00Z,15.9,0.0,7,10.0,62.0,0
2025-10-07T10:00:00Z,14.8,0.0,5,0.0,0.0,0
2025-10-07T11:00:00Z,13.6,0.0,0,0.0,0.0,0
2025-10-07T12:00:00Z,12.8,0.0,4,0.0,0.0,0
2025-10-07T13:00:00Z,12.2,0.0,17,0.0,0.0,0
2025-10-07T14:00:00Z,11.8,0.0,14,0.0,0.0,0
2025-10-07T15:00:00Z,11.1,0.0,0,0.0,0.0,0
2025-10-07T16:00:00Z,10.8,0.0,0,0.0,0.0,0
2025-10-07T17:00:00Z,10.9,0.0,0,0.0,0.0,0
2025-10-07T18:00:00Z,10.2,0.0,72,0.0,0.0,0
2025-10-07T19:00:00Z,9.8,0.0,68,0.0,0.0,0
2025-10-07T20:00:00Z,9.9,0.0,46,1.0,0.0,1
2025-10-07T21:00:00Z,11.9,0.0,99,88.0,319.3,1
2025-10-07T22:00:00Z,13.6,0.0,97,260.0,467.8,1
2025-10-07T23:00:00Z,15.2,0.0,46,420.0,516.8,1
2025-10-08T00:00:00Z,17.4,0.0,20,602.0,653.9,1
2025-10-08T01:00:00Z,19.7,0.0,28,754.0,784.0,1
2025-10-08T02:00:00Z,21.2,0.0,36,825.0,799.6,1
2025-10-08T03:00:00Z,22.2,0.0,77,829.0,788.2,1
2025-10-08T04:00:00Z,22.5,0.0,44,661.0,550.4,1
2025-10-08T05:00:00Z,22.6,0.0,100,598.0,594.4,1
2025-10-08T06:00:00Z,22.0,0.0,60,250.0,106.8,1
2025-10-08T07:00:00Z,21.5,0.0,24,211.0,247.1,1
2025-10-08T08:00:00Z,20.4,0.0,39,122.0,378.5,1
2025-10-08T09:00:00Z,18.8,0.0,29,10.0,45.4,0
2025-10-08T10:00:00Z,17.5,0.0,2,0.0,0.0,0
2025-10-08T11:00:00Z,16.4,0.0,5,0.0,0.0,0
2025-10-08T12:00:00Z,16.0,0.0,0,0.0,0.0,0
2025-10-08T13:00:00Z,14.6,0.0,11,0.0,0.0,0
2025-10-08T14:00:00Z,13.9,0.0,56,0.0,0.0,0
2025-10-08T15:00:00Z,13.1,0.0,96,0.0,0.0,0
2025-10-08T16:00:00Z,12.7,0.0,82,0.0,0.0,0
2025-10-08T17:00:00Z,12.8,0.0,19,0.0,0.0,0
2025-10-08T18:00:00Z,12.0,0.0,38,0.0,0.0,0
2025-10-08T19:00:00Z,11.6,0.0,32,0.0,0.0,0
2025-10-08T20:00:00Z,11.4,0.0,6,1.0,0.0,1
2025-10-08T21:00:00Z,13.1,0.0,1,101.0,439.4,1
2025-10-08T22:00:00Z,14.7,0.0,10,307.0,697.7,1
2025-10-08T23:00:00Z,16.0,0.0,5,508.0,797.1,1
2025-10-09T00:00:00Z,17.9,0.0,31,686.0,872.8,1
2025-10-09T01:00:00Z,19.1,0.0,29,770.0,804.4,1
2025-10-09T02:00:00Z,18.9,0.0,61,687.0,547.4,1
2025-10-09T03:00:00Z,19.5,0.0,45,652.0,460.4,1
2025-10-09T04:00:00Z,19.5,0.0,48,554.0,332.2,1
2025-10-09T05:00:00Z,20.0,0.0,50,473.0,361.9,1
2025-10-09T06:00:00Z,20.4,0.0,87,318.0,276.1,1
2025-10-09T07:00:00Z,19.8,0.0,18,186.0,206.9,1
2025-10-09T08:00:00Z,19.1,0.0,27,132.0,423.7,1
2025-10-09T09:00:00Z,17.8,0.0,10,11.0,59.2,0
2025-10-09T10:00:00Z,16.6,0.0,7,0.0,0.0,0
2025-10-09T11:00:00Z,15.9,0.0,0,0.0,0.0,0
2025-10-09T12:00:00Z,15.2,0.0,1,0.0,0.0,0
2025-10-09T13:00:00Z,14.1,0.0,0,0.0,0.0,0
2025-10-09T14:00:00Z,13.4,0.0,0,0.0,0.0,0
2025-10-09T15:00:00Z,13.1,0.0,1,0.0,0.0,0
2025-10-09T16:00:00Z,13.6,0.0,14,0.0,0.0,0
2025-10-09T17:00:00Z,14.1,0.0,8,0.0,0.0,0
2025-10-09T18:00:00Z,14.6,0.0,7,0.0,0.0,0
2025-10-09T19:00:00Z,13.9,0.0,10,0.0,0.0,0
2025-10-09T20:00:00Z,13.8,0.0,1,2.0,0.0,1
2025-10-09T21:00:00Z,14.0,0.0,5,107.0,472.7,1
2025-10-09T22:00:00Z,14.9,0.0,33,309.0,688.2,1
2025-10-09T23:00:00Z,16.4,0.0,50,474.0,667.2,1
2025-10-10T00:00:00Z,18.9,0.0,41,557.0,506.8,1
2025-10-10T01:00:00Z,19.1,0.1,91,491.0,274.0,1
2025-10-10T02:00:00Z,19.3,0.1,100,403.0,131.5,1
2025-10-10T03:00:00Z,20.4,0.0,100,419.0,188.1,1
2025-10-10T04:00:00Z,20.6,0.0,100,373.0,92.0,1
2025-10-10T05:00:00Z,20.6,0.0,100,257.0,26.9,1
2025-10-10T06:00:00Z,21.5,0.0,81,243.0,109.2,1
2025-10-10T07:00:00Z,21.2,0.0,55,135.0,50.7,1
2025-10-10T08:00:00Z,20.4,0.0,2,124.0,351.9,1
2025-10-10T09:00:00Z,18.9,0.0,2,12.0,72.4,0
2025-10-10T10:00:00Z,17.8,0.0,1,0.0,0.0,0
2025-10-10T11:00:00Z,16.8,0.0,10,0.0,0.0,0
2025-10-10T12:00:00Z,17.2,0.0,30,0.0,0.0,0
2025-10-10T13:00:00Z,16.1,0.0,5,0.0,0.0,0
2025-10-10T14:00:00Z,15.1,0.0,9,0.0,0.0,0
2025-10-10T15:00:00Z,14.4,0.0,18,0.0,0.0,0
2025-10-10T16:00:00Z,13.9,0.0,36,0.0,0.0,0
2025-10-10T17:00:00Z,13.6,0.0,43,0.0,0.0,0
2025-10-10T18:00:00Z,13.6,0.0,34,0.0,0.0,0
2025-10-10T19:00:00Z,12.8,0.0,39,0.0,0.0,0
2025-10-10T20:00:00Z,12.2,0.0,41,2.0,0.0,1
2025-10-10T21:00:00Z,13.3,0.0,16,94.0,327.0,1
2025-10-10T22:00:00Z,14.6,0.0,67,277.0,503.0,1
2025-10-10T23:00:00Z,16.0,0.0,76,415.0,526.4,1
2025-10-11T00:00:00Z,17.4,0.0,98,554.0,564.0,1
2025-10-11T01:00:00Z,19.4,0.0,98,636.0,465.5,1
2025-10-11T02:00:00Z,20.4,0.0,95,632.0,343.4,1
2025-10-11T03:00:00Z,20.9,0.0,98,569.0,310.4,1
2025-10-11T04:00:00Z,20.9,0.0,66,537.0,291.2,1
2025-10-11T05:00:00Z,20.6,0.0,75,405.0,211.1,1
2025-10-11T06:00:00Z,20.6,0.0,33,290.0,192.7,1
2025-10-11T07:00:00Z,19.9,0.0,45,258.0,395.2,1
2025-10-11T08:00:00Z,19.5,0.0,90,137.0,396.2,1
2025-10-11T09:00:00Z,17.8,0.0,94,9.0,28.3,0
2025-10-11T10:00:00Z,15.1,0.2,79,0.0,0.0,0
2025-10-11T11:00:00Z,13.8,1.3,38,0.0,0.0,0
2025-10-11T12:00:00Z,13.7,0.0,95,0.0,0.0,0
2025-10-11T13:00:00Z,13.2,0.0,100,0.0,0.0,0
2025-10-11T14:00:00Z,12.9,0.1,100,0.0,0.0,0
2025-10-11T15:00:00Z,12.1,0.0,30,0.0,0.0,0
2025-10-11T16:00:00Z,11.8,0.0,88,0.0,0.0,0
2025-10-11T17:00:00Z,11.8,0.0,68,0.0,0.0,0
2025-10-11T18:00:00Z,10.9,0.0,29,0.0,0.0,0
2025-10-11T19:00:00Z,10.2,0.0,78,0.0,0.0,0
2025-10-11T20:00:00Z,9.9,0.0,100,3.0,0.0,1
2025-10-11T21:00:00Z,11.3,0.0,99,87.0,133.2,1
2025-10-11T22:00:00Z,12.4,0.0,100,211.0,143.1,1
2025-10-11T23:00:00Z,13.4,0.0,100,279.0,74.6,1
2025-10-12T00:00:00Z,14.7,0.0,100,315.0,52.6,1
2025-10-12T01:00:00Z,15.5,0.0,100,332.0,22.7,1
2025-10-12T02:00:00Z,17.5,0.1,46,590.0,270.3,1
2025-10-12T03:00:00Z,18.9,0.0,46,727.0,652.3,1
2025-10-12T04:00:00Z,19.4,0.0,37,625.0,517.2,1
2025-10-12T05:00:00Z,19.7,0.0,43,648.0,658.8,1
2025-10-12T06:00:00Z,19.2,0.5,93,510.0,658.9,1
2025-10-12T07:00:00Z,15.4,1.2,99,257.0,292.4,1
2025-10-12T08:00:00Z,14.1,1.1,66,76.0,58.6,1
2025-10-12T09:00:00Z,12.2,0.5,100,8.0,27.7,0
2025-10-12T10:00:00Z,11.6,0.7,98,0.0,0.0,0
2025-10-12T11:00:00Z,11.1,0.0,61,0.0,0.0,0
2025-10-12T12:00:00Z,10.9,0.0,16,0.0,0.0,0
2025-10-12T13:00:00Z,10.1,0.0,10,0.0,0.0,0
2025-10-12T14:00:00Z,9.4,0.0,9,0.0,0.0,0
2025-10-12T15:00:00Z,8.9,0.0,10,0.0,0.0,0
2025-10-12T16:00:00Z,8.3,0.0,2,0.0,0.0,0
2025-10-12T17:00:00Z,7.8,0.0,13,0.0,0.0,0
2025-10-12T18:00:00Z,6.8,0.0,13,0.0,0.0,0
2025-10-12T19:00:00Z,6.3,0.0,17,0.0,0.0,0
2025-10-12T20:00:00Z,6.0,0.0,7,4.0,19.8,1
2025-10-12T21:00:00Z,7.1,0.0,5,117.0,437.3,1
2025-10-12T22:00:00Z,9.1,0.0,3,319.0,642.9,1
2025-10-12T23:00:00Z,11.1,0.0,0,547.0,860.5,1
2025-10-13T00:00:00Z,12.5,0.0,32,711.0,882.8,1
2025-10-13T01:00:00Z,13.4,0.0,76,717.0,642.1,1
2025-10-13T02:00:00Z,14.1,0.0,9,773.0,597.0,1
2025-10-13T03:00:00Z,14.9,0.0,0,880.0,798.7,1
2025-10-13T04:00:00Z,15.1,0.0,4,849.0,873.2,1
2025-10-13T05:00:00Z,15.2,0.0,0,758.0,932.5,1
2025-10-13T06:00:00Z,15.9,0.0,9,586.0,867.3,1
2025-10-13T07:00:00Z,15.5,0.0,3,382.0,766.6,1
2025-10-13T08:00:00Z,14.4,0.0,76,166.0,557.8,1
2025-10-13T09:00:00Z,12.8,0.0,63,15.0,81.5,0
2025-10-13T10:00:00Z,12.0,0.0,73,0.0,0.0,0
2025-10-13T11:00:00Z,11.5,0.0,16,0.0,0.0,0
2025-10-13T12:00:00Z,11.2,0.0,3,0.0,0.0,0
2025-10-13T13:00:00Z,10.1,0.0,1,0.0,0.0,0
2025-10-13T14:00:00Z,9.2,0.0,32,0.0,0.0,0
2025-10-13T15:00:00Z,8.8,0.0,100,0.0,0.0,0
2025-10-13T16:00:00Z,8.6,0.0,70,0.0,0.0,0
2025-10-13T17:00:00Z,8.6,0.0,80,0.0,0.0,0
2025-10-13T18:00:00Z,8.5,0.0,29,0.0,0.0,0
2025-10-13T19:00:00Z,8.2,0.0,2,0.0,0.0,0
2025-10-13T20:00:00Z,8.4,0.0,78,5.0,19.0,1
2025-10-13T21:00:00Z,10.1,0.0,74,107.0,335.5,1
2025-10-13T22:00:00Z,12.4,0.0,34,213.0,191.7,1
2025-10-13T23:00:00Z,15.4,0.0,51,467.0,582.2,1
2025-10-14T00:00:00Z,15.9,0.0,41,619.0,646.9,1
2025-10-14T01:00:00Z,17.7,0.0,100,738.0,649.3,1
2025-10-14T02:00:00Z,19.3,0.0,66,805.0,656.5,1
2025-10-14T03:00:00Z,20.1,0.0,82,833.0,702.0,1
2025-10-14T04:00:00Z,20.2,0.0,27,795.0,727.9,1
2025-10-14T05:00:00Z,20.0,0.0,33,703.0,806.4,1
2025-10-14T06:00:00Z,20.1,0.0,52,557.0,785.3,1
2025-10-14T07:00:00Z,19.5,0.0,22,366.0,699.5,1
2025-10-14T08:00:00Z,18.1,0.0,19,164.0,540.3,1
2025-10-14T09:00:00Z,15.9,0.0,13,16.0,93.1,0
2025-10-14T10:00:00Z,14.7,0.0,27,0.0,0.0,0
2025-10-14T11:00:00Z,14.1,0.0,27,0.0,0.0,0
2025-10-14T12:00:00Z,13.2,0.0,14,0.0,0.0,0
2025-10-14T13:00:00Z,12.6,0.0,0,0.0,0.0,0
2025-10-14T14:00:00Z,11.7,0.0,8,0.0,0.0,0
2025-10-14T15:00:00Z,10.6,0.0,0,0.0,0.0,0
2025-10-14T16:00:00Z,9.6,0.0,0,0.0,0.0,0
2025-10-14T17:00:00Z,9.2,0.0,0,0.0,0.0,0
2025-10-14T18:00:00Z,8.8,0.0,6,0.0,0.0,0
2025-10-14T19:00:00Z,7.8,0.0,13,0.0,0.0,0
2025-10-14T20:00:00Z,7.6,0.0,9,6.0,36.3,1
2025-10-14T21:00:00Z,9.4,0.0,0,127.0,484.2,1
2025-10-14T22:00:00Z,11.9,0.0,0,336.0,711.8,1
2025-10-14T23:00:00Z,14.8,0.0,0,546.0,842.3,1
2025-10-15T00:00:00Z,17.9,0.0,0,725.0,910.5,1
2025-10-15T01:00:00Z,20.3,0.0,0,853.0,942.9,1
2025-10-15T02:00:00Z,20.8,0.0,0,922.0,956.1,1
2025-10-15T03:00:00Z,20.2,0.0,0,926.0,954.6,1
2025-10-15T04:00:00Z,20.2,0.0,0,866.0,939.0,1
2025-10-15T05:00:00Z,20.9,0.0,12,747.0,905.7,1
2025-10-15T06:00:00Z,21.6,0.0,0,578.0,846.8,1
2025-10-15T07:00:00Z,20.7,0.0,13,380.0,753.2,1
2025-10-15T08:00:00Z,16.9,0.0,5,168.0,546.7,1
2025-10-15T09:00:00Z,15.4,0.0,0,17.0,104.3,0
2025-10-15T10:00:00Z,15.4,0.0,0,0.0,0.0,0
2025-10-15T11:00:00Z,14.9,0.0,2,0.0,0.0,0
2025-10-15T12:00:00Z,13.9,0.0,52,0.0,0.0,0
2025-10-15T13:00:00Z,12.6,0.0,93,0.0,0.0,0
2025-10-15T14:00:00Z,11.9,0.0,100,0.0,0.0,0
2025-10-15T15:00:00Z,11.4,0.0,91,0.0,0.0,0
2025-10-15T16:00:00Z,11.9,0.0,77,0.0,0.0,0
2025-10-15T17:00:00Z,13.5,0.0,0,0.0,0.0,0
2025-10-15T18:00:00Z,14.5,0.0,0,0.0,0.0,0
2025-10-15T19:00:00Z,14.6,0.0,0,0.0,0.0,0
2025-10-15T20:00:00Z,14.6,0.0,0,7.0,52.4,1
2025-10-15T21:00:00Z,16.5,0.0,16,134.0,523.0,1
2025-10-15T22:00:00Z,19.0,0.0,9,345.0,741.2,1
2025-10-15T23:00:00Z,21.1,0.0,5,554.0,859.8,1
2025-10-16T00:00:00Z,24.8,0.0,91,727.0,910.0,1
2025-10-16T01:00:00Z,27.5,0.0,95,844.0,904.2,1
2025-10-16T02:00:00Z,29.3,0.0,72,898.0,869.2,1
2025-10-16T03:00:00Z,30.7,0.0,87,909.0,906.5,1
2025-10-16T04:00:00Z,30.5,0.0,100,749.0,599.8,1
2025-10-16T05:00:00Z,30.5,0.0,100,406.0,135.2,1
2025-10-16T06:00:00Z,30.4,0.0,100,224.0,41.0,1
2025-10-16T07:00:00Z,29.5,0.0,99,115.0,0.0,1
2025-10-16T08:00:00Z,25.1,0.7,98,80.0,55.3,1
2025-10-16T09:00:00Z,26.0,0.2,96,10.0,12.8,0
2025-10-16T10:00:00Z,23.8,0.7,100,0.0,0.0,0
2025-10-16T11:00:00Z,21.9,0.3,100,0.0,0.0,0
2025-10-16T12:00:00Z,19.3,0.0,13,0.0,0.0,0
2025-10-16T13:00:00Z,15.9,0.1,53,0.0,0.0,0
2025-10-16T14:00:00Z,14.3,0.1,70,0.0,0.0,0
2025-10-16T15:00:00Z,13.4,0.0,100,0.0,0.0,0
2025-10-16T16:00:00Z,13.4,0.0,100,0.0,0.0,0
2025-10-16T17:00:00Z,13.1,0.0,100,0.0,0.0,0
2025-10-16T18:00:00Z,12.4,0.0,100,0.0,0.0,0
2025-10-16T19:00:00Z,12.5,0.0,100,0.0,0.0,0
2025-10-16T20:00:00Z,12.9,0.0,86,5.0,0.0,1
2025-10-16T21:00:00Z,13.4,0.0,100,68.0,77.6,1
2025-10-16T22:00:00Z,14.1,0.0,100,169.0,90.0,1
2025-10-16T23:00:00Z,14.8,0.0,100,236.0,44.9,1
2025-10-17T00:00:00Z,16.5,0.1,82,444.0,194.7,1
2025-10-17T01:00:00Z,17.9,0.0,84,748.0,616.3,1
2025-10-17T02:00:00Z,19.4,0.0,99,871.0,804.9,1
2025-10-17T03:00:00Z,19.7,0.0,98,840.0,678.7,1
2025-10-17T04:00:00Z,19.7,0.0,99,776.0,596.6,1
2025-10-17T05:00:00Z,18.1,0.0,100,607.0,485.1,1
2025-10-17T06:00:00Z,15.6,0.0,100,476.0,435.5,1
2025-10-17T07:00:00Z,14.9,0.0,46,256.0,200.1,1
2025-10-17T08:00:00Z,14.4,0.0,23,151.0,390.7,1
2025-10-17T09:00:00Z,13.9,0.0,4,18.0,87.7,0
2025-10-17T10:00:00Z,13.8,0.0,10,0.0,0.0,0
2025-10-17T11:00:00Z,13.2,0.0,84,0.0,0.0,0
2025-10-17T12:00:00Z,12.8,0.0,5,0.0,0.0,0
2025-10-17T13:00:00Z,11.9,0.0,66,0.0,0.0,0
2025-10-17T14:00:00Z,11.1,0.0,0,0.0,0.0,0
2025-10-17T15:00:00Z,10.8,0.0,0,0.0,0.0,0
2025-10-17T16:00:00Z,10.4,0.0,2,0.0,0.0,0
2025-10-17T17:00:00Z,9.9,0.0,1,0.0,0.0,0
2025-10-17T18:00:00Z,9.4,0.0,9,0.0,0.0,0
2025-10-17T19:00:00Z,8.3,0.0,2,0.0,0.0,0
2025-10-17T20:00:00Z,8.6,0.0,100,8.0,48.6,1
2025-10-17T21:00:00Z,10.5,0.0,44,108.0,173.2,1
2025-10-17T22:00:00Z,12.7,0.0,15,298.0,502.5,1
2025-10-17T23:00:00Z,14.7,0.0,56,550.0,796.0,1
2025-10-18T00:00:00Z,15.8,0.0,90,590.0,526.0,1
2025-10-18T01:00:00Z,16.8,0.0,84,698.0,526.4,1
2025-10-18T02:00:00Z,17.3,0.0,7,863.0,788.2,1
2025-10-18T03:00:00Z,17.6,0.0,0,926.0,925.4,1
2025-10-18T04:00:00Z,18.4,0.0,0,870.0,924.4,1
2025-10-18T05:00:00Z,19.1,0.0,0,755.0,902.1,1
2025-10-18T06:00:00Z,20.0,0.0,8,588.0,849.9,1
2025-10-18T07:00:00Z,19.7,0.0,0,384.0,739.9,1
2025-10-18T08:00:00Z,19.1,0.0,0,177.0,564.5,1
2025-10-18T09:00:00Z,18.1,0.0,1,21.0,122.9,0
2025-10-18T10:00:00Z,17.5,0.0,2,0.0,0.0,0
2025-10-18T11:00:00Z,16.6,0.0,0,0.0,0.0,0
2025-10-18T12:00:00Z,16.7,0.0,0,0.0,0.0,0
2025-10-18T13:00:00Z,16.1,0.0,16,0.0,0.0,0
2025-10-18T14:00:00Z,15.9,0.0,82,0.0,0.0,0
2025-10-18T15:00:00Z,16.8,0.0,0,0.0,0.0,0
2025-10-18T16:00:00Z,16.9,0.0,0,0.0,0.0,0
2025-10-18T17:00:00Z,17.0,0.0,100,0.0,0.0,0
2025-10-18T18:00:00Z,17.3,0.0,99,0.0,0.0,0
2025-10-18T19:00:00Z,17.0,0.0,98,0.0,0.0,0
2025-10-18T20:00:00Z,17.2,0.0,100,7.0,15.6,1
2025-10-18T21:00:00Z,17.6,0.0,100,54.0,5.3,1
2025-10-18T22:00:00Z,17.5,0.0,94,91.0,20.7,1
2025-10-18T23:00:00Z,19.8,0.0,94,405.0,363.4,1
2025-10-19T00:00:00Z,20.4,0.0,97,535.0,469.9,1
2025-10-19T01:00:00Z,22.1,0.0,100,254.0,82.1,1
2025-10-19T02:00:00Z,23.1,0.0,100,266.0,16.0,1
2025-10-19T03:00:00Z,24.7,0.0,95,295.0,77.4,1
2025-10-19T04:00:00Z,26.9,0.0,100,361.0,44.6,1
2025-10-19T05:00:00Z,28.1,0.0,100,235.0,0.0,1
2025-10-19T06:00:00Z,28.7,0.0,100,192.0,48.9,1
2025-10-19T07:00:00Z,27.9,0.0,100,60.0,0.0,1
2025-10-19T08:00:00Z,25.6,0.0,100,28.0,0.0,1
2025-10-19T09:00:00Z,20.9,0.0,99,7.0,0.0,0
2025-10-19T10:00:00Z,19.9,0.0,100,0.0,0.0,0
2025-10-19T11:00:00Z,17.8,0.0,100,0.0,0.0,0
2025-10-19T12:00:00Z,18.0,0.0,100,0.0,0.0,0
2025-10-19T13:00:00Z,16.5,0.8,96,0.0,0.0,0
2025-10-19T14:00:00Z,15.6,0.6,100,0.0,0.0,0
2025-10-19T15:00:00Z,15.0,0.5,100,0.0,0.0,0
2025-10-19T16:00:00Z,14.1,0.8,100,0.0,0.0,0
2025-10-19T17:00:00Z,13.3,0.6,100,0.0,0.0,0
2025-10-19T18:00:00Z,13.6,1.2,100,0.0,0.0,0
2025-10-19T19:00:00Z,13.7,0.5,100,0.0,0.0,0
2025-10-19T20:00:00Z,13.8,0.6,100,3.0,0.0,1
2025-10-19T21:00:00Z,13.6,0.9,100,14.0,0.0,1
2025-10-19T22:00:00Z,14.1,1.7,100,58.0,0.0,1
2025-10-19T23:00:00Z,14.4,0.8,100,175.0,22.9,1
2025-10-20T00:00:00Z,14.2,0.0,100,242.0,46.2,1
2025-10-20T01:00:00Z,14.9,0.3,100,179.0,9.8,1
2025-10-20T02:00:00Z,15.9,0.2,100,247.0,16.0,1
2025-10-20T03:00:00Z,16.5,0.0,100,249.0,3.4,1
2025-10-20T04:00:00Z,16.5,0.0,100,179.0,2.4,1
2025-10-20T05:00:00Z,17.1,0.0,100,328.0,76.1,1
2025-10-20T06:00:00Z,17.8,0.0,100,428.0,228.1,1
2025-10-20T07:00:00Z,17.7,0.0,100,311.0,304.7,1
2025-10-20T08:00:00Z,17.2,0.0,93,123.0,109.0,1
2025-10-20T09:00:00Z,14.9,0.0,95,18.0,35.5,0
2025-10-20T10:00:00Z,13.8,0.0,94,0.0,0.0,0
2025-10-20T11:00:00Z,13.2,0.0,94,0.0,0.0,0
2025-10-20T12:00:00Z,12.4,0.0,97,0.0,0.0,0
2025-10-20T13:00:00Z,11.2,0.0,100,0.0,0.0,0
2025-10-20T14:00:00Z,10.7,0.0,90,0.0,0.0,0
2025-10-20T15:00:00Z,10.1,0.0,100,0.0,0.0,0
2025-10-20T16:00:00Z,9.9,0.0,100,0.0,0.0,0
2025-10-20T17:00:00Z,9.6,0.0,100,0.0,0.0,0
2025-10-20T18:00:00Z,9.2,0.0,100,0.0,0.0,0
2025-10-20T19:00:00Z,8.9,0.0,100,0.0,0.0,0
2025-10-20T20:00:00Z,8.9,0.0,100,10.0,14.6,1
2025-10-20T21:00:00Z,10.1,0.0,100,119.0,172.0,1
2025-10-20T22:00:00Z,12.1,0.0,88,329.0,514.9,1
2025-10-20T23:00:00Z,13.8,0.0,95,563.0,796.0,1
2025-10-21T00:00:00Z,15.2,0.0,98,736.0,859.6,1
2025-10-21T01:00:00Z,17.1,0.0,100,823.0,752.4,1
2025-10-21T02:00:00Z,18.9,0.0,100,845.0,619.8,1
2025-10-21T03:00:00Z,19.5,0.0,100,723.0,371.1,1
2025-10-21T04:00:00Z,18.9,0.0,100,544.0,247.7,1
2025-10-21T05:00:00Z,18.2,0.0,100,459.0,157.0,1
2025-10-21T06:00:00Z,18.6,0.0,100,303.0,66.8,1
2025-10-21T07:00:00Z,18.1,0.0,100,114.0,2.3,1
2025-10-21T08:00:00Z,17.7,0.0,100,36.0,0.0,1
2025-10-21T09:00:00Z,17.7,0.0,100,7.0,0.0,0
2025-10-21T10:00:00Z,17.8,0.0,100,0.0,0.0,0
2025-10-21T11:00:00Z,17.5,0.0,100,0.0,0.0,0
2025-10-21T12:00:00Z,17.8,0.0,100,0.0,0.0,0
2025-10-21T13:00:00Z,17.2,0.0,100,0.0,0.0,0
2025-10-21T14:00:00Z,17.2,0.0,100,0.0,0.0,0
2025-10-21T15:00:00Z,17.6,0.0,100,0.0,0.0,0
2025-10-21T16:00:00Z,18.0,0.0,100,0.0,0.0,0
2025-10-21T17:00:00Z,18.0,0.0,100,0.0,0.0,0
2025-10-21T18:00:00Z,18.4,0.0,100,0.0,0.0,0
2025-10-21T19:00:00Z,18.0,0.1,100,0.0,0.0,0
2025-10-21T20:00:00Z,16.5,0.0,100,3.0,0.0,1
2025-10-21T21:00:00Z,16.5,0.4,100,23.0,0.0,1
2025-10-21T22:00:00Z,15.6,8.2,100,48.0,0.0,1
2025-10-21T23:00:00Z,18.0,1.4,100,126.0,26.1,1
2025-10-22T00:00:00Z,15.5,3.2,99,164.0,36.1,1
2025-10-22T01:00:00Z,17.9,0.3,100,370.0,134.4,1
2025-10-22T02:00:00Z,18.8,0.1,28,515.0,244.8,1
2025-10-22T03:00:00Z,20.3,0.0,34,848.0,739.9,1
2025-10-22T04:00:00Z,19.8,0.0,99,765.0,712.0,1
2025-10-22T05:00:00Z,17.9,0.0,100,287.0,118.7,1
2025-10-22T06:00:00Z,17.9,0.0,98,280.0,121.3,1
2025-10-22T07:00:00Z,15.2,0.0,82,150.0,67.6,1
2025-10-22T08:00:00Z,13.6,0.1,100,115.0,169.9,1
2025-10-22T09:00:00Z,12.6,0.2,100,4.0,0.0,0
2025-10-22T10:00:00Z,12.3,0.0,88,0.0,0.0,0
2025-10-22T11:00:00Z,11.8,0.0,100,0.0,0.0,0
2025-10-22T12:00:00Z,11.6,0.0,36,0.0,0.0,0
2025-10-22T13:00:00Z,11.0,0.0,56,0.0,0.0,0
2025-10-22T14:00:00Z,10.7,0.0,16,0.0,0.0,0
2025-10-22T15:00:00Z,10.1,0.0,2,0.0,0.0,0
2025-10-22T16:00:00Z,10.0,0.0,63,0.0,0.0,0
2025-10-22T17:00:00Z,10.1,0.0,100,0.0,0.0,0
2025-10-22T18:00:00Z,10.6,0.0,100,0.0,0.0,0
2025-10-22T19:00:00Z,10.4,0.0,82,0.0,0.0,0
2025-10-22T20:00:00Z,10.4,0.0,59,8.0,13.8,1
2025-10-22T21:00:00Z,11.1,0.0,59,108.0,203.9,1
2025-10-22T22:00:00Z,12.2,0.0,70,279.0,313.4,1
2025-10-22T23:00:00Z,13.2,0.0,96,414.0,309.2,1
2025-10-23T00:00:00Z,13.4,0.0,100,487.0,248.5,1
2025-10-23T01:00:00Z,14.2,0.1,100,472.0,114.6,1
2025-10-23T02:00:00Z,14.9,0.0,100,545.0,167.2,1
2025-10-23T03:00:00Z,15.8,0.0,100,645.0,286.7,1
2025-10-23T04:00:00Z,16.6,0.0,95,632.0,316.2,1
2025-10-23T05:00:00Z,17.0,0.0,100,515.0,213.7,1
2025-10-23T06:00:00Z,16.5,0.0,100,376.0,186.9,1
2025-10-23T07:00:00Z,15.8,0.0,100,219.0,74.1,1
2025-10-23T08:00:00Z,14.7,0.0,100,113.0,79.6,1
2025-10-23T09:00:00Z,13.8,0.0,99,19.0,33.7,0
2025-10-23T10:00:00Z,13.4,0.0,32,0.0,0.0,0
2025-10-23T11:00:00Z,12.6,0.0,23,0.0,0.0,0
2025-10-23T12:00:00Z,11.8,0.0,84,0.0,0.0,0
2025-10-23T13:00:00Z,11.7,0.0,35,0.0,0.0,0
2025-10-23T14:00:00Z,11.2,0.0,72,0.0,0.0,0
2025-10-23T15:00:00Z,11.1,0.0,59,0.0,0.0,0
2025-10-23T16:00:00Z,10.2,0.0,48,0.0,0.0,0
2025-10-23T17:00:00Z,9.6,0.0,91,0.0,0.0,0
2025-10-23T18:00:00Z,9.0,0.0,94,0.0,0.0,0
2025-10-23T19:00:00Z,8.9,0.0,99,0.0,0.0,0
2025-10-23T20:00:00Z,9.0,0.0,73,13.0,13.4,1
2025-10-23T21:00:00Z,10.4,0.0,47,145.0,361.7,1
2025-10-23T22:00:00Z,12.1,0.0,48,338.0,581.6,1
2025-10-23T23:00:00Z,13.3,0.1,53,462.0,504.9,1
2025-10-24T00:00:00Z,14.4,0.1,100,615.0,548.3,1
2025-10-24T01:00:00Z,15.1,0.1,100,585.0,364.2,1
2025-10-24T02:00:00Z,15.7,0.1,100,694.0,397.6,1
2025-10-24T03:00:00Z,15.7,0.0,100,501.0,193.9,1
2025-10-24T04:00:00Z,16.0,0.0,95,489.0,202.7,1
2025-10-24T05:00:00Z,16.4,0.0,68,535.0,341.5,1
2025-10-24T06:00:00Z,16.4,0.0,100,417.0,372.2,1
2025-10-24T07:00:00Z,15.8,0.0,92,333.0,459.8,1
2025-10-24T08:00:00Z,14.3,0.0,25,138.0,252.4,1
2025-10-24T09:00:00Z,13.1,0.0,9,26.0,121.3,0
2025-10-24T10:00:00Z,12.6,0.0,27,0.0,0.0,0
2025-10-24T11:00:00Z,12.3,0.0,59,0.0,0.0,0
2025-10-24T12:00:00Z,11.6,0.0,5,0.0,0.0,0
2025-10-24T13:00:00Z,10.9,0.0,8,0.0,0.0,0
2025-10-24T14:00:00Z,10.0,0.0,7,0.0,0.0,0
2025-10-24T15:00:00Z,9.1,0.0,68,0.0,0.0,0
2025-10-24T16:00:00Z,8.4,0.0,100,0.0,0.0,0
2025-10-24T17:00:00Z,7.9,0.0,100,0.0,0.0,0
2025-10-24T18:00:00Z,7.4,0.0,40,0.0,0.0,0
2025-10-24T19:00:00Z,7.2,0.0,91,0.0,0.0,0
2025-10-24T20:00:00Z,7.5,0.0,88,17.0,91.4,1
2025-10-24T21:00:00Z,9.4,0.0,100,168.0,546.5,1
2025-10-24T22:00:00Z,12.0,0.0,100,360.0,617.8,1
2025-10-24T23:00:00Z,13.6,0.0,100,400.0,210.0,1
2025-10-25T00:00:00Z,14.7,0.0,100,464.0,119.0,1
2025-10-25T01:00:00Z,15.1,0.0,100,493.0,139.0,1
2025-10-25T02:00:00Z,16.2,0.0,100,612.0,268.3,1
2025-10-25T03:00:00Z,15.1,0.7,100,362.0,55.9,1
2025-10-25T04:00:00Z,16.0,0.0,100,501.0,125.2,1
2025-10-25T05:00:00Z,15.6,0.1,100,218.0,16.0,1
2025-10-25T06:00:00Z,14.4,0.7,100,127.0,4.9,1
2025-10-25T07:00:00Z,15.2,0.0,100,205.0,118.8,1
2025-10-25T08:00:00Z,14.8,0.0,100,47.0,0.0,1
2025-10-25T09:00:00Z,14.6,0.0,100,12.0,0.0,0
2025-10-25T10:00:00Z,13.9,0.0,100,0.0,0.0,0
2025-10-25T11:00:00Z,13.4,0.0,100,0.0,0.0,0
2025-10-25T12:00:00Z,13.8,0.0,100,0.0,0.0,0
2025-10-25T13:00:00Z,13.8,0.3,100,0.0,0.0,0
2025-10-25T14:00:00Z,13.4,1.1,100,0.0,0.0,0
2025-10-25T15:00:00Z,12.9,1.1,100,0.0,0.0,0
2025-10-25T16:00:00Z,12.8,1.2,100,0.0,0.0,0
2025-10-25T17:00:00Z,13.1,0.6,100,0.0,0.0,0
2025-10-25T18:00:00Z,13.3,0.4,100,0.0,0.0,0
2025-10-25T19:00:00Z,13.4,0.6,100,0.0,0.0,0
2025-10-25T20:00:00Z,13.4,2.1,100,4.0,0.0,1
2025-10-25T21:00:00Z,14.1,0.0,100,61.0,18.3,1
2025-10-25T22:00:00Z,15.8,0.0,100,246.0,154.9,1
2025-10-25T23:00:00Z,16.9,0.0,100,274.0,54.3,1
2025-10-26T00:00:00Z,18.0,0.3,100,374.0,85.8,1
2025-10-26T01:00:00Z,17.3,2.9,100,226.0,3.6,1
2025-10-26T02:00:00Z,15.7,3.6,100,94.0,0.0,1
2025-10-26T03:00:00Z,16.2,1.5,32,138.0,10.0,1
2025-10-26T04:00:00Z,20.1,0.1,47,898.0,947.1,1
2025-10-26T05:00:00Z,21.0,0.5,100,642.0,621.2,1
2025-10-26T06:00:00Z,16.8,4.9,32,112.0,0.0,1
2025-10-26T07:00:00Z,16.8,0.8,98,376.0,581.0,1
2025-10-26T08:00:00Z,15.3,0.9,59,57.0,8.1,1
2025-10-26T09:00:00Z,14.9,0.0,34,22.0,106.6,0
2025-10-26T10:00:00Z,14.3,0.0,48,0.0,0.0,0
2025-10-26T11:00:00Z,14.0,0.0,97,0.0,0.0,0
2025-10-26T12:00:00Z,14.1,0.0,38,0.0,0.0,0
2025-10-26T13:00:00Z,13.1,0.0,100,0.0,0.0,0
2025-10-26T14:00:00Z,12.5,0.1,100,0.0,0.0,0
2025-10-26T15:00:00Z,12.0,0.2,100,0.0,0.0,0
2025-10-26T16:00:00Z,11.8,0.2,100,0.0,0.0,0
2025-10-26T17:00:00Z,11.4,0.7,100,0.0,0.0,0
2025-10-26T18:00:00Z,11.1,0.3,100,0.0,0.0,0
2025-10-26T19:00:00Z,10.8,0.1,100,0.0,0.0,0
2025-10-26T20:00:00Z,10.6,0.1,100,8.0,12.4,1
2025-10-26T21:00:00Z,10.5,0.0,100,62.0,9.0,1
2025-10-26T22:00:00Z,10.9,0.0,100,172.0,50.4,1
2025-10-26T23:00:00Z,10.8,0.1,98,255.0,55.7,1
2025-10-27T00:00:00Z,10.9,0.1,100,349.0,120.8,1
2025-10-27T01:00:00Z,11.1,0.0,95,350.0,86.9,1
2025-10-27T02:00:00Z,11.9,0.0,79,650.0,384.0,1
2025-10-27T03:00:00Z,12.1,0.0,48,745.0,521.3,1
2025-10-27T04:00:00Z,12.2,0.0,26,794.0,642.5,1
2025-10-27T05:00:00Z,12.1,0.0,36,668.0,574.0,1
2025-10-27T06:00:00Z,12.3,0.0,22,600.0,739.6,1
2025-10-27T07:00:00Z,12.2,0.0,64,394.0,633.6,1
2025-10-27T08:00:00Z,11.4,0.0,18,193.0,482.3,1
2025-10-27T09:00:00Z,10.4,0.0,16,32.0,157.4,0
2025-10-27T10:00:00Z,9.8,0.0,1,0.0,0.0,0
2025-10-27T11:00:00Z,9.3,0.0,0,0.0,0.0,0
2025-10-27T12:00:00Z,8.2,0.0,0,0.0,0.0,0
2025-10-27T13:00:00Z,7.4,0.0,0,0.0,0.0,0
2025-10-27T14:00:00Z,7.0,0.0,0,0.0,0.0,0
2025-10-27T15:00:00Z,6.6,0.0,0,0.0,0.0,0
2025-10-27T16:00:00Z,6.2,0.0,0,0.0,0.0,0
2025-10-27T17:00:00Z,5.9,0.0,0,0.0,0.0,0
2025-10-27T18:00:00Z,5.7,0.0,0,0.0,0.0,0
2025-10-27T19:00:00Z,5.2,0.0,0,0.0,0.0,0
2025-10-27T20:00:00Z,5.4,0.0,0,24.0,145.7,1
2025-10-27T21:00:00Z,6.6,0.0,0,192.0,616.3,1
2025-10-27T22:00:00Z,7.8,0.0,0,414.0,806.9,1
2025-10-27T23:00:00Z,9.4,0.0,0,625.0,903.4,1
2025-10-28T00:00:00Z,11.1,0.0,0,803.0,955.7,1
2025-10-28T01:00:00Z,12.8,0.0,0,937.0,993.9,1
2025-10-28T02:00:00Z,13.9,0.0,0,1006.0,1007.3,1
2025-10-28T03:00:00Z,15.1,0.0,0,1008.0,1004.3,1
2025-10-28T04:00:00Z,16.2,0.0,0,943.0,986.2,1
2025-10-28T05:00:00Z,16.9,0.0,1,818.0,954.0,1
2025-10-28T06:00:00Z,16.5,0.0,1,640.0,890.2,1
2025-10-28T07:00:00Z,15.2,0.0,0,420.0,746.1,1
2025-10-28T08:00:00Z,13.8,0.0,0,213.0,610.4,1
2025-10-28T09:00:00Z,12.8,0.0,0,37.0,206.5,0
2025-10-28T10:00:00Z,12.6,0.0,0,0.0,0.0,0
2025-10-28T11:00:00Z,11.8,0.0,6,0.0,0.0,0
2025-10-28T12:00:00Z,10.8,0.0,0,0.0,0.0,0
2025-10-28T13:00:00Z,9.8,0.0,55,0.0,0.0,0
2025-10-28T14:00:00Z,8.8,0.0,0,0.0,0.0,0
2025-10-28T15:00:00Z,8.8,0.0,0,0.0,0.0,0
2025-10-28T16:00:00Z,8.0,0.0,0,0.0,0.0,0
2025-10-28T17:00:00Z,7.3,0.0,6,0.0,0.0,0
2025-10-28T18:00:00Z,7.1,0.0,8,0.0,0.0,0
2025-10-28T19:00:00Z,6.3,0.0,13,0.0,0.0,0
2025-10-28T20:00:00Z,6.8,0.0,16,23.0,130.6,1
2025-10-28T21:00:00Z,8.4,0.0,14,170.0,440.7,1
2025-10-28T22:00:00Z,10.5,0.0,3,370.0,595.1,1
2025-10-28T23:00:00Z,12.4,0.0,0,609.0,862.0,1
2025-10-29T00:00:00Z,14.5,0.0,0,787.0,927.8,1
2025-10-29T01:00:00Z,16.3,0.0,12,916.0,966.0,1
2025-10-29T02:00:00Z,17.0,0.0,26,991.0,992.3,1
2025-10-29T03:00:00Z,17.1,0.0,93,996.0,985.1,1
2025-10-29T04:00:00Z,17.2,0.0,74,928.0,958.9,1
2025-10-29T05:00:00Z,17.5,0.0,98,801.0,910.1,1
2025-10-29T06:00:00Z,17.8,0.0,97,616.0,804.3,1
2025-10-29T07:00:00Z,17.5,0.0,70,418.0,725.9,1
2025-10-29T08:00:00Z,16.5,0.0,98,203.0,517.5,1
2025-10-29T09:00:00Z,14.9,0.0,100,33.0,91.5,0
2025-10-29T10:00:00Z,13.8,0.0,20,0.0,0.0,0
2025-10-29T11:00:00Z,12.6,0.0,19,0.0,0.0,0
2025-10-29T12:00:00Z,12.5,0.0,29,0.0,0.0,0
2025-10-29T13:00:00Z,11.5,0.0,9,0.0,0.0,0
2025-10-29T14:00:00Z,10.8,0.0,9,0.0,0.0,0
2025-10-29T15:00:00Z,9.9,0.0,3,0.0,0.0,0
2025-10-29T16:00:00Z,9.4,0.0,3,0.0,0.0,0
2025-10-29T17:00:00Z,8.7,0.0,0,0.0,0.0,0
2025-10-29T18:00:00Z,8.4,0.0,0,0.0,0.0,0
2025-10-29T19:00:00Z,7.9,0.0,1,0.0,0.0,0
2025-10-29T20:00:00Z,8.4,0.0,8,25.0,139.5,1
2025-10-29T21:00:00Z,10.5,0.0,13,184.0,541.4,1
2025-10-29T22:00:00Z,12.7,0.0,2,398.0,745.2,1
2025-10-29T23:00:00Z,15.2,0.0,0,604.0,851.1,1
2025-10-30T00:00:00Z,17.5,0.0,4,778.0,913.7,1
2025-10-30T01:00:00Z,20.1,0.0,1,908.0,947.8,1
2025-10-30T02:00:00Z,22.0,0.0,25,914.0,856.8,1
2025-10-30T03:00:00Z,22.9,0.0,74,864.0,757.6,1
2025-10-30T04:00:00Z,23.1,0.0,83,693.0,546.3,1
2025-10-30T05:00:00Z,23.2,0.0,100,555.0,338.7,1
2025-10-30T06:00:00Z,23.5,0.0,100,330.0,160.5,1
2025-10-30T07:00:00Z,22.9,0.0,8,289.0,305.4,1
2025-10-30T08:00:00Z,21.9,0.0,42,209.0,565.3,1
2025-10-30T09:00:00Z,19.5,0.0,100,37.0,180.1,0
2025-10-30T10:00:00Z,18.0,0.0,96,0.0,0.0,0
2025-10-30T11:00:00Z,16.9,0.0,100,0.0,0.0,0
2025-10-30T12:00:00Z,16.8,0.0,100,0.0,0.0,0
2025-10-30T13:00:00Z,16.5,0.0,100,0.0,0.0,0
2025-10-30T14:00:00Z,16.5,0.0,100,0.0,0.0,0
2025-10-30T15:00:00Z,16.2,0.0,100,0.0,0.0,0
2025-10-30T16:00:00Z,16.0,0.0,100,0.0,0.0,0
2025-10-30T17:00:00Z,16.5,0.0,100,0.0,0.0,0
2025-10-30T18:00:00Z,17.4,0.0,98,0.0,0.0,0
2025-10-30T19:00:00Z,17.0,0.0,100,0.0,0.0,0
2025-10-30T20:00:00Z,17.6,0.0,100,11.0,22.8,1
2025-10-30T21:00:00Z,17.8,0.0,100,81.0,8.5,1
2025-10-30T22:00:00Z,18.2,0.0,100,177.0,27.9,1
2025-10-30T23:00:00Z,19.5,0.0,100,252.0,54.6,1
2025-10-31T00:00:00Z,18.6,0.0,100,298.0,38.8,1
2025-10-31T01:00:00Z,19.1,0.7,100,303.0,38.8,1
2025-10-31T02:00:00Z,19.5,0.6,100,434.0,72.9,1
2025-10-31T03:00:00Z,18.4,0.1,100,260.0,4.4,1
2025-10-31T04:00:00Z,18.1,0.0,100,271.0,36.0,1
2025-10-31T05:00:00Z,18.4,0.3,80,480.0,238.2,1
2025-10-31T06:00:00Z,18.5,0.1,88,410.0,402.8,1
2025-10-31T07:00:00Z,18.1,1.4,100,268.0,259.5,1
2025-10-31T08:00:00Z,16.4,3.6,98,108.0,76.0,1
2025-10-31T09:00:00Z,15.8,0.3,38,25.0,69.0,0
2025-10-31T10:00:00Z,14.7,0.0,30,0.0,0.0,0
2025-10-31T11:00:00Z,14.4,0.0,24,0.0,0.0,0
2025-10-31T12:00:00Z,14.9,0.0,22,0.0,0.0,0
2025-10-31T13:00:00Z,14.6,0.1,45,0.0,0.0,0
2025-10-31T14:00:00Z,14.2,0.0,13,0.0,0.0,0
2025-10-31T15:00:00Z,13.6,0.0,10,0.0,0.0,0
2025-10-31T16:00:00Z,13.2,0.0,10,0.0,0.0,0
2025-10-31T17:00:00Z,12.8,0.0,10,0.0,0.0,0
2025-10-31T18:00:00Z,12.1,0.0,8,0.0,0.0,0
2025-10-31T19:00:00Z,11.9,0.0,44,0.0,0.0,0
2025-10-31T20:00:00Z,12.4,0.0,26,26.0,123.0,1
2025-10-31T21:00:00Z,14.0,0.0,44,166.0,413.4,1
2025-10-31T22:00:00Z,15.4,0.0,95,343.0,549.8,1
2025-10-31T23:00:00Z,16.3,0.0,91,492.0,494.1,1
2025-11-01T00:00:00Z,17.6,0.0,90,731.0,800.8,1
2025-11-01T01:00:00Z,18.6,0.0,62,791.0,662.3,1
2025-11-01T02:00:00Z,19.2,0.0,0,944.0,865.7,1
2025-11-01T03:00:00Z,19.5,0.0,6,958.0,902.0,1
2025-11-01T04:00:00Z,19.9,0.0,22,909.0,929.2,1
2025-11-01T05:00:00Z,19.9,0.0,47,795.0,909.4,1
2025-11-01T06:00:00Z,19.5,0.0,72,628.0,850.2,1
2025-11-01T07:00:00Z,19.1,0.0,0,430.0,767.3,1
2025-11-01T08:00:00Z,18.6,0.0,0,220.0,608.7,1
2025-11-01T09:00:00Z,17.7,0.0,0,43.0,233.0,0
2025-11-01T10:00:00Z,17.1,0.0,0,0.0,0.0,0
2025-11-01T11:00:00Z,16.3,0.0,0,0.0,0.0,0
2025-11-01T12:00:00Z,15.2,0.0,0,0.0,0.0,0
2025-11-01T13:00:00Z,14.5,0.0,0,0.0,0.0,0
2025-11-01T14:00:00Z,13.8,0.0,0,0.0,0.0,0
2025-11-01T15:00:00Z,12.8,0.0,0,0.0,0.0,0
2025-11-01T16:00:00Z,12.6,0.0,0,0.0,0.0,0
2025-11-01T17:00:00Z,12.4,0.0,0,0.0,0.0,0
2025-11-01T18:00:00Z,12.1,0.0,5,0.0,0.0,0
2025-11-01T19:00:00Z,12.0,0.0,20,0.0,0.0,0
2025-11-01T20:00:00Z,13.4,0.0,2,29.0,153.8,1
2025-11-01T21:00:00Z,16.9,0.0,8,189.0,523.4,1
2025-11-01T22:00:00Z,21.1,0.0,88,408.0,768.7,1
2025-11-01T23:00:00Z,23.3,0.0,100,565.0,654.3,1
2025-11-02T00:00:00Z,26.0,0.0,99,737.0,734.5,1
2025-11-02T01:00:00Z,27.5,0.0,70,840.0,695.6,1
2025-11-02T02:00:00Z,29.5,0.0,63,963.0,921.9,1
2025-11-02T03:00:00Z,30.0,0.0,9,935.0,807.9,1
2025-11-02T04:00:00Z,30.2,0.0,8,922.0,956.9,1
2025-11-02T05:00:00Z,30.8,0.0,13,795.0,911.8,1
2025-11-02T06:00:00Z,31.5,0.0,27,619.0,840.4,1
2025-11-02T07:00:00Z,31.3,0.0,99,371.0,606.2,1
2025-11-02T08:00:00Z,30.3,0.0,100,194.0,393.8,1
2025-11-02T09:00:00Z,28.0,0.0,100,36.0,86.1,0
2025-11-02T10:00:00Z,26.7,0.0,100,0.0,0.0,0
2025-11-02T11:00:00Z,21.1,0.0,100,0.0,0.0,0
2025-11-02T12:00:00Z,19.6,0.0,100,0.0,0.0,0
2025-11-02T13:00:00Z,18.3,0.2,100,0.0,0.0,0
2025-11-02T14:00:00Z,17.4,1.1,100,0.0,0.0,0
2025-11-02T15:00:00Z,16.5,2.1,100,0.0,0.0,0
2025-11-02T16:00:00Z,15.6,2.6,100,0.0,0.0,0
2025-11-02T17:00:00Z,13.9,2.2,100,0.0,0.0,0
2025-11-02T18:00:00Z,13.1,1.6,100,0.0,0.0,0
2025-11-02T19:00:00Z,13.4,1.0,100,0.0,0.0,0
2025-11-02T20:00:00Z,13.3,0.8,100,5.0,0.0,1
2025-11-02T21:00:00Z,13.1,1.7,100,29.0,0.0,1
2025-11-02T22:00:00Z,13.1,2.5,100,40.0,0.0,1
2025-11-02T23:00:00Z,13.0,2.9,100,53.0,0.0,1
2025-11-03T00:00:00Z,12.1,2.6,100,71.0,0.0,1
2025-11-03T01:00:00Z,12.4,4.5,100,68.0,1.2,1
2025-11-03T02:00:00Z,12.8,1.1,100,99.0,0.0,1
2025-11-03T03:00:00Z,13.2,0.5,100,156.0,0.0,1
2025-11-03T04:00:00Z,13.1,0.7,100,219.0,15.0,1
2025-11-03T05:00:00Z,13.4,0.2,100,164.0,10.4,1
2025-11-03T06:00:00Z,13.4,0.0,100,302.0,85.3,1
2025-11-03T07:00:00Z,13.5,0.2,100,153.0,45.4,1
2025-11-03T08:00:00Z,12.3,2.4,100,67.0,7.3,1
2025-11-03T09:00:00Z,12.1,1.1,100,8.0,0.0,0
2025-11-03T10:00:00Z,11.9,0.1,31,0.0,0.0,0
2025-11-03T11:00:00Z,10.4,0.0,40,0.0,0.0,0
2025-11-03T12:00:00Z,11.3,0.0,100,0.0,0.0,0
2025-11-03T13:00:00Z,10.2,1.0,100,0.0,0.0,0
2025-11-03T14:00:00Z,10.1,0.9,100,0.0,0.0,0
2025-11-03T15:00:00Z,10.1,0.1,99,0.0,0.0,0
2025-11-03T16:00:00Z,9.7,0.1,97,0.0,0.0,0
2025-11-03T17:00:00Z,9.9,0.3,99,0.0,0.0,0
2025-11-03T18:00:00Z,10.0,0.4,100,0.0,0.0,0
2025-11-03T19:00:00Z,9.9,0.4,95,0.0,0.0,0
2025-11-03T20:00:00Z,9.9,1.7,100,18.0,10.6,1
2025-11-03T21:00:00Z,10.3,1.5,99,40.0,40.2,1
2025-11-03T22:00:00Z,11.5,0.3,71,198.0,181.3,1
2025-11-03T23:00:00Z,12.7,0.0,67,467.0,470.1,1
2025-11-04T00:00:00Z,12.9,0.0,77,685.0,661.4,1
2025-11-04T01:00:00Z,14.2,0.0,49,723.0,490.9,1
2025-11-04T02:00:00Z,15.6,0.1,98,823.0,642.1,1
2025-11-04T03:00:00Z,14.2,2.1,98,563.0,200.5,1
2025-11-04T04:00:00Z,13.9,0.9,100,427.0,166.8,1
2025-11-04T05:00:00Z,13.9,1.3,100,657.0,543.1,1
2025-11-04T06:00:00Z,12.9,0.0,100,362.0,203.0,1
2025-11-04T07:00:00Z,13.6,0.0,95,226.0,122.4,1
2025-11-04T08:00:00Z,12.9,0.1,100,130.0,189.0,1
2025-11-04T09:00:00Z,12.6,0.0,100,28.0,37.2,0
2025-11-04T10:00:00Z,11.6,0.2,100,0.0,0.0,0
2025-11-04T11:00:00Z,11.1,0.1,100,0.0,0.0,0
2025-11-04T12:00:00Z,10.9,0.1,100,0.0,0.0,0
2025-11-04T13:00:00Z,10.5,0.2,100,0.0,0.0,0
2025-11-04T14:00:00Z,10.5,0.0,72,0.0,0.0,0
2025-11-04T15:00:00Z,10.2,0.0,35,0.0,0.0,0
2025-11-04T16:00:00Z,9.9,0.0,98,0.0,0.0,0
2025-11-04T17:00:00Z,10.3,0.0,99,0.0,0.0,0
2025-11-04T18:00:00Z,10.6,0.0,100,0.0,0.0,0
2025-11-04T19:00:00Z,10.7,0.0,100,0.0,0.0,0
2025-11-04T20:00:00Z,10.9,0.0,96,16.0,0.0,1
2025-11-04T21:00:00Z,11.4,0.0,86,105.0,99.4,1
2025-11-04T22:00:00Z,12.9,0.0,100,291.0,299.6,1
2025-11-04T23:00:00Z,14.2,0.0,100,461.0,397.0,1
2025-11-05T00:00:00Z,14.9,0.1,100,451.0,142.2,1
2025-11-05T01:00:00Z,15.8,0.0,100,563.0,311.0,1
2025-11-05T02:00:00Z,16.5,0.0,74,500.0,104.8,1
2025-11-05T03:00:00Z,17.4,0.0,65,549.0,162.0,1
2025-11-05T04:00:00Z,17.8,0.0,100,535.0,254.7,1
2025-11-05T05:00:00Z,17.8,0.0,99,388.0,131.5,1
2025-11-05T06:00:00Z,18.4,0.0,100,441.0,368.3,1
2025-11-05T07:00:00Z,17.9,0.0,88,221.0,196.4,1
2025-11-05T08:00:00Z,17.1,0.0,52,171.0,377.4,1
2025-11-05T09:00:00Z,15.4,0.0,22,42.0,192.4,0
2025-11-05T10:00:00Z,14.0,0.0,2,0.0,0.0,0
2025-11-05T11:00:00Z,13.1,0.0,3,0.0,0.0,0
2025-11-05T12:00:00Z,11.9,0.0,16,0.0,0.0,0
2025-11-05T13:00:00Z,11.2,0.0,31,0.0,0.0,0
2025-11-05T14:00:00Z,10.8,0.0,63,0.0,0.0,0
2025-11-05T15:00:00Z,10.9,0.0,67,0.0,0.0,0
2025-11-05T16:00:00Z,10.4,0.0,34,0.0,0.0,0
2025-11-05T17:00:00Z,9.6,0.0,23,0.0,0.0,0
2025-11-05T18:00:00Z,9.6,0.0,16,0.0,0.0,0
2025-11-05T19:00:00Z,9.1,0.0,6,0.0,0.0,0
2025-11-05T20:00:00Z,9.6,0.0,99,37.0,206.2,1
2025-11-05T21:00:00Z,11.3,0.0,0,211.0,581.7,1
2025-11-05T22:00:00Z,13.9,0.0,0,430.0,788.5,1
2025-11-05T23:00:00Z,17.1,0.0,0,637.0,883.0,1
2025-11-06T00:00:00Z,19.5,0.0,8,805.0,929.4,1
2025-11-06T01:00:00Z,21.0,0.0,55,924.0,951.8,1
2025-11-06T02:00:00Z,22.1,0.0,100,876.0,709.0,1
2025-11-06T03:00:00Z,23.4,0.0,100,760.0,461.2,1
2025-11-06T04:00:00Z,24.0,0.0,100,768.0,595.1,1
2025-11-06T05:00:00Z,24.0,0.0,100,523.0,271.2,1
2025-11-06T06:00:00Z,22.5,0.0,100,209.0,14.0,1
2025-11-06T07:00:00Z,22.0,0.0,100,135.0,2.1,1
2025-11-06T08:00:00Z,20.5,0.0,100,54.0,0.0,1
2025-11-06T09:00:00Z,18.3,0.0,100,10.0,0.0,0
2025-11-06T10:00:00Z,16.7,0.0,100,0.0,0.0,0
2025-11-06T11:00:00Z,15.7,0.0,100,0.0,0.0,0
2025-11-06T12:00:00Z,14.5,0.0,100,0.0,0.0,0
2025-11-06T13:00:00Z,14.1,0.0,100,0.0,0.0,0
2025-11-06T14:00:00Z,13.8,0.0,100,0.0,0.0,0
2025-11-06T15:00:00Z,13.4,0.1,99,0.0,0.0,0
2025-11-06T16:00:00Z,13.1,0.0,100,0.0,0.0,0
2025-11-06T17:00:00Z,13.1,0.0,100,0.0,0.0,0
2025-11-06T18:00:00Z,15.2,0.0,100,0.0,0.0,0
2025-11-06T19:00:00Z,14.7,0.8,99,0.0,0.0,0
2025-11-06T20:00:00Z,15.2,0.0,99,21.0,30.5,1
2025-11-06T21:00:00Z,16.3,0.0,100,88.0,27.2,1
2025-11-06T22:00:00Z,17.6,0.0,100,168.0,55.7,1
2025-11-06T23:00:00Z,18.8,0.0,99,199.0,3.2,1
2025-11-07T00:00:00Z,21.0,0.0,99,385.0,145.3,1
2025-11-07T01:00:00Z,19.6,0.0,100,200.0,0.0,1
2025-11-07T02:00:00Z,22.3,0.0,98,373.0,3.3,1
2025-11-07T03:00:00Z,23.2,0.0,100,562.0,162.4,1
2025-11-07T04:00:00Z,23.9,1.8,100,631.0,320.9,1
2025-11-07T05:00:00Z,22.1,0.1,100,207.0,0.0,1
2025-11-07T06:00:00Z,22.0,0.0,100,234.0,52.9,1
2025-11-07T07:00:00Z,20.4,0.4,100,106.0,0.0,1
2025-11-07T08:00:00Z,19.5,0.1,100,63.0,10.6,1
2025-11-07T09:00:00Z,18.7,0.1,100,15.0,0.0,1
2025-11-07T10:00:00Z,16.5,0.3,100,0.0,0.0,0
2025-11-07T11:00:00Z,15.2,2.5,98,0.0,0.0,0
2025-11-07T12:00:00Z,14.9,0.3,75,0.0,0.0,0
2025-11-07T13:00:00Z,14.4,2.0,100,0.0,0.0,0
2025-11-07T14:00:00Z,13.9,0.3,100,0.0,0.0,0
2025-11-07T15:00:00Z,13.2,0.4,100,0.0,0.0,0
2025-11-07T16:00:00Z,12.8,0.6,100,0.0,0.0,0
2025-11-07T17:00:00Z,12.3,0.5,100,0.0,0.0,0
2025-11-07T18:00:00Z,11.9,0.3,100,0.0,0.0,0
2025-11-07T19:00:00Z,11.8,0.4,100,0.0,0.0,0
2025-11-07T20:00:00Z,11.3,0.6,100,5.0,0.0,1
2025-11-07T21:00:00Z,11.8,0.9,100,33.0,0.0,1
2025-11-07T22:00:00Z,11.6,0.5,100,62.0,0.0,1
2025-11-07T23:00:00Z,11.9,0.8,100,106.0,1.6,1
2025-11-08T00:00:00Z,11.8,0.7,100,165.0,23.5,1
2025-11-08T01:00:00Z,11.6,1.8,100,115.0,4.6,1
2025-11-08T02:00:00Z,11.4,1.6,100,137.0,1.1,1
2025-11-08T03:00:00Z,11.0,1.1,100,150.0,5.4,1
2025-11-08T04:00:00Z,11.1,1.1,100,166.0,3.4,1
2025-11-08T05:00:00Z,10.8,1.8,100,121.0,10.2,1
2025-11-08T06:00:00Z,10.4,1.8,100,84.0,1.5,1
2025-11-08T07:00:00Z,10.7,1.4,100,67.0,0.0,1
2025-11-08T08:00:00Z,10.4,1.0,100,43.0,3.5,1
2025-11-08T09:00:00Z,10.6,1.0,100,9.0,0.0,1
2025-11-08T10:00:00Z,10.8,0.6,100,0.0,0.0,0
2025-11-08T11:00:00Z,11.4,0.3,100,0.0,0.0,0
2025-11-08T12:00:00Z,10.7,0.1,100,0.0,0.0,0
2025-11-08T13:00:00Z,11.1,0.2,100,0.0,0.0,0
2025-11-08T14:00:00Z,10.9,0.1,64,0.0,0.0,0
2025-11-08T15:00:00Z,10.6,0.1,65,0.0,0.0,0
2025-11-08T16:00:00Z,9.9,0.1,78,0.0,0.0,0
2025-11-08T17:00:00Z,9.9,0.3,96,0.0,0.0,0
2025-11-08T18:00:00Z,9.9,0.3,99,0.0,0.0,0
2025-11-08T19:00:00Z,10.4,0.4,100,0.0,0.0,0
2025-11-08T20:00:00Z,10.2,0.9,100,13.0,29.7,1
2025-11-08T21:00:00Z,11.2,0.6,83,98.0,118.1,1
2025-11-08T22:00:00Z,11.9,0.4,73,247.0,282.2,1
2025-11-08T23:00:00Z,12.9,0.1,79,441.0,428.2,1
2025-11-09T00:00:00Z,13.4,0.7,100,564.0,424.6,1
2025-11-09T01:00:00Z,13.6,0.0,100,437.0,126.5,1
2025-11-09T02:00:00Z,13.6,0.1,93,465.0,98.5,1
2025-11-09T03:00:00Z,14.3,0.2,69,735.0,368.8,1
2025-11-09T04:00:00Z,14.2,0.2,87,710.0,479.7,1
2025-11-09T05:00:00Z,14.2,0.1,99,555.0,379.8,1
2025-11-09T06:00:00Z,13.2,0.0,100,369.0,196.0,1
2025-11-09T07:00:00Z,13.1,0.0,100,230.0,148.1,1
2025-11-09T08:00:00Z,12.8,0.0,99,101.0,27.5,1
2025-11-09T09:00:00Z,12.4,0.0,98,27.0,69.4,1
2025-11-09T10:00:00Z,12.3,0.1,94,0.0,0.0,0
2025-11-09T11:00:00Z,12.0,0.0,93,0.0,0.0,0
2025-11-09T12:00:00Z,11.9,0.0,6,0.0,0.0,0
2025-11-09T13:00:00Z,11.2,0.0,100,0.0,0.0,0
2025-11-09T14:00:00Z,11.1,0.0,55,0.0,0.0,0
2025-11-09T15:00:00Z,10.8,0.0,58,0.0,0.0,0
2025-11-09T16:00:00Z,10.3,0.0,41,0.0,0.0,0
2025-11-09T17:00:00Z,9.7,0.0,6,0.0,0.0,0
2025-11-09T18:00:00Z,9.6,0.0,9,0.0,0.0,0
2025-11-09T19:00:00Z,8.9,0.0,5,0.0,0.0,0
2025-11-09T20:00:00Z,9.6,0.0,3,45.0,234.6,1
2025-11-09T21:00:00Z,11.1,0.0,9,217.0,562.5,1
2025-11-09T22:00:00Z,12.5,0.0,23,436.0,767.9,1
2025-11-09T23:00:00Z,14.1,0.0,56,602.0,750.1,1
2025-11-10T00:00:00Z,14.9,0.1,100,686.0,642.0,1
2025-11-10T01:00:00Z,15.4,0.0,99,530.0,236.5,1
2025-11-10T02:00:00Z,15.8,0.0,100,508.0,149.1,1
2025-11-10T03:00:00Z,16.3,0.0,100,511.0,123.8,1
2025-11-10T04:00:00Z,16.6,0.0,100,441.0,97.5,1
2025-11-10T05:00:00Z,16.3,0.1,100,345.0,91.5,1
2025-11-10T06:00:00Z,16.5,0.1,100,370.0,266.0,1
2025-11-10T07:00:00Z,15.4,0.2,100,156.0,37.3,1
2025-11-10T08:00:00Z,13.4,0.3,100,63.0,17.0,1
2025-11-10T09:00:00Z,12.7,0.5,100,18.0,34.2,1
2025-11-10T10:00:00Z,12.6,0.5,100,0.0,0.0,0
2025-11-10T11:00:00Z,12.2,0.6,100,0.0,0.0,0
2025-11-10T12:00:00Z,12.1,0.3,100,0.0,0.0,0
2025-11-10T13:00:00Z,11.7,0.2,100,0.0,0.0,0
2025-11-10T14:00:00Z,11.3,0.3,100,0.0,0.0,0
2025-11-10T15:00:00Z,10.9,2.3,100,0.0,0.0,0
2025-11-10T16:00:00Z,10.6,0.9,100,0.0,0.0,0
2025-11-10T17:00:00Z,10.0,0.8,100,0.0,0.0,0
2025-11-10T18:00:00Z,8.8,0.9,100,0.0,0.0,0
2025-11-10T19:00:00Z,8.4,2.2,100,0.0,0.0,0
2025-11-10T20:00:00Z,8.3,1.8,100,4.0,0.0,1
2025-11-10T21:00:00Z,8.4,1.1,100,31.0,0.0,1
2025-11-10T22:00:00Z,9.1,0.6,100,153.0,19.7,1
2025-11-10T23:00:00Z,10.1,0.1,100,380.0,155.6,1
2025-11-11T00:00:00Z,10.1,1.2,42,436.0,220.4,1
2025-11-11T01:00:00Z,10.3,0.2,32,725.0,516.8,1
2025-11-11T02:00:00Z,11.2,2.5,62,899.0,696.8,1
2025-11-11T03:00:00Z,11.8,0.3,29,816.0,569.4,1
2025-11-11T04:00:00Z,10.9,0.2,56,834.0,689.2,1
2025-11-11T05:00:00Z,12.5,0.1,45,736.0,722.6,1
2025-11-11T06:00:00Z,12.2,0.0,26,520.0,536.1,1
2025-11-11T07:00:00Z,12.4,0.1,20,402.0,612.5,1
2025-11-11T08:00:00Z,12.1,0.0,16,227.0,522.7,1
2025-11-11T09:00:00Z,10.9,0.0,2,64.0,312.6,1
2025-11-11T10:00:00Z,10.1,0.0,5,0.0,0.0,0
2025-11-11T11:00:00Z,9.4,0.0,1,0.0,0.0,0
2025-11-11T12:00:00Z,8.6,0.0,5,0.0,0.0,0
2025-11-11T13:00:00Z,7.5,0.0,2,0.0,0.0,0
2025-11-11T14:00:00Z,7.1,0.0,6,0.0,0.0,0
2025-11-11T15:00:00Z,6.8,0.0,0,0.0,0.0,0
2025-11-11T16:00:00Z,6.8,0.0,1,0.0,0.0,0
2025-11-11T17:00:00Z,6.8,0.0,1,0.0,0.0,0
2025-11-11T18:00:00Z,6.6,0.0,11,0.0,0.0,0
2025-11-11T19:00:00Z,6.4,0.0,31,0.0,0.0,0
2025-11-11T20:00:00Z,7.3,0.0,18,46.0,238.8,1
2025-11-11T21:00:00Z,9.6,0.0,52,219.0,556.4,1
2025-11-11T22:00:00Z,11.6,0.0,63,411.0,647.9,1
2025-11-11T23:00:00Z,13.4,0.0,77,563.0,600.0,1
2025-11-12T00:00:00Z,13.6,0.0,100,675.0,546.0,1
2025-11-12T01:00:00Z,14.8,0.0,100,473.0,94.9,1
2025-11-12T02:00:00Z,16.0,0.0,100,541.0,138.9,1
2025-11-12T03:00:00Z,17.2,0.0,100,573.0,163.0,1
2025-11-12T04:00:00Z,17.8,0.0,69,497.0,152.4,1
2025-11-12T05:00:00Z,18.5,0.0,45,503.0,314.8,1
2025-11-12T06:00:00Z,19.2,0.0,71,425.0,312.9,1
2025-11-12T07:00:00Z,19.4,0.0,51,310.0,268.6,1
2025-11-12T08:00:00Z,17.6,0.0,10,193.0,350.5,1
2025-11-12T09:00:00Z,15.4,0.0,0,65.0,308.6,1
2025-11-12T10:00:00Z,13.9,0.0,0,0.0,0.0,0
2025-11-12T11:00:00Z,13.4,0.0,0,0.0,0.0,0
2025-11-12T12:00:00Z,13.1,0.0,0,0.0,0.0,0
2025-11-12T13:00:00Z,12.3,0.0,26,0.0,0.0,0
2025-11-12T14:00:00Z,11.1,0.0,59,0.0,0.0,0
2025-11-12T15:00:00Z,10.6,0.0,6,0.0,0.0,0
2025-11-12T16:00:00Z,10.9,0.0,0,0.0,0.0,0
2025-11-12T17:00:00Z,10.7,0.0,0,0.0,0.0,0
2025-11-12T18:00:00Z,9.9,0.0,0,0.0,0.0,0
2025-11-12T19:00:00Z,9.6,0.0,41,0.0,0.0,0
2025-11-12T20:00:00Z,11.7,0.0,93,51.0,274.1,1
2025-11-12T21:00:00Z,13.7,0.0,59,222.0,511.4,1
2025-11-12T22:00:00Z,15.6,0.0,62,444.0,757.7,1
2025-11-12T23:00:00Z,17.5,0.0,100,656.0,874.7,1
2025-11-13T00:00:00Z,20.8,0.0,100,807.0,826.3,1
2025-11-13T01:00:00Z,22.5,0.0,100,913.0,793.6,1
2025-11-13T02:00:00Z,22.9,0.0,100,928.0,690.1,1
2025-11-13T03:00:00Z,22.1,0.0,27,950.0,734.3,1
2025-11-13T04:00:00Z,22.6,0.0,0,905.0,780.9,1
2025-11-13T05:00:00Z,22.2,0.0,85,824.0,931.8,1
2025-11-13T06:00:00Z,21.3,0.0,91,478.0,501.8,1
2025-11-13T07:00:00Z,20.6,0.0,92,367.0,475.2,1
2025-11-13T08:00:00Z,17.9,0.0,95,240.0,499.1,1
2025-11-13T09:00:00Z,15.9,0.0,88,65.0,263.6,1
2025-11-13T10:00:00Z,12.9,0.0,94,0.0,0.0,0
2025-11-13T11:00:00Z,12.1,0.0,100,0.0,0.0,0
2025-11-13T12:00:00Z,12.0,0.0,100,0.0,0.0,0
2025-11-13T13:00:00Z,11.9,0.0,100,0.0,0.0,0
2025-11-13T14:00:00Z,11.6,0.0,49,0.0,0.0,0
2025-11-13T15:00:00Z,11.6,0.0,93,0.0,0.0,0
2025-11-13T16:00:00Z,11.1,0.0,98,0.0,0.0,0
2025-11-13T17:00:00Z,10.8,0.0,96,0.0,0.0,0
2025-11-13T18:00:00Z,11.0,0.0,72,0.0,0.0,0
2025-11-13T19:00:00Z,10.7,0.0,29,0.0,0.0,0
2025-11-13T20:00:00Z,11.1,0.0,47,40.0,131.0,1
2025-11-13T21:00:00Z,12.1,0.0,29,217.0,496.5,1
2025-11-13T22:00:00Z,12.9,0.0,9,421.0,657.7,1
2025-11-13T23:00:00Z,13.6,0.0,61,616.0,727.5,1
2025-11-14T00:00:00Z,14.2,0.0,56,781.0,792.5,1
2025-11-14T01:00:00Z,14.9,0.0,36,956.0,947.3,1
2025-11-14T02:00:00Z,15.6,0.0,0,1028.0,985.2,1
2025-11-14T03:00:00Z,16.2,0.0,0,1038.0,1000.2,1
2025-11-14T04:00:00Z,16.5,0.0,12,971.0,959.3,1
2025-11-14T05:00:00Z,16.4,0.0,13,852.0,942.0,1
2025-11-14T06:00:00Z,15.8,0.0,0,681.0,889.4,1
2025-11-14T07:00:00Z,15.6,0.0,71,482.0,821.5,1
2025-11-14T08:00:00Z,15.2,0.0,80,236.0,526.9,1
2025-11-14T09:00:00Z,14.2,0.0,31,61.0,244.1,1
2025-11-14T10:00:00Z,12.9,0.0,76,0.0,0.0,0
2025-11-14T11:00:00Z,12.1,0.0,91,0.0,0.0,0
2025-11-14T12:00:00Z,11.9,0.0,100,0.0,0.0,0
2025-11-14T13:00:00Z,11.5,0.0,100,0.0,0.0,0
2025-11-14T14:00:00Z,11.4,0.0,100,0.0,0.0,0
2025-11-14T15:00:00Z,10.9,0.6,99,0.0,0.0,0
2025-11-14T16:00:00Z,10.1,1.4,100,0.0,0.0,0
2025-11-14T17:00:00Z,10.4,6.5,100,0.0,0.0,0
2025-11-14T18:00:00Z,10.9,8.8,100,0.0,0.0,0
2025-11-14T19:00:00Z,11.4,1.4,95,0.0,0.0,0
2025-11-14T20:00:00Z,12.1,0.6,80,25.0,46.3,1
2025-11-14T21:00:00Z,13.1,0.0,73,133.0,210.2,1
2025-11-14T22:00:00Z,15.8,0.0,39,376.0,522.0,1
2025-11-14T23:00:00Z,18.7,0.0,77,622.0,772.9,1
2025-11-15T00:00:00Z,20.5,0.0,99,774.0,775.6,1
2025-11-15T01:00:00Z,21.5,0.0,100,891.0,819.4,1
2025-11-15T02:00:00Z,21.1,0.0,97,855.0,673.0,1
2025-11-15T03:00:00Z,20.2,0.0,93,719.0,429.9,1
2025-11-15T04:00:00Z,19.3,0.1,56,766.0,573.5,1
2025-11-15T05:00:00Z,20.0,0.1,75,585.0,425.2,1
2025-11-15T06:00:00Z,19.9,0.0,52,490.0,385.0,1
2025-11-15T07:00:00Z,18.1,0.0,59,419.0,564.9,1
2025-11-15T08:00:00Z,16.4,0.0,45,192.0,265.8,1
2025-11-15T09:00:00Z,15.2,0.0,13,56.0,200.9,1
2025-11-15T10:00:00Z,14.6,0.0,34,0.0,0.0,0
2025-11-15T11:00:00Z,14.1,0.0,27,0.0,0.0,0
2025-11-15T12:00:00Z,14.0,0.0,27,0.0,0.0,0
2025-11-15T13:00:00Z,13.6,0.5,31,0.0,0.0,0
2025-11-15T14:00:00Z,12.8,0.7,46,0.0,0.0,0
2025-11-15T15:00:00Z,12.2,0.2,50,0.0,0.0,0
2025-11-15T16:00:00Z,12.2,0.3,60,0.0,0.0,0
2025-11-15T17:00:00Z,11.5,0.0,97,0.0,0.0,0
2025-11-15T18:00:00Z,12.2,0.0,53,0.0,0.0,0
2025-11-15T19:00:00Z,11.9,0.0,82,0.0,0.0,1
2025-11-15T20:00:00Z,12.6,0.0,48,37.0,91.9,1
2025-11-15T21:00:00Z,13.4,0.2,57,141.0,226.7,1
2025-11-15T22:00:00Z,14.4,0.1,50,316.0,370.3,1
2025-11-15T23:00:00Z,16.0,0.0,99,511.0,509.3,1
2025-11-16T00:00:00Z,14.7,0.1,99,361.0,95.0,1
2025-11-16T01:00:00Z,16.1,1.5,100,435.0,183.0,1
2025-11-16T02:00:00Z,16.5,0.0,100,360.0,89.9,1
2025-11-16T03:00:00Z,17.6,0.1,100,434.0,75.6,1
2025-11-16T04:00:00Z,18.1,0.0,100,536.0,190.4,1
2025-11-16T05:00:00Z,17.4,0.1,100,624.0,381.6,1
2025-11-16T06:00:00Z,18.0,1.4,93,230.0,0.0,1
2025-11-16T07:00:00Z,16.4,0.0,100,302.0,258.9,1
2025-11-16T08:00:00Z,13.4,4.7,100,80.0,25.7,1
2025-11-16T09:00:00Z,13.1,0.8,100,19.0,0.0,1
2025-11-16T10:00:00Z,12.5,1.4,100,0.0,0.0,0
2025-11-16T11:00:00Z,11.7,2.6,100,0.0,0.0,0
2025-11-16T12:00:00Z,12.1,0.1,84,0.0,0.0,0
2025-11-16T13:00:00Z,11.7,0.0,32,0.0,0.0,0
2025-11-16T14:00:00Z,11.1,0.0,19,0.0,0.0,0
2025-11-16T15:00:00Z,10.6,0.0,34,0.0,0.0,0
2025-11-16T16:00:00Z,10.2,0.0,100,0.0,0.0,0
2025-11-16T17:00:00Z,10.1,0.0,100,0.0,0.0,0
2025-11-16T18:00:00Z,10.4,0.0,100,0.0,0.0,0
2025-11-16T19:00:00Z,10.6,0.0,100,0.0,0.0,1
2025-11-16T20:00:00Z,10.6,0.0,97,18.0,9.1,1
2025-11-16T21:00:00Z,11.0,0.0,90,72.0,32.2,1
2025-11-16T22:00:00Z,12.1,0.0,100,192.0,81.1,1
2025-11-16T23:00:00Z,12.1,0.0,100,153.0,4.7,1
2025-11-17T00:00:00Z,12.9,0.0,100,137.0,0.0,1
2025-11-17T01:00:00Z,13.2,0.2,100,216.0,3.4,1
2025-11-17T02:00:00Z,13.9,0.2,100,313.0,19.2,1
2025-11-17T03:00:00Z,14.0,0.2,100,231.0,12.8,1
2025-11-17T04:00:00Z,14.5,0.1,100,283.0,25.7,1
2025-11-17T05:00:00Z,14.8,0.0,100,212.0,23.7,1
2025-11-17T06:00:00Z,16.0,0.0,100,243.0,30.0,1
2025-11-17T07:00:00Z,15.6,0.0,100,132.0,0.0,1
2025-11-17T08:00:00Z,15.4,0.0,100,63.0,12.7,1
2025-11-17T09:00:00Z,14.7,0.1,100,14.0,0.0,1
2025-11-17T10:00:00Z,14.6,0.1,100,0.0,0.0,0
2025-11-17T11:00:00Z,14.5,0.1,100,0.0,0.0,0
2025-11-17T12:00:00Z,14.1,0.0,66,0.0,0.0,0
2025-11-17T13:00:00Z,13.5,0.0,38,0.0,0.0,0
2025-11-17T14:00:00Z,13.1,0.0,38,0.0,0.0,0
2025-11-17T15:00:00Z,12.7,0.0,99,0.0,0.0,0
2025-11-17T16:00:00Z,12.6,0.0,100,0.0,0.0,0
2025-11-17T17:00:00Z,12.4,0.0,100,0.0,0.0,0
2025-11-17T18:00:00Z,12.9,0.0,100,0.0,0.0,0
2025-11-17T19:00:00Z,13.2,0.0,100,0.0,0.0,1
2025-11-17T20:00:00Z,13.6,0.0,100,24.0,36.1,1
2025-11-17T21:00:00Z,14.4,0.0,65,131.0,95.9,1
2025-11-17T22:00:00Z,15.6,0.1,54,355.0,476.4,1
2025-11-17T23:00:00Z,16.8,0.1,100,446.0,284.0,1
2025-11-18T00:00:00Z,17.9,0.0,100,417.0,180.5,1
2025-11-18T01:00:00Z,19.0,0.0,77,518.0,180.2,1
2025-11-18T02:00:00Z,19.8,0.0,73,577.0,230.5,1
2025-11-18T03:00:00Z,20.6,0.0,100,718.0,416.2,1
2025-11-18T04:00:00Z,21.0,0.0,100,406.0,44.6,1
2025-11-18T05:00:00Z,21.5,0.0,26,438.0,179.3,1
2025-11-18T06:00:00Z,22.6,0.0,55,476.0,445.3,1
2025-11-18T07:00:00Z,22.1,0.0,33,350.0,421.0,1
2025-11-18T08:00:00Z,21.2,0.0,10,205.0,403.3,1
2025-11-18T09:00:00Z,20.2,0.0,19,74.0,325.9,1
2025-11-18T10:00:00Z,18.8,0.0,43,1.0,0.0,0
2025-11-18T11:00:00Z,16.2,0.0,26,0.0,0.0,0
2025-11-18T12:00:00Z,16.0,0.1,15,0.0,0.0,0
2025-11-18T13:00:00Z,15.5,0.0,9,0.0,0.0,0
2025-11-18T14:00:00Z,14.4,0.0,14,0.0,0.0,0
2025-11-18T15:00:00Z,13.5,0.0,11,0.0,0.0,0
2025-11-18T16:00:00Z,12.7,0.0,33,0.0,0.0,0
2025-11-18T17:00:00Z,12.4,0.0,91,0.0,0.0,0
2025-11-18T18:00:00Z,12.5,0.0,33,0.0,0.0,0
2025-11-18T19:00:00Z,11.8,0.0,37,0.0,0.0,1
2025-11-18T20:00:00Z,12.9,0.0,52,53.0,233.2,1
2025-11-18T21:00:00Z,14.6,0.0,20,213.0,452.3,1
2025-11-18T22:00:00Z,15.7,0.0,59,410.0,636.1,1
2025-11-18T23:00:00Z,16.4,0.0,69,515.0,434.6,1
2025-11-19T00:00:00Z,17.2,0.0,60,613.0,394.9,1
2025-11-19T01:00:00Z,18.4,0.0,34,730.0,482.1,1
2025-11-19T02:00:00Z,19.6,0.0,47,794.0,436.9,1
2025-11-19T03:00:00Z,20.0,0.0,57,829.0,535.4,1
2025-11-19T04:00:00Z,20.9,0.0,15,814.0,628.3,1
2025-11-19T05:00:00Z,20.8,0.0,9,738.0,614.9,1
2025-11-19T06:00:00Z,20.5,0.0,38,595.0,630.0,1
2025-11-19T07:00:00Z,18.8,0.0,20,415.0,559.2,1
2025-11-19T08:00:00Z,16.4,0.0,5,235.0,474.7,1
2025-11-19T09:00:00Z,15.4,0.0,100,84.0,376.0,1
2025-11-19T10:00:00Z,14.7,0.0,100,1.0,0.0,0
2025-11-19T11:00:00Z,14.8,0.0,100,0.0,0.0,0
2025-11-19T12:00:00Z,14.2,0.0,100,0.0,0.0,0
2025-11-19T13:00:00Z,13.6,0.0,100,0.0,0.0,0
2025-11-19T14:00:00Z,13.2,0.0,100,0.0,0.0,0
2025-11-19T15:00:00Z,12.9,0.0,100,0.0,0.0,0
2025-11-19T16:00:00Z,12.2,0.0,41,0.0,0.0,0
2025-11-19T17:00:00Z,11.4,0.0,12,0.0,0.0,0
2025-11-19T18:00:00Z,11.1,0.0,33,0.0,0.0,0
2025-11-19T19:00:00Z,10.4,0.0,16,0.0,0.0,1
2025-11-19T20:00:00Z,10.4,0.0,18,57.0,285.1,1
2025-11-19T21:00:00Z,11.3,0.0,46,223.0,506.1,1
2025-11-19T22:00:00Z,12.2,0.0,42,380.0,551.9,1
2025-11-19T23:00:00Z,12.9,0.0,34,511.0,514.7,1
2025-11-20T00:00:00Z,13.6,0.1,68,681.0,573.1,1
2025-11-20T01:00:00Z,14.2,0.0,29,738.0,621.7,1
2025-11-20T02:00:00Z,14.6,0.0,43,788.0,589.6,1
2025-11-20T03:00:00Z,14.6,0.0,60,854.0,619.3,1
2025-11-20T04:00:00Z,14.3,0.0,41,686.0,464.8,1
2025-11-20T05:00:00Z,14.4,0.0,19,725.0,677.9,1
2025-11-20T06:00:00Z,14.1,0.0,5,645.0,757.1,1
2025-11-20T07:00:00Z,13.4,0.0,9,481.0,739.3,1
2025-11-20T08:00:00Z,12.9,0.0,13,279.0,625.3,1
2025-11-20T09:00:00Z,12.2,0.0,3,91.0,409.9,1
2025-11-20T10:00:00Z,11.6,0.0,38,1.0,0.0,0
2025-11-20T11:00:00Z,11.3,0.0,40,0.0,0.0,0
2025-11-20T12:00:00Z,11.1,0.0,13,0.0,0.0,0
2025-11-20T13:00:00Z,10.2,0.0,27,0.0,0.0,0
2025-11-20T14:00:00Z,9.6,0.0,21,0.0,0.0,0
2025-11-20T15:00:00Z,9.0,0.0,2,0.0,0.0,0
2025-11-20T16:00:00Z,8.9,0.0,1,0.0,0.0,0
2025-11-20T17:00:00Z,8.6,0.0,1,0.0,0.0,0
2025-11-20T18:00:00Z,8.5,0.0,1,0.0,0.0,0
2025-11-20T19:00:00Z,7.9,0.0,1,0.0,0.0,1
2025-11-20T20:00:00Z,8.9,0.0,0,62.0,318.8,1
2025-11-20T21:00:00Z,10.6,0.0,0,255.0,668.1,1
2025-11-20T22:00:00Z,12.4,0.0,0,480.0,848.0,1
2025-11-20T23:00:00Z,13.4,0.0,0,681.0,912.9,1
2025-11-21T00:00:00Z,15.1,0.0,70,858.0,963.7,1
2025-11-21T01:00:00Z,16.4,0.0,62,879.0,714.8,1
2025-11-21T02:00:00Z,17.2,0.0,14,1017.0,910.0,1
2025-11-21T03:00:00Z,18.0,0.0,12,1040.0,965.3,1
2025-11-21T04:00:00Z,18.5,0.0,9,992.0,974.7,1
2025-11-21T05:00:00Z,17.0,0.0,30,870.0,933.6,1
2025-11-21T06:00:00Z,17.5,0.0,97,700.0,873.1,1
2025-11-21T07:00:00Z,15.1,0.0,100,501.0,782.7,1
2025-11-21T08:00:00Z,15.2,0.0,98,266.0,491.0,1
2025-11-21T09:00:00Z,13.9,0.0,100,83.0,270.4,1
2025-11-21T10:00:00Z,14.1,0.0,100,1.0,0.0,0
2025-11-21T11:00:00Z,13.6,0.0,84,0.0,0.0,0
2025-11-21T12:00:00Z,13.1,0.0,100,0.0,0.0,0
2025-11-21T13:00:00Z,12.3,0.0,92,0.0,0.0,0
2025-11-21T14:00:00Z,11.4,0.0,100,0.0,0.0,0
2025-11-21T15:00:00Z,10.8,0.0,100,0.0,0.0,0
2025-11-21T16:00:00Z,10.4,0.0,98,0.0,0.0,0
2025-11-21T17:00:00Z,10.1,0.0,89,0.0,0.0,0
2025-11-21T18:00:00Z,10.1,0.0,100,0.0,0.0,0
2025-11-21T19:00:00Z,9.4,0.0,100,0.0,0.0,1
2025-11-21T20:00:00Z,10.4,0.0,100,44.0,52.8,1
2025-11-21T21:00:00Z,11.8,0.0,77,145.0,83.6,1
2025-11-21T22:00:00Z,14.1,0.0,71,357.0,374.6,1
2025-11-21T23:00:00Z,17.5,0.0,100,578.0,565.9,1
2025-11-22T00:00:00Z,19.7,0.0,95,378.0,98.0,1
2025-11-22T01:00:00Z,21.8,0.0,66,623.0,275.2,1
2025-11-22T02:00:00Z,23.8,0.0,100,914.0,689.2,1
2025-11-22T03:00:00Z,23.5,0.0,97,576.0,220.7,1
2025-11-22T04:00:00Z,24.6,0.0,100,909.0,813.5,1
2025-11-22T05:00:00Z,23.8,0.0,100,831.0,860.0,1
2025-11-22T06:00:00Z,21.5,0.0,100,547.0,436.7,1
2025-11-22T07:00:00Z,20.2,0.0,100,143.0,3.9,1
2025-11-22T08:00:00Z,20.0,0.0,100,97.0,24.3,1
2025-11-22T09:00:00Z,19.6,0.0,100,25.0,0.0,1
2025-11-22T10:00:00Z,19.1,0.0,100,1.0,0.0,0
2025-11-22T11:00:00Z,18.4,0.2,100,0.0,0.0,0
2025-11-22T12:00:00Z,16.6,0.7,100,0.0,0.0,0
2025-11-22T13:00:00Z,15.6,2.2,100,0.0,0.0,0
2025-11-22T14:00:00Z,15.0,2.2,100,0.0,0.0,0
2025-11-22T15:00:00Z,14.7,2.5,100,0.0,0.0,0
2025-11-22T16:00:00Z,14.4,1.2,100,0.0,0.0,0
2025-11-22T17:00:00Z,14.3,0.4,100,0.0,0.0,0
2025-11-22T18:00:00Z,13.9,0.4,100,0.0,0.0,0
2025-11-22T19:00:00Z,13.9,3.7,100,0.0,0.0,1
2025-11-22T20:00:00Z,13.9,1.3,100,11.0,0.0,1
2025-11-22T21:00:00Z,14.2,0.5,100,47.0,0.0,1
2025-11-22T22:00:00Z,14.9,0.2,100,157.0,6.3,1
2025-11-22T23:00:00Z,15.9,0.1,100,391.0,249.3,1
2025-11-23T00:00:00Z,15.3,0.0,100,377.0,86.5,1
2025-11-23T01:00:00Z,15.6,0.2,100,281.0,19.2,1
2025-11-23T02:00:00Z,16.1,0.1,100,349.0,27.6,1
2025-11-23T03:00:00Z,17.6,0.2,90,647.0,265.8,1
2025-11-23T04:00:00Z,17.9,0.1,90,675.0,384.0,1
2025-11-23T05:00:00Z,18.0,0.1,34,649.0,429.7,1
2025-11-23T06:00:00Z,17.6,0.0,52,601.0,604.4,1
2025-11-23T07:00:00Z,17.9,0.0,30,423.0,542.7,1
2025-11-23T08:00:00Z,17.1,0.0,20,241.0,461.8,1
2025-11-23T09:00:00Z,16.5,0.0,100,74.0,245.1,1
2025-11-23T10:00:00Z,16.6,0.0,100,1.0,0.0,0
2025-11-23T11:00:00Z,16.6,0.0,100,0.0,0.0,0
2025-11-23T12:00:00Z,15.6,0.0,100,0.0,0.0,0
2025-11-23T13:00:00Z,15.6,0.0,99,0.0,0.0,0
2025-11-23T14:00:00Z,15.4,0.0,100,0.0,0.0,0
2025-11-23T15:00:00Z,15.3,0.0,99,0.0,0.0,0
2025-11-23T16:00:00Z,15.0,0.0,99,0.0,0.0,0
2025-11-23T17:00:00Z,13.9,0.0,31,0.0,0.0,0
2025-11-23T18:00:00Z,13.9,0.0,15,0.0,0.0,0
2025-11-23T19:00:00Z,13.3,0.0,18,0.0,0.0,1
2025-11-23T20:00:00Z,14.1,0.0,23,49.0,174.4,1
2025-11-23T21:00:00Z,15.5,0.0,48,192.0,349.0,1
2025-11-23T22:00:00Z,16.9,0.0,100,372.0,480.2,1
2025-11-23T23:00:00Z,18.5,0.0,98,530.0,485.6,1
2025-11-24T00:00:00Z,20.3,0.0,44,727.0,612.6,1
2025-11-24T01:00:00Z,22.0,0.0,7,870.0,749.9,1
2025-11-24T02:00:00Z,23.2,0.0,100,1011.0,956.0,1
2025-11-24T03:00:00Z,23.8,0.0,100,1008.0,931.2,1
2025-11-24T04:00:00Z,24.5,0.0,76,857.0,630.8,1
2025-11-24T05:00:00Z,25.2,0.0,100,732.0,624.1,1
2025-11-24T06:00:00Z,25.1,0.0,100,610.0,671.5,1
2025-11-24T07:00:00Z,24.0,0.0,98,362.0,250.8,1
2025-11-24T08:00:00Z,23.3,0.0,84,244.0,359.3,1
2025-11-24T09:00:00Z,22.4,0.0,20,81.0,247.0,1
2025-11-24T10:00:00Z,20.8,0.0,3,2.0,0.0,0
2025-11-24T11:00:00Z,19.4,0.0,74,0.0,0.0,0
2025-11-24T12:00:00Z,19.7,0.0,20,0.0,0.0,0
2025-11-24T13:00:00Z,19.6,0.0,3,0.0,0.0,0
2025-11-24T14:00:00Z,22.2,0.0,7,0.0,0.0,0
2025-11-24T15:00:00Z,23.2,0.0,75,0.0,0.0,0
2025-11-24T16:00:00Z,22.0,0.0,69,0.0,0.0,0
2025-11-24T17:00:00Z,20.1,0.0,2,0.0,0.0,0
2025-11-24T18:00:00Z,19.0,0.0,0,0.0,0.0,0
2025-11-24T19:00:00Z,16.9,0.0,0,0.0,0.0,1
2025-11-24T20:00:00Z,17.9,0.0,0,65.0,329.9,1
2025-11-24T21:00:00Z,19.3,0.0,0,250.0,644.1,1
2025-11-24T22:00:00Z,20.6,0.0,0,464.0,799.7,1
2025-11-24T23:00:00Z,21.5,0.0,5,663.0,876.1,1
2025-11-25T00:00:00Z,21.2,0.0,34,752.0,758.1,1
2025-11-25T01:00:00Z,22.1,0.0,38,787.0,579.4,1
2025-11-25T02:00:00Z,22.5,0.0,14,902.0,730.6,1
2025-11-25T03:00:00Z,23.4,0.0,8,983.0,875.4,1
2025-11-25T04:00:00Z,23.9,0.0,2,917.0,816.3,1
2025-11-25T05:00:00Z,24.4,0.0,17,825.0,826.3,1
2025-11-25T06:00:00Z,24.6,0.0,9,627.0,668.0,1
2025-11-25T07:00:00Z,24.2,0.0,16,500.0,779.7,1
2025-11-25T08:00:00Z,20.0,0.0,15,279.0,582.0,1
2025-11-25T09:00:00Z,18.0,0.0,92,96.0,387.1,1
2025-11-25T10:00:00Z,17.9,0.0,68,3.0,0.0,0
2025-11-25T11:00:00Z,17.9,0.0,5,0.0,0.0,0
2025-11-25T12:00:00Z,16.0,0.0,9,0.0,0.0,0
2025-11-25T13:00:00Z,14.9,0.0,1,0.0,0.0,0
2025-11-25T14:00:00Z,14.1,0.0,16,0.0,0.0,0
2025-11-25T15:00:00Z,13.4,0.0,9,0.0,0.0,0
2025-11-25T16:00:00Z,13.4,0.0,37,0.0,0.0,0
2025-11-25T17:00:00Z,13.4,0.0,0,0.0,0.0,0
2025-11-25T18:00:00Z,13.8,0.0,0,0.0,0.0,0
2025-11-25T19:00:00Z,14.2,0.0,1,0.0,0.0,1
2025-11-25T20:00:00Z,14.9,0.0,2,65.0,328.7,1
2025-11-25T21:00:00Z,17.1,0.0,20,250.0,642.3,1
2025-11-25T22:00:00Z,18.2,0.0,89,417.0,620.9,1
2025-11-25T23:00:00Z,16.7,1.9,100,461.0,398.3,1
2025-11-26T00:00:00Z,16.6,0.4,100,532.0,215.7,1
2025-11-26T01:00:00Z,18.3,0.1,44,577.0,239.5,1
2025-11-26T02:00:00Z,19.4,0.1,52,794.0,633.7,1
2025-11-26T03:00:00Z,19.1,0.1,39,703.0,500.3,1
2025-11-26T04:00:00Z,20.2,0.0,69,834.0,696.1,1
2025-11-26T05:00:00Z,19.6,0.0,65,577.0,482.0,1
2025-11-26T06:00:00Z,20.1,0.0,91,514.0,488.2,1
2025-11-26T07:00:00Z,20.2,0.0,47,325.0,261.9,1
2025-11-26T08:00:00Z,19.8,0.0,13,245.0,465.4,1
2025-11-26T09:00:00Z,18.6,0.0,27,96.0,372.6,1
2025-11-26T10:00:00Z,17.2,0.0,11,3.0,22.4,0
2025-11-26T11:00:00Z,16.0,0.0,100,0.0,0.0,0
2025-11-26T12:00:00Z,15.3,0.0,33,0.0,0.0,0
2025-11-26T13:00:00Z,14.9,0.0,70,0.0,0.0,0
2025-11-26T14:00:00Z,14.5,0.0,69,0.0,0.0,0
2025-11-26T15:00:00Z,14.1,0.0,76,0.0,0.0,0
2025-11-26T16:00:00Z,13.9,0.0,100,0.0,0.0,0
2025-11-26T17:00:00Z,13.9,0.0,100,0.0,0.0,0
2025-11-26T18:00:00Z,13.2,0.1,100,0.0,0.0,0
2025-11-26T19:00:00Z,13.0,0.0,100,0.0,0.0,1
2025-11-26T20:00:00Z,13.1,0.0,100,42.0,77.6,1
2025-11-26T21:00:00Z,13.6,0.0,59,131.0,123.3,1
2025-11-26T22:00:00Z,14.5,0.3,78,355.0,419.7,1
2025-11-26T23:00:00Z,15.6,0.1,100,491.0,450.5,1
2025-11-27T00:00:00Z,15.8,0.1,100,519.0,284.1,1
2025-11-27T01:00:00Z,16.7,0.0,100,556.0,196.6,1
2025-11-27T02:00:00Z,17.5,0.0,100,681.0,360.5,1
2025-11-27T03:00:00Z,18.1,0.0,100,561.0,189.0,1
2025-11-27T04:00:00Z,18.5,0.0,100,465.0,101.2,1
2025-11-27T05:00:00Z,18.8,0.0,100,439.0,153.8,1
2025-11-27T06:00:00Z,18.6,0.0,100,428.0,245.6,1
2025-11-27T07:00:00Z,17.5,0.0,34,253.0,123.7,1
2025-11-27T08:00:00Z,17.3,0.0,25,269.0,499.8,1
2025-11-27T09:00:00Z,16.0,0.0,28,93.0,325.4,1
2025-11-27T10:00:00Z,14.8,0.0,61,4.0,21.6,0
2025-11-27T11:00:00Z,13.9,0.0,99,0.0,0.0,0
2025-11-27T12:00:00Z,13.4,0.0,68,0.0,0.0,0
2025-11-27T13:00:00Z,12.2,0.0,34,0.0,0.0,0
2025-11-27T14:00:00Z,11.5,0.0,55,0.0,0.0,0
2025-11-27T15:00:00Z,10.9,0.0,100,0.0,0.0,0
2025-11-27T16:00:00Z,10.7,0.0,98,0.0,0.0,0
2025-11-27T17:00:00Z,10.7,0.0,95,0.0,0.0,0
2025-11-27T18:00:00Z,10.3,0.0,98,0.0,0.0,0
2025-11-27T19:00:00Z,9.7,0.0,94,0.0,0.0,1
2025-11-27T20:00:00Z,10.4,0.0,5,67.0,326.8,1
2025-11-27T21:00:00Z,12.5,0.0,0,255.0,649.6,1
2025-11-27T22:00:00Z,14.9,0.0,0,471.0,809.5,1
2025-11-27T23:00:00Z,17.0,0.0,0,676.0,895.8,1
2025-11-28T00:00:00Z,18.1,0.0,99,845.0,941.9,1
2025-11-28T01:00:00Z,20.9,0.0,100,920.0,824.2,1
2025-11-28T02:00:00Z,23.0,0.0,99,855.0,487.0,1
2025-11-28T03:00:00Z,24.0,0.0,100,763.0,424.7,1
2025-11-28T04:00:00Z,23.5,0.2,100,500.0,138.4,1
2025-11-28T05:00:00Z,22.4,0.0,100,286.0,17.1,1
2025-11-28T06:00:00Z,22.2,0.0,100,286.0,82.6,1
2025-11-28T07:00:00Z,22.5,0.0,100,181.0,36.0,1
2025-11-28T08:00:00Z,20.6,0.0,100,48.0,0.0,1
2025-11-28T09:00:00Z,18.9,0.3,100,21.0,0.0,1
2025-11-28T10:00:00Z,17.0,1.9,100,1.0,0.0,0
2025-11-28T11:00:00Z,16.0,2.6,100,0.0,0.0,0
2025-11-28T12:00:00Z,14.6,2.4,100,0.0,0.0,0
2025-11-28T13:00:00Z,14.4,2.6,100,0.0,0.0,0
2025-11-28T14:00:00Z,13.9,1.8,100,0.0,0.0,0
2025-11-28T15:00:00Z,13.6,1.5,100,0.0,0.0,0
2025-11-28T16:00:00Z,13.4,1.9,100,0.0,0.0,0
2025-11-28T17:00:00Z,13.5,0.8,100,0.0,0.0,0
2025-11-28T18:00:00Z,13.4,1.4,100,0.0,0.0,0
2025-11-28T19:00:00Z,13.5,0.7,100,0.0,0.0,1
2025-11-28T20:00:00Z,13.6,0.8,100,10.0,0.0,1
2025-11-28T21:00:00Z,13.4,0.4,72,47.0,0.0,1
2025-11-28T22:00:00Z,14.5,1.1,91,352.0,400.3,1
2025-11-28T23:00:00Z,14.8,1.9,100,333.0,154.1,1
2025-11-29T00:00:00Z,14.1,0.2,100,461.0,220.5,1
2025-11-29T01:00:00Z,14.9,0.1,32,455.0,107.7,1
2025-11-29T02:00:00Z,16.0,0.5,60,882.0,693.5,1
2025-11-29T03:00:00Z,16.4,0.1,98,773.0,513.4,1
2025-11-29T04:00:00Z,16.1,0.1,100,723.0,489.1,1
2025-11-29T05:00:00Z,14.9,0.2,55,419.0,182.4,1
2025-11-29T06:00:00Z,14.5,0.1,100,435.0,283.1,1
2025-11-29T07:00:00Z,13.9,0.2,100,363.0,328.1,1
2025-11-29T08:00:00Z,13.9,0.3,100,107.0,40.3,1
2025-11-29T09:00:00Z,14.1,0.0,100,37.0,12.8,1
2025-11-29T10:00:00Z,13.4,0.0,100,2.0,0.0,0
2025-11-29T11:00:00Z,13.1,0.0,100,0.0,0.0,0
2025-11-29T12:00:00Z,13.0,0.0,100,0.0,0.0,0
2025-11-29T13:00:00Z,12.4,0.0,96,0.0,0.0,0
2025-11-29T14:00:00Z,11.9,0.0,100,0.0,0.0,0
2025-11-29T15:00:00Z,11.8,0.0,100,0.0,0.0,0
2025-11-29T16:00:00Z,11.5,0.0,100,0.0,0.0,0
2025-11-29T17:00:00Z,10.9,0.5,98,0.0,0.0,0
2025-11-29T18:00:00Z,11.0,0.0,88,0.0,0.0,0
2025-11-29T19:00:00Z,10.9,0.0,87,0.0,0.0,1
2025-11-29T20:00:00Z,10.8,0.0,98,46.0,145.6,1
2025-11-29T21:00:00Z,11.4,0.0,34,189.0,279.4,1
2025-11-29T22:00:00Z,12.6,0.0,84,381.0,500.1,1
2025-11-29T23:00:00Z,13.2,0.0,34,461.0,346.6,1
2025-11-30T00:00:00Z,14.5,0.1,100,714.0,619.4,1
2025-11-30T01:00:00Z,12.1,1.8,98,380.0,89.7,1
2025-11-30T02:00:00Z,14.6,0.1,100,628.0,347.1,1
2025-11-30T03:00:00Z,13.8,0.5,98,491.0,94.2,1
2025-11-30T04:00:00Z,13.8,0.1,88,348.0,113.9,1
2025-11-30T05:00:00Z,15.4,0.0,100,700.0,554.6,1
2025-11-30T06:00:00Z,13.8,3.4,52,374.0,167.1,1
2025-11-30T07:00:00Z,14.6,0.1,37,272.0,264.7,1
2025-11-30T08:00:00Z,14.1,0.1,48,242.0,442.6,1
2025-11-30T09:00:00Z,13.2,0.0,99,94.0,295.0,1
2025-11-30T10:00:00Z,11.9,0.5,73,3.0,0.0,0
2025-11-30T11:00:00Z,11.1,0.7,64,0.0,0.0,0
2025-11-30T12:00:00Z,11.5,0.0,39,0.0,0.0,0
2025-11-30T13:00:00Z,11.3,0.0,16,0.0,0.0,0
2025-11-30T14:00:00Z,10.9,0.0,95,0.0,0.0,0
2025-11-30T15:00:00Z,10.8,0.3,98,0.0,0.0,0
2025-11-30T16:00:00Z,10.9,0.0,84,0.0,0.0,0
2025-11-30T17:00:00Z,10.2,0.1,28,0.0,0.0,0
2025-11-30T18:00:00Z,10.4,0.0,27,0.0,0.0,0
2025-11-30T19:00:00Z,10.1,0.0,16,0.0,0.0,1
2025-11-30T20:00:00Z,10.1,0.0,24,65.0,316.4,1
2025-11-30T21:00:00Z,11.1,0.1,19,242.0,575.3,1
2025-11-30T22:00:00Z,12.4,0.0,27,425.0,666.5,1
2025-11-30T23:00:00Z,13.4,0.1,59,616.0,750.1,1
2025-12-01T00:00:00Z,14.1,0.1,94,758.0,767.4,1
2025-12-01T01:00:00Z,13.8,1.7,37,699.0,480.0,1
2025-12-01T02:00:00Z,14.2,0.1,92,787.0,510.2,1
2025-12-01T03:00:00Z,12.6,1.8,85,667.0,302.2,1
2025-12-01T04:00:00Z,13.4,0.3,61,672.0,397.0,1
2025-12-01T05:00:00Z,12.9,4.4,41,690.0,532.9,1
2025-12-01T06:00:00Z,13.9,0.1,11,591.0,601.7,1
2025-12-01T07:00:00Z,13.8,0.3,16,457.0,590.6,1
2025-12-01T08:00:00Z,13.0,0.1,39,271.0,527.2,1
2025-12-01T09:00:00Z,12.8,0.0,18,95.0,326.8,1
2025-12-01T10:00:00Z,12.1,0.0,85,5.0,19.2,0
2025-12-01T11:00:00Z,11.9,0.4,34,0.0,0.0,0
2025-12-01T12:00:00Z,11.9,0.1,49,0.0,0.0,0
2025-12-01T13:00:00Z,11.2,0.2,45,0.0,0.0,0
2025-12-01T14:00:00Z,10.8,0.2,30,0.0,0.0,0
2025-12-01T15:00:00Z,9.9,0.0,14,0.0,0.0,0
2025-12-01T16:00:00Z,9.7,0.0,27,0.0,0.0,0
2025-12-01T17:00:00Z,9.6,0.0,30,0.0,0.0,0
2025-12-01T18:00:00Z,9.6,0.0,52,0.0,0.0,0
2025-12-01T19:00:00Z,9.6,0.1,55,0.0,0.0,1
2025-12-01T20:00:00Z,10.4,0.2,98,43.0,119.6,1
2025-12-01T21:00:00Z,10.9,0.4,71,123.0,115.7,1
2025-12-01T22:00:00Z,12.2,0.1,67,269.0,245.7,1
2025-12-01T23:00:00Z,13.4,0.1,62,456.0,395.8,1
2025-12-02T00:00:00Z,15.1,0.1,98,625.0,520.4,1
2025-12-02T01:00:00Z,16.0,0.0,100,603.0,279.1,1
2025-12-02T02:00:00Z,16.8,0.0,100,809.0,522.6,1
2025-12-02T03:00:00Z,16.9,0.0,100,694.0,332.2,1
2025-12-02T04:00:00Z,17.3,0.0,100,658.0,245.7,1
2025-12-02T05:00:00Z,17.1,0.0,100,453.0,126.9,1
2025-12-02T06:00:00Z,17.5,0.0,100,426.0,166.1,1
2025-12-02T07:00:00Z,17.6,0.0,100,308.0,150.7,1
2025-12-02T08:00:00Z,16.8,0.0,98,166.0,98.5,1
2025-12-02T09:00:00Z,15.2,0.0,55,90.0,194.0,1
2025-12-02T10:00:00Z,13.8,0.0,27,6.0,18.7,0
2025-12-02T11:00:00Z,13.0,0.0,93,0.0,0.0,0
2025-12-02T12:00:00Z,12.7,0.0,14,0.0,0.0,0
2025-12-02T13:00:00Z,12.1,0.0,100,0.0,0.0,0
2025-12-02T14:00:00Z,11.7,0.0,26,0.0,0.0,0
2025-12-02T15:00:00Z,11.1,0.0,11,0.0,0.0,0
2025-12-02T16:00:00Z,10.4,0.0,95,0.0,0.0,0
2025-12-02T17:00:00Z,10.1,0.0,71,0.0,0.0,0
2025-12-02T18:00:00Z,10.2,0.0,0,0.0,0.0,0
2025-12-02T19:00:00Z,10.8,0.0,0,0.0,0.0,1
2025-12-02T20:00:00Z,12.2,0.0,0,69.0,350.0,1
2025-12-02T21:00:00Z,14.2,0.0,0,255.0,646.0,1
2025-12-02T22:00:00Z,16.8,0.0,0,467.0,799.6,1
2025-12-02T23:00:00Z,18.9,0.0,0,669.0,884.0,1
2025-12-03T00:00:00Z,21.5,0.0,0,841.0,933.1,1
2025-12-03T01:00:00Z,23.1,0.0,0,963.0,957.1,1
2025-12-03T02:00:00Z,24.4,0.0,0,1033.0,971.0,1
2025-12-03T03:00:00Z,25.6,0.0,0,1044.0,974.0,1
2025-12-03T04:00:00Z,26.5,0.0,0,991.0,963.2,1
2025-12-03T05:00:00Z,27.0,0.0,0,881.0,938.6,1
2025-12-03T06:00:00Z,28.0,0.0,0,724.0,895.4,1
2025-12-03T07:00:00Z,27.6,0.0,0,532.0,826.5,1
2025-12-03T08:00:00Z,26.5,0.0,0,323.0,703.9,1
2025-12-03T09:00:00Z,24.2,0.0,0,122.0,471.0,1
2025-12-03T10:00:00Z,22.4,0.0,0,7.0,36.5,0
2025-12-03T11:00:00Z,21.1,0.0,0,0.0,0.0,0
2025-12-03T12:00:00Z,21.2,0.0,51,0.0,0.0,0
2025-12-03T13:00:00Z,21.1,0.0,12,0.0,0.0,0
2025-12-03T14:00:00Z,20.6,0.0,11,0.0,0.0,0
2025-12-03T15:00:00Z,20.3,0.0,13,0.0,0.0,0
2025-12-03T16:00:00Z,19.9,0.0,30,0.0,0.0,0
2025-12-03T17:00:00Z,19.5,0.0,19,0.0,0.0,0
2025-12-03T18:00:00Z,20.0,0.0,59,0.0,0.0,0
2025-12-03T19:00:00Z,19.6,0.0,77,0.0,0.0,1
2025-12-03T20:00:00Z,19.5,0.0,99,57.0,162.2,1
2025-12-03T21:00:00Z,20.8,0.0,100,186.0,227.8,1
2025-12-03T22:00:00Z,21.2,0.0,100,239.0,75.0,1
2025-12-03T23:00:00Z,22.0,0.0,100,306.0,73.9,1
2025-12-04T00:00:00Z,24.0,0.0,100,388.0,87.4,1
2025-12-04T01:00:00Z,25.8,0.0,98,469.0,79.6,1
2025-12-04T02:00:00Z,27.9,0.0,99,696.0,341.0,1
2025-12-04T03:00:00Z,30.9,0.0,79,718.0,307.7,1
2025-12-04T04:00:00Z,32.4,0.0,6,927.0,753.9,1
2025-12-04T05:00:00Z,33.0,0.0,54,883.0,914.0,1
2025-12-04T06:00:00Z,32.8,0.0,77,702.0,784.8,1
2025-12-04T07:00:00Z,31.6,0.0,70,467.0,557.3,1
2025-12-04T08:00:00Z,29.2,0.0,100,243.0,343.9,1
2025-12-04T09:00:00Z,16.1,0.0,100,81.0,117.3,1
2025-12-04T10:00:00Z,16.6,0.0,99,5.0,17.8,0
2025-12-04T11:00:00Z,15.9,0.0,100,0.0,0.0,0
2025-12-04T12:00:00Z,15.6,0.0,100,0.0,0.0,0
2025-12-04T13:00:00Z,15.0,0.1,98,0.0,0.0,0
2025-12-04T14:00:00Z,14.5,0.0,94,0.0,0.0,0
2025-12-04T15:00:00Z,14.0,0.0,94,0.0,0.0,0
2025-12-04T16:00:00Z,13.9,0.0,100,0.0,0.0,0
2025-12-04T17:00:00Z,13.6,1.2,100,0.0,0.0,0
2025-12-04T18:00:00Z,13.8,1.6,100,0.0,0.0,0
2025-12-04T19:00:00Z,13.1,0.8,98,0.0,0.0,1
2025-12-04T20:00:00Z,13.5,0.0,100,50.0,162.2,1
2025-12-04T21:00:00Z,14.0,0.0,95,148.0,163.2,1
2025-12-04T22:00:00Z,15.4,0.0,100,363.0,385.4,1
2025-12-04T23:00:00Z,16.6,0.0,100,480.0,375.9,1
2025-12-05T00:00:00Z,18.0,0.3,100,590.0,353.3,1
2025-12-05T01:00:00Z,18.6,0.0,99,558.0,280.1,1
2025-12-05T02:00:00Z,21.6,0.0,98,930.0,723.9,1
2025-12-05T03:00:00Z,22.0,0.0,88,827.0,557.6,1
2025-12-05T04:00:00Z,22.2,0.0,84,968.0,891.2,1
2025-12-05T05:00:00Z,22.6,0.0,89,849.0,864.3,1
2025-12-05T06:00:00Z,21.9,0.0,88,663.0,694.6,1
2025-12-05T07:00:00Z,21.8,0.0,73,490.0,645.1,1
2025-12-05T08:00:00Z,20.5,0.0,77,302.0,589.5,1
2025-12-05T09:00:00Z,19.4,0.0,45,110.0,358.1,1
2025-12-05T10:00:00Z,18.0,0.0,100,7.0,34.8,0
2025-12-05T11:00:00Z,16.7,0.0,100,0.0,0.0,0
2025-12-05T12:00:00Z,15.7,0.0,100,0.0,0.0,0
2025-12-05T13:00:00Z,15.0,0.0,100,0.0,0.0,0
2025-12-05T14:00:00Z,14.6,0.0,99,0.0,0.0,0
2025-12-05T15:00:00Z,14.2,0.0,100,0.0,0.0,0
2025-12-05T16:00:00Z,14.2,0.1,100,0.0,0.0,0
2025-12-05T17:00:00Z,14.0,0.0,48,0.0,0.0,0
2025-12-05T18:00:00Z,13.7,0.0,70,0.0,0.0,0
2025-12-05T19:00:00Z,13.1,0.0,34,0.0,0.0,1
2025-12-05T20:00:00Z,14.2,0.0,98,66.0,307.5,1
2025-12-05T21:00:00Z,15.8,0.0,100,232.0,469.4,1
2025-12-05T22:00:00Z,17.3,0.0,100,288.0,248.0,1
2025-12-05T23:00:00Z,18.6,0.3,100,354.0,120.2,1
2025-12-06T00:00:00Z,16.4,1.4,100,181.0,0.0,1
2025-12-06T01:00:00Z,15.1,1.1,100,182.0,2.2,1
2025-12-06T02:00:00Z,17.7,2.3,100,776.0,404.9,1
2025-12-06T03:00:00Z,17.7,2.0,100,350.0,50.0,1
2025-12-06T04:00:00Z,19.5,0.2,100,428.0,107.6,1
2025-12-06T05:00:00Z,20.0,0.0,100,287.0,14.4,1
2025-12-06T06:00:00Z,18.1,0.0,100,270.0,77.9,1
2025-12-06T07:00:00Z,15.2,0.4,100,112.0,5.5,1
2025-12-06T08:00:00Z,15.1,0.0,100,101.0,24.6,1
2025-12-06T09:00:00Z,14.6,0.1,16,19.0,0.0,1
2025-12-06T10:00:00Z,13.4,0.0,46,7.0,34.0,0
2025-12-06T11:00:00Z,13.2,0.0,55,0.0,0.0,0
2025-12-06T12:00:00Z,12.8,0.0,5,0.0,0.0,0
2025-12-06T13:00:00Z,11.6,0.0,3,0.0,0.0,0
2025-12-06T14:00:00Z,10.9,0.0,5,0.0,0.0,0
2025-12-06T15:00:00Z,10.2,0.0,3,0.0,0.0,0
2025-12-06T16:00:00Z,9.8,0.0,5,0.0,0.0,0
2025-12-06T17:00:00Z,9.5,0.0,2,0.0,0.0,0
2025-12-06T18:00:00Z,8.9,0.0,1,0.0,0.0,0
2025-12-06T19:00:00Z,8.6,0.0,2,0.0,0.0,1
2025-12-06T20:00:00Z,9.2,0.0,1,70.0,341.9,1
2025-12-06T21:00:00Z,10.6,0.0,1,259.0,650.2,1
2025-12-06T22:00:00Z,12.2,0.0,0,478.0,817.6,1
2025-12-06T23:00:00Z,13.6,0.0,13,690.0,919.0,1
2025-12-07T00:00:00Z,14.8,0.0,71,861.0,960.2,1
2025-12-07T01:00:00Z,15.6,0.0,100,744.0,517.6,1
2025-12-07T02:00:00Z,15.7,0.0,62,652.0,275.5,1
2025-12-07T03:00:00Z,16.4,0.0,9,811.0,401.8,1
2025-12-07T04:00:00Z,17.0,0.0,99,879.0,648.1,1
2025-12-07T05:00:00Z,17.1,0.0,100,834.0,794.3,1
2025-12-07T06:00:00Z,17.5,0.0,91,735.0,835.2,1
2025-12-07T07:00:00Z,17.4,0.0,16,522.0,709.4,1
2025-12-07T08:00:00Z,17.5,0.0,6,330.0,690.6,1
2025-12-07T09:00:00Z,16.7,0.0,5,132.0,476.7,1
2025-12-07T10:00:00Z,15.1,0.0,100,9.0,49.9,0
2025-12-07T11:00:00Z,14.1,0.0,100,0.0,0.0,0
2025-12-07T12:00:00Z,13.3,0.0,100,0.0,0.0,0
2025-12-07T13:00:00Z,12.6,0.0,100,0.0,0.0,0
2025-12-07T14:00:00Z,12.2,0.0,100,0.0,0.0,0
2025-12-07T15:00:00Z,11.9,0.0,100,0.0,0.0,0
2025-12-07T16:00:00Z,11.1,0.0,100,0.0,0.0,0
2025-12-07T17:00:00Z,11.3,0.0,100,0.0,0.0,0
2025-12-07T18:00:00Z,11.8,0.0,100,0.0,0.0,0
2025-12-07T19:00:00Z,12.4,0.0,99,0.0,0.0,1
2025-12-07T20:00:00Z,13.4,0.0,100,59.0,162.6,1
2025-12-07T21:00:00Z,15.0,0.2,99,155.0,221.5,1
2025-12-07T22:00:00Z,16.9,0.0,100,380.0,415.4,1
2025-12-07T23:00:00Z,18.5,0.0,100,568.0,495.3,1
2025-12-08T00:00:00Z,22.1,0.5,100,612.0,400.4,1
2025-12-08T01:00:00Z,23.2,0.0,99,786.0,439.2,1
2025-12-08T02:00:00Z,24.4,0.0,99,861.0,508.8,1
2025-12-08T03:00:00Z,25.2,0.0,99,874.0,520.1,1
2025-12-08T04:00:00Z,26.1,0.0,100,896.0,618.2,1
2025-12-08T05:00:00Z,26.4,0.0,100,665.0,367.2,1
2025-12-08T06:00:00Z,27.4,0.0,100,622.0,492.0,1
2025-12-08T07:00:00Z,27.1,0.0,95,505.0,630.5,1
2025-12-08T08:00:00Z,26.4,0.0,84,304.0,502.6,1
2025-12-08T09:00:00Z,24.2,0.0,95,110.0,343.0,1
2025-12-08T10:00:00Z,22.7,0.0,96,7.0,16.3,0
2025-12-08T11:00:00Z,21.6,0.0,93,0.0,0.0,0
2025-12-08T12:00:00Z,21.2,0.0,97,0.0,0.0,0
2025-12-08T13:00:00Z,19.9,0.0,86,0.0,0.0,0
2025-12-08T14:00:00Z,18.8,0.0,100,0.0,0.0,0
2025-12-08T15:00:00Z,17.6,0.1,98,0.0,0.0,0
2025-12-08T16:00:00Z,17.1,0.8,57,0.0,0.0,0
2025-12-08T17:00:00Z,17.1,0.2,100,0.0,0.0,0
2025-12-08T18:00:00Z,17.1,0.0,100,0.0,0.0,0
2025-12-08T19:00:00Z,16.8,0.0,100,0.0,0.0,1
2025-12-08T20:00:00Z,16.2,0.0,100,33.0,34.3,1
2025-12-08T21:00:00Z,16.3,0.0,100,132.0,37.5,1
2025-12-08T22:00:00Z,16.5,0.0,100,263.0,198.5,1
2025-12-08T23:00:00Z,16.4,0.0,100,352.0,151.3,1
2025-12-09T00:00:00Z,18.1,0.0,63,482.0,226.9,1
2025-12-09T01:00:00Z,19.0,0.0,75,924.0,820.1,1
2025-12-09T02:00:00Z,19.0,0.0,12,1020.0,892.2,1
2025-12-09T03:00:00Z,18.6,0.0,2,1045.0,942.9,1
2025-12-09T04:00:00Z,19.5,0.0,0,1015.0,974.0,1
2025-12-09T05:00:00Z,19.3,0.0,0,907.0,952.9,1
2025-12-09T06:00:00Z,18.2,0.0,0,748.0,908.5,1
2025-12-09T07:00:00Z,17.8,0.0,1,557.0,843.6,1
2025-12-09T08:00:00Z,16.8,0.0,16,340.0,698.3,1
2025-12-09T09:00:00Z,15.9,0.0,5,135.0,447.7,1
2025-12-09T10:00:00Z,15.1,0.0,69,11.0,64.0,0
2025-12-09T11:00:00Z,14.4,0.0,94,0.0,0.0,0
2025-12-09T12:00:00Z,13.9,0.0,92,0.0,0.0,0
2025-12-09T13:00:00Z,13.1,0.0,95,0.0,0.0,0
2025-12-09T14:00:00Z,12.6,0.0,88,0.0,0.0,0
2025-12-09T15:00:00Z,11.6,0.0,95,0.0,0.0,0
2025-12-09T16:00:00Z,11.4,0.0,95,0.0,0.0,0
2025-12-09T17:00:00Z,11.1,0.0,98,0.0,0.0,0
2025-12-09T18:00:00Z,10.9,0.0,88,0.0,0.0,0
2025-12-09T19:00:00Z,9.9,0.0,29,0.0,0.0,1
2025-12-09T20:00:00Z,11.2,0.0,20,68.0,335.0,1
2025-12-09T21:00:00Z,12.6,0.0,99,252.0,618.7,1
2025-12-09T22:00:00Z,13.8,0.0,100,342.0,341.0,1
2025-12-09T23:00:00Z,14.1,0.0,100,271.0,35.5,1
2025-12-10T00:00:00Z,16.2,0.0,100,359.0,82.4,1
2025-12-10T01:00:00Z,16.9,0.0,100,617.0,192.7,1
2025-12-10T02:00:00Z,17.1,0.0,100,526.0,109.3,1
2025-12-10T03:00:00Z,17.2,0.0,100,464.0,48.8,1
2025-12-10T04:00:00Z,17.4,0.0,100,447.0,42.2,1
2025-12-10T05:00:00Z,17.4,0.0,100,343.0,21.5,1
2025-12-10T06:00:00Z,17.5,0.0,100,465.0,138.9,1
2025-12-10T07:00:00Z,16.9,0.0,100,351.0,162.4,1
2025-12-10T08:00:00Z,16.4,0.0,100,183.0,48.1,1
2025-12-10T09:00:00Z,15.6,0.0,100,100.0,86.3,1
2025-12-10T10:00:00Z,14.4,0.0,96,11.0,31.4,0
2025-12-10T11:00:00Z,13.6,0.0,0,0.0,0.0,0
2025-12-10T12:00:00Z,13.0,0.0,0,0.0,0.0,0
2025-12-10T13:00:00Z,12.2,0.0,0,0.0,0.0,0
2025-12-10T14:00:00Z,11.7,0.0,0,0.0,0.0,0
2025-12-10T15:00:00Z,11.1,0.0,0,0.0,0.0,0
2025-12-10T16:00:00Z,10.6,0.0,0,0.0,0.0,0
2025-12-10T17:00:00Z,10.2,0.0,0,0.0,0.0,0
2025-12-10T18:00:00Z,10.2,0.0,48,0.0,0.0,0
2025-12-10T19:00:00Z,9.8,0.0,99,0.0,0.0,1
2025-12-10T20:00:00Z,10.6,0.0,99,62.0,189.4,1
2025-12-10T21:00:00Z,12.3,0.0,100,229.0,417.8,1
2025-12-10T22:00:00Z,13.9,0.0,100,431.0,584.4,1
2025-12-10T23:00:00Z,15.3,0.0,100,646.0,753.1,1
2025-12-11T00:00:00Z,16.9,0.0,100,822.0,820.9,1
2025-12-11T01:00:00Z,18.4,0.0,100,954.0,867.5,1
2025-12-11T02:00:00Z,19.4,0.0,16,1053.0,959.2,1
2025-12-11T03:00:00Z,19.9,0.0,21,1070.0,983.4,1
2025-12-11T04:00:00Z,19.9,0.0,100,1017.0,962.4,1
2025-12-11T05:00:00Z,19.8,0.0,100,894.0,879.8,1
2025-12-11T06:00:00Z,19.5,0.0,100,707.0,716.8,1
2025-12-11T07:00:00Z,18.6,0.0,100,497.0,541.1,1
2025-12-11T08:00:00Z,17.7,0.0,100,261.0,212.4,1
2025-12-11T09:00:00Z,17.1,0.0,100,113.0,165.1,1
2025-12-11T10:00:00Z,16.9,0.0,99,10.0,0.0,0
2025-12-11T11:00:00Z,16.5,0.0,98,0.0,0.0,0
2025-12-11T12:00:00Z,15.2,0.0,100,0.0,0.0,0
2025-12-11T13:00:00Z,14.1,0.0,96,0.0,0.0,0
2025-12-11T14:00:00Z,13.4,0.0,100,0.0,0.0,0
2025-12-11T15:00:00Z,12.8,0.0,100,0.0,0.0,0
2025-12-11T16:00:00Z,12.9,0.0,98,0.0,0.0,0
2025-12-11T17:00:00Z,12.4,0.0,5,0.0,0.0,0
2025-12-11T18:00:00Z,11.8,0.0,0,0.0,0.0,0
2025-12-11T19:00:00Z,11.1,0.0,0,0.0,0.0,1
2025-12-11T20:00:00Z,12.7,0.0,0,65.0,310.8,1
2025-12-11T21:00:00Z,16.6,0.0,0,245.0,614.4,1
2025-12-11T22:00:00Z,21.6,0.0,1,455.0,776.1,1
2025-12-11T23:00:00Z,24.5,0.0,0,655.0,863.7,1
2025-12-12T00:00:00Z,26.5,0.0,4,826.0,914.1,1
2025-12-12T01:00:00Z,28.4,0.0,9,958.0,950.7,1
2025-12-12T02:00:00Z,30.0,0.0,37,1028.0,960.1,1
2025-12-12T03:00:00Z,30.5,0.0,98,902.0,721.4,1
2025-12-12T04:00:00Z,31.1,0.0,82,895.0,722.8,1
2025-12-12T05:00:00Z,31.5,0.0,39,786.0,683.6,1
2025-12-12T06:00:00Z,31.4,0.0,100,651.0,722.3,1
2025-12-12T07:00:00Z,31.5,0.0,100,484.0,534.0,1
2025-12-12T08:00:00Z,30.8,0.0,89,248.0,216.6,1
2025-12-12T09:00:00Z,29.6,0.0,21,103.0,194.9,1
2025-12-12T10:00:00Z,27.5,0.0,26,12.0,60.8,0
2025-12-12T11:00:00Z,26.0,0.0,46,0.0,0.0,0
2025-12-12T12:00:00Z,24.9,0.0,86,0.0,0.0,0
2025-12-12T13:00:00Z,23.5,0.0,28,0.0,0.0,0
2025-12-12T14:00:00Z,22.2,0.0,77,0.0,0.0,0
2025-12-12T15:00:00Z,22.0,0.0,100,0.0,0.0,0
2025-12-12T16:00:00Z,22.9,0.0,99,0.0,0.0,0
2025-12-12T17:00:00Z,23.3,0.0,99,0.0,0.0,0
2025-12-12T18:00:00Z,23.4,0.0,100,0.0,0.0,0
2025-12-12T19:00:00Z,22.8,0.0,100,0.0,0.0,1
2025-12-12T20:00:00Z,22.6,0.2,99,42.0,60.6,1
2025-12-12T21:00:00Z,22.0,0.0,100,121.0,82.6,1
2025-12-12T22:00:00Z,24.7,0.0,100,268.0,140.8,1
2025-12-12T23:00:00Z,25.7,0.0,100,377.0,97.6,1
2025-12-13T00:00:00Z,23.6,0.0,100,491.0,148.6,1
2025-12-13T01:00:00Z,23.7,0.0,100,679.0,324.1,1
2025-12-13T02:00:00Z,24.6,0.0,99,820.0,437.0,1
2025-12-13T03:00:00Z,24.4,0.0,91,792.0,427.5,1
2025-12-13T04:00:00Z,23.4,0.0,77,635.0,272.0,1
2025-12-13T05:00:00Z,22.0,0.0,100,586.0,374.0,1
2025-12-13T06:00:00Z,22.9,0.1,0,423.0,174.3,1
2025-12-13T07:00:00Z,22.6,0.1,16,528.0,739.6,1
2025-12-13T08:00:00Z,18.5,0.0,5,317.0,588.5,1
2025-12-13T09:00:00Z,16.9,0.0,43,134.0,437.7,1
2025-12-13T10:00:00Z,17.2,0.0,68,11.0,44.9,0
2025-12-13T11:00:00Z,16.2,0.0,70,0.0,0.0,0
2025-12-13T12:00:00Z,16.0,0.0,51,0.0,0.0,0
2025-12-13T13:00:00Z,15.8,0.5,100,0.0,0.0,0
2025-12-13T14:00:00Z,15.8,0.1,100,0.0,0.0,0
2025-12-13T15:00:00Z,15.9,0.2,100,0.0,0.0,0
2025-12-13T16:00:00Z,16.1,0.0,77,0.0,0.0,0
2025-12-13T17:00:00Z,15.1,0.0,21,0.0,0.0,0
2025-12-13T18:00:00Z,14.0,0.0,58,0.0,0.0,0
2025-12-13T19:00:00Z,12.9,0.0,66,0.0,0.0,1
2025-12-13T20:00:00Z,12.9,0.0,99,65.0,278.1,1
2025-12-13T21:00:00Z,14.0,0.0,91,204.0,296.7,1
2025-12-13T22:00:00Z,15.8,0.0,100,350.0,357.8,1
2025-12-13T23:00:00Z,18.0,0.0,100,472.0,296.3,1
2025-12-14T00:00:00Z,17.8,0.0,100,408.0,82.6,1
2025-12-14T01:00:00Z,19.2,0.0,100,646.0,268.1,1
2025-12-14T02:00:00Z,19.6,0.1,100,768.0,467.4,1
2025-12-14T03:00:00Z,18.8,0.0,100,530.0,140.0,1
2025-12-14T04:00:00Z,18.4,0.0,100,544.0,214.6,1
2025-12-14T05:00:00Z,17.6,0.0,100,397.0,103.2,1
2025-12-14T06:00:00Z,17.3,0.0,100,405.0,115.5,1
2025-12-14T07:00:00Z,16.5,0.0,100,399.0,318.8,1
2025-12-14T08:00:00Z,15.9,0.0,96,249.0,269.3,1
2025-12-14T09:00:00Z,14.9,0.0,99,114.0,232.0,1
2025-12-14T10:00:00Z,14.3,0.0,98,10.0,14.7,0
2025-12-14T11:00:00Z,13.6,0.0,100,0.0,0.0,0
2025-12-14T12:00:00Z,12.8,0.0,100,0.0,0.0,0
2025-12-14T13:00:00Z,12.1,0.0,100,0.0,0.0,0
2025-12-14T14:00:00Z,12.1,0.0,100,0.0,0.0,0
2025-12-14T15:00:00Z,11.9,0.0,100,0.0,0.0,0
2025-12-14T16:00:00Z,11.8,0.0,100,0.0,0.0,0
2025-12-14T17:00:00Z,11.2,0.0,100,0.0,0.0,0
2025-12-14T18:00:00Z,10.4,0.0,48,0.0,0.0,0
2025-12-14T19:00:00Z,10.1,0.0,80,0.0,0.0,1
2025-12-14T20:00:00Z,10.7,0.0,44,60.0,235.6,1
2025-12-14T21:00:00Z,12.0,0.0,99,202.0,370.4,1
2025-12-14T22:00:00Z,13.4,0.0,98,351.0,369.0,1
2025-12-14T23:00:00Z,14.2,0.0,92,427.0,225.2,1
2025-12-15T00:00:00Z,15.1,0.1,100,491.0,218.8,1
2025-12-15T01:00:00Z,15.6,0.0,100,512.0,111.1,1
2025-12-15T02:00:00Z,16.4,0.0,100,602.0,177.5,1
2025-12-15T03:00:00Z,16.2,0.0,100,756.0,340.1,1
2025-12-15T04:00:00Z,16.2,0.0,100,613.0,218.8,1
2025-12-15T05:00:00Z,15.9,0.0,100,751.0,478.4,1
2025-12-15T06:00:00Z,15.4,0.0,98,690.0,706.8,1
2025-12-15T07:00:00Z,15.4,0.0,66,471.0,555.8,1
2025-12-15T08:00:00Z,14.6,0.0,7,326.0,598.4,1
2025-12-15T09:00:00Z,14.1,0.0,30,146.0,469.6,1
2025-12-15T10:00:00Z,13.4,0.0,44,15.0,72.7,0
2025-12-15T11:00:00Z,13.4,0.0,100,0.0,0.0,0
2025-12-15T12:00:00Z,13.2,0.0,100,0.0,0.0,0
2025-12-15T13:00:00Z,13.3,0.0,100,0.0,0.0,0
2025-12-15T14:00:00Z,13.3,0.0,100,0.0,0.0,0
2025-12-15T15:00:00Z,13.3,0.0,100,0.0,0.0,0
2025-12-15T16:00:00Z,13.2,0.0,100,0.0,0.0,0
2025-12-15T17:00:00Z,13.1,0.0,100,0.0,0.0,0
2025-12-15T18:00:00Z,12.8,0.0,100,0.0,0.0,0
2025-12-15T19:00:00Z,12.6,0.0,90,0.0,0.0,1
2025-12-15T20:00:00Z,12.9,0.0,94,48.0,149.0,1
2025-12-15T21:00:00Z,14.0,0.0,100,188.0,340.4,1
2025-12-15T22:00:00Z,14.9,0.0,100,329.0,371.9,1
2025-12-15T23:00:00Z,15.5,0.0,100,447.0,278.4,1
2025-12-16T00:00:00Z,15.8,0.0,99,618.0,343.9,1
2025-12-16T01:00:00Z,17.6,0.0,100,802.0,510.9,1
2025-12-16T02:00:00Z,18.0,0.0,95,952.0,652.4,1
2025-12-16T03:00:00Z,18.6,0.0,38,1039.0,885.2,1
2025-12-16T04:00:00Z,18.7,0.0,14,1009.0,938.0,1
2025-12-16T05:00:00Z,18.6,0.0,0,909.0,927.2,1
2025-12-16T06:00:00Z,18.9,0.0,0,760.0,906.4,1
2025-12-16T07:00:00Z,19.0,0.0,0,572.0,846.3,1
2025-12-16T08:00:00Z,18.4,0.0,0,360.0,730.1,1
2025-12-16T09:00:00Z,17.5,0.0,0,154.0,515.6,1
2025-12-16T10:00:00Z,16.5,0.0,0,16.0,86.0,0
2025-12-16T11:00:00Z,15.4,0.0,0,0.0,0.0,0
2025-12-16T12:00:00Z,14.6,0.0,0,0.0,0.0,0
2025-12-16T13:00:00Z,13.6,0.0,0,0.0,0.0,0
2025-12-16T14:00:00Z,12.8,0.0,0,0.0,0.0,0
2025-12-16T15:00:00Z,12.4,0.0,0,0.0,0.0,0
2025-12-16T16:00:00Z,11.9,0.0,0,0.0,0.0,0
2025-12-16T17:00:00Z,11.1,0.0,0,0.0,0.0,0
2025-12-16T18:00:00Z,10.8,0.0,0,0.0,0.0,0
2025-12-16T19:00:00Z,10.1,0.0,0,0.0,0.0,1
2025-12-16T20:00:00Z,11.3,0.0,0,64.0,317.1,1
2025-12-16T21:00:00Z,13.6,0.0,0,248.0,638.2,1
2025-12-16T22:00:00Z,17.0,0.0,0,460.0,800.7,1
2025-12-16T23:00:00Z,21.8,0.0,0,659.0,874.0,1
2025-12-17T00:00:00Z,25.1,0.0,2,831.0,924.2,1
2025-12-17T01:00:00Z,28.1,0.0,57,962.0,954.9,1
2025-12-17T02:00:00Z,28.9,0.0,41,1034.0,963.5,1
2025-12-17T03:00:00Z,28.9,0.0,10,1048.0,963.7,1
2025-12-17T04:00:00Z,29.0,0.0,100,1001.0,952.5,1
2025-12-17T05:00:00Z,29.1,0.0,99,883.0,870.6,1
2025-12-17T06:00:00Z,29.4,0.0,100,706.0,723.5,1
2025-12-17T07:00:00Z,29.4,0.0,99,554.0,799.7,1
2025-12-17T08:00:00Z,27.0,0.0,99,341.0,636.5,1
2025-12-17T09:00:00Z,26.0,0.0,36,145.0,430.6,1
2025-12-17T10:00:00Z,25.0,0.0,6,16.0,84.9,0
2025-12-17T11:00:00Z,23.7,0.0,2,0.0,0.0,0
2025-12-17T12:00:00Z,22.5,0.0,22,0.0,0.0,0
2025-12-17T13:00:00Z,21.0,0.0,64,0.0,0.0,0
2025-12-17T14:00:00Z,19.7,0.0,41,0.0,0.0,0
2025-12-17T15:00:00Z,18.7,0.0,100,0.0,0.0,0
2025-12-17T16:00:00Z,17.6,0.0,83,0.0,0.0,0
2025-12-17T17:00:00Z,16.8,0.0,37,0.0,0.0,0
2025-12-17T18:00:00Z,16.0,0.0,19,0.0,0.0,0
2025-12-17T19:00:00Z,15.4,0.0,0,0.0,0.0,1
2025-12-17T20:00:00Z,16.5,0.0,0,64.0,327.7,1
2025-12-17T21:00:00Z,20.1,0.0,0,247.0,641.0,1
2025-12-17T22:00:00Z,26.6,0.0,0,460.0,800.6,1
2025-12-17T23:00:00Z,32.6,0.0,0,666.0,891.1,1
2025-12-18T00:00:00Z,35.8,0.0,0,846.0,948.2,1
2025-12-18T01:00:00Z,37.5,0.0,0,978.0,976.9,1
2025-12-18T02:00:00Z,38.3,0.0,0,1055.0,991.0,1
2025-12-18T03:00:00Z,38.0,0.0,0,1066.0,988.3,1
2025-12-18T04:00:00Z,29.6,0.0,27,1014.0,972.2,1
2025-12-18T05:00:00Z,30.3,0.0,55,907.0,941.5,1
2025-12-18T06:00:00Z,30.0,0.0,0,749.0,878.2,1
2025-12-18T07:00:00Z,31.8,0.0,0,569.0,843.2,1
2025-12-18T08:00:00Z,31.4,0.0,3,359.0,726.0,1
2025-12-18T09:00:00Z,30.6,0.0,95,156.0,520.9,1
2025-12-18T10:00:00Z,28.6,0.0,85,14.0,14.0,0
2025-12-18T11:00:00Z,27.8,0.0,52,0.0,0.0,0
2025-12-18T12:00:00Z,25.8,0.0,71,0.0,0.0,0
2025-12-18T13:00:00Z,23.9,0.0,100,0.0,0.0,0
2025-12-18T14:00:00Z,24.4,0.0,73,0.0,0.0,0
2025-12-18T15:00:00Z,23.5,0.0,100,0.0,0.0,0
2025-12-18T16:00:00Z,23.8,0.0,73,0.0,0.0,0
2025-12-18T17:00:00Z,23.9,0.0,100,0.0,0.0,0
2025-12-18T18:00:00Z,23.6,0.0,100,0.0,0.0,0
2025-12-18T19:00:00Z,23.8,0.0,100,0.0,0.0,1
2025-12-18T20:00:00Z,24.0,0.0,96,16.0,0.0,1
2025-12-18T21:00:00Z,25.4,0.0,100,105.0,66.9,1
2025-12-18T22:00:00Z,27.3,0.0,100,164.0,49.0,1
2025-12-18T23:00:00Z,28.1,0.0,100,210.0,39.1,1
2025-12-19T00:00:00Z,29.7,0.0,100,232.0,20.4,1
2025-12-19T01:00:00Z,29.8,0.0,100,206.0,0.0,1
2025-12-19T02:00:00Z,30.3,0.0,100,213.0,0.0,1
2025-12-19T03:00:00Z,32.6,0.0,100,481.0,99.4,1
2025-12-19T04:00:00Z,30.6,0.0,100,287.0,8.6,1
2025-12-19T05:00:00Z,31.0,0.0,100,198.0,30.6,1
2025-12-19T06:00:00Z,26.4,0.0,100,148.0,0.0,1
2025-12-19T07:00:00Z,28.0,0.0,97,158.0,33.4,1
2025-12-19T08:00:00Z,25.5,0.0,92,125.0,33.2,1
2025-12-19T09:00:00Z,26.6,0.0,100,95.0,142.6,1
2025-12-19T10:00:00Z,26.5,0.3,100,6.0,0.0,0
2025-12-19T11:00:00Z,24.8,0.3,95,0.0,0.0,0
2025-12-19T12:00:00Z,23.0,0.1,87,0.0,0.0,0
2025-12-19T13:00:00Z,23.6,0.1,42,0.0,0.0,0
2025-12-19T14:00:00Z,19.0,0.0,70,0.0,0.0,0
2025-12-19T15:00:00Z,17.4,0.0,50,0.0,0.0,0
2025-12-19T16:00:00Z,16.5,0.0,55,0.0,0.0,0
2025-12-19T17:00:00Z,16.1,0.0,45,0.0,0.0,0
2025-12-19T18:00:00Z,15.9,0.0,98,0.0,0.0,0
2025-12-19T19:00:00Z,16.2,0.0,100,0.0,0.0,1
2025-12-19T20:00:00Z,15.9,0.0,100,17.0,0.0,1
2025-12-19T21:00:00Z,15.6,0.0,100,51.0,10.6,1
2025-12-19T22:00:00Z,16.0,0.0,100,116.0,12.8,1
2025-12-19T23:00:00Z,16.8,0.0,100,197.0,9.4,1
2025-12-20T00:00:00Z,16.2,0.0,100,293.0,37.1,1
2025-12-20T01:00:00Z,16.8,0.0,100,351.0,55.2,1
2025-12-20T02:00:00Z,17.8,0.0,100,550.0,147.2,1
2025-12-20T03:00:00Z,18.2,0.0,15,652.0,185.4,1
2025-12-20T04:00:00Z,19.6,0.0,0,885.0,643.4,1
2025-12-20T05:00:00Z,19.6,0.0,0,823.0,688.6,1
2025-12-20T06:00:00Z,19.2,0.0,0,759.0,883.3,1
2025-12-20T07:00:00Z,18.9,0.0,0,574.0,838.6,1
2025-12-20T08:00:00Z,17.5,0.0,0,364.0,724.8,1
2025-12-20T09:00:00Z,16.8,0.0,20,159.0,516.9,1
2025-12-20T10:00:00Z,15.9,0.0,46,18.0,95.5,0
2025-12-20T11:00:00Z,15.5,0.0,62,0.0,0.0,0
2025-12-20T12:00:00Z,14.9,0.0,66,0.0,0.0,0
2025-12-20T13:00:00Z,14.1,0.0,28,0.0,0.0,0
2025-12-20T14:00:00Z,13.7,0.0,53,0.0,0.0,0
2025-12-20T15:00:00Z,13.4,0.0,59,0.0,0.0,0
2025-12-20T16:00:00Z,13.0,0.0,56,0.0,0.0,0
2025-12-20T17:00:00Z,12.6,0.0,34,0.0,0.0,0
2025-12-20T18:00:00Z,12.8,0.0,100,0.0,0.0,0
2025-12-20T19:00:00Z,12.6,0.0,100,0.0,0.0,1
2025-12-20T20:00:00Z,12.8,0.0,100,13.0,0.0,1
2025-12-20T21:00:00Z,13.3,0.0,100,110.0,71.1,1
2025-12-20T22:00:00Z,14.8,0.0,100,268.0,197.1,1
2025-12-20T23:00:00Z,16.3,3.4,100,429.0,285.7,1
2025-12-21T00:00:00Z,17.7,0.1,100,186.0,0.0,1
2025-12-21T01:00:00Z,17.4,1.8,100,76.0,0.0,1
2025-12-21T02:00:00Z,17.1,2.6,100,139.0,0.0,1
2025-12-21T03:00:00Z,16.5,3.0,100,90.0,0.0,1
2025-12-21T04:00:00Z,15.9,3.7,100,100.0,0.0,1
2025-12-21T05:00:00Z,16.8,0.3,100,210.0,24.7,1
2025-12-21T06:00:00Z,15.8,1.3,100,114.0,0.0,1
2025-12-21T07:00:00Z,15.4,0.3,100,182.0,29.7,1
2025-12-21T08:00:00Z,14.9,0.7,100,48.0,2.5,1
2025-12-21T09:00:00Z,14.9,0.1,100,46.0,4.8,1
2025-12-21T10:00:00Z,14.7,0.1,100,6.0,0.0,0
2025-12-21T11:00:00Z,14.4,0.3,100,0.0,0.0,0
2025-12-21T12:00:00Z,13.9,0.2,100,0.0,0.0,0
2025-12-21T13:00:00Z,13.2,0.1,85,0.0,0.0,0
2025-12-21T14:00:00Z,12.6,0.0,48,0.0,0.0,0
2025-12-21T15:00:00Z,12.1,0.0,91,0.0,0.0,0
2025-12-21T16:00:00Z,12.0,0.0,98,0.0,0.0,0
2025-12-21T17:00:00Z,12.0,0.0,50,0.0,0.0,0
2025-12-21T18:00:00Z,11.3,0.0,68,0.0,0.0,0
2025-12-21T19:00:00Z,11.2,0.0,75,0.0,0.0,1
2025-12-21T20:00:00Z,11.7,0.0,98,32.0,81.8,1
2025-12-21T21:00:00Z,12.3,0.0,97,98.0,32.2,1
2025-12-21T22:00:00Z,13.1,0.0,92,223.0,118.2,1
2025-12-21T23:00:00Z,13.7,0.1,89,317.0,127.4,1
2025-12-22T00:00:00Z,14.6,0.2,91,550.0,318.1,1
2025-12-22T01:00:00Z,15.4,0.0,99,468.0,126.3,1
2025-12-22T02:00:00Z,16.6,0.0,99,681.0,265.1,1
2025-12-22T03:00:00Z,17.5,0.0,98,626.0,195.7,1
2025-12-22T04:00:00Z,18.7,0.0,97,660.0,241.4,1
2025-12-22T05:00:00Z,19.4,0.0,98,644.0,284.3,1
2025-12-22T06:00:00Z,19.3,0.0,98,525.0,220.8,1
2025-12-22T07:00:00Z,19.1,0.0,100,400.0,261.3,1
2025-12-22T08:00:00Z,17.5,0.0,53,251.0,219.5,1
2025-12-22T09:00:00Z,15.9,0.0,59,120.0,220.8,1
2025-12-22T10:00:00Z,15.2,0.0,5,15.0,40.1,0
2025-12-22T11:00:00Z,14.4,0.0,5,0.0,0.0,0
2025-12-22T12:00:00Z,14.1,0.0,5,0.0,0.0,0
2025-12-22T13:00:00Z,13.5,0.0,35,0.0,0.0,0
2025-12-22T14:00:00Z,13.3,0.0,20,0.0,0.0,0
2025-12-22T15:00:00Z,13.2,0.0,1,0.0,0.0,0
2025-12-22T16:00:00Z,12.9,0.0,11,0.0,0.0,0
2025-12-22T17:00:00Z,12.8,0.0,62,0.0,0.0,0
2025-12-22T18:00:00Z,12.9,0.0,100,0.0,0.0,0
2025-12-22T19:00:00Z,12.9,0.0,100,0.0,0.0,1
2025-12-22T20:00:00Z,13.0,0.0,42,31.0,82.4,1
2025-12-22T21:00:00Z,13.4,0.0,16,219.0,500.2,1
2025-12-22T22:00:00Z,14.4,0.0,17,429.0,696.7,1
2025-12-22T23:00:00Z,15.7,0.0,51,621.0,767.7,1
2025-12-23T00:00:00Z,16.4,0.0,93,712.0,620.5,1
2025-12-23T01:00:00Z,17.0,0.0,100,626.0,239.2,1
2025-12-23T02:00:00Z,17.8,0.1,100,708.0,303.1,1
2025-12-23T03:00:00Z,19.0,0.0,41,805.0,409.0,1
2025-12-23T04:00:00Z,20.2,0.0,15,956.0,794.7,1
2025-12-23T05:00:00Z,19.4,0.0,61,834.0,691.2,1
2025-12-23T06:00:00Z,18.6,0.0,6,694.0,670.9,1
2025-12-23T07:00:00Z,16.3,0.0,3,575.0,825.4,1
2025-12-23T08:00:00Z,15.6,0.0,2,365.0,706.2,1
2025-12-23T09:00:00Z,15.2,0.0,2,161.0,495.6,1
2025-12-23T10:00:00Z,14.5,0.0,5,19.0,105.8,0
2025-12-23T11:00:00Z,14.6,0.0,23,0.0,0.0,0
2025-12-23T12:00:00Z,13.9,0.0,28,0.0,0.0,0
2025-12-23T13:00:00Z,13.7,0.0,53,0.0,0.0,0
2025-12-23T14:00:00Z,13.2,0.0,35,0.0,0.0,0
2025-12-23T15:00:00Z,12.6,0.0,9,0.0,0.0,0
2025-12-23T16:00:00Z,12.0,0.0,1,0.0,0.0,0
2025-12-23T17:00:00Z,11.4,0.0,8,0.0,0.0,0
2025-12-23T18:00:00Z,11.4,0.0,2,0.0,0.0,0
2025-12-23T19:00:00Z,11.2,0.0,10,0.0,0.0,1
2025-12-23T20:00:00Z,11.9,0.0,9,55.0,258.5,1
2025-12-23T21:00:00Z,13.6,0.0,24,221.0,521.5,1
2025-12-23T22:00:00Z,15.2,0.0,86,410.0,629.9,1
2025-12-23T23:00:00Z,16.3,0.0,100,407.0,251.2,1
2025-12-24T00:00:00Z,16.1,0.0,100,503.0,222.6,1
2025-12-24T01:00:00Z,17.7,0.0,100,585.0,219.1,1
2025-12-24T02:00:00Z,18.5,0.0,98,589.0,148.5,1
2025-12-24T03:00:00Z,19.5,0.0,97,682.0,212.2,1
2025-12-24T04:00:00Z,19.9,0.0,98,714.0,303.4,1
2025-12-24T05:00:00Z,19.2,0.0,38,640.0,324.8,1
2025-12-24T06:00:00Z,18.6,0.0,60,615.0,538.6,1
2025-12-24T07:00:00Z,17.5,0.0,88,403.0,391.8,1
2025-12-24T08:00:00Z,16.8,0.0,100,258.0,260.4,1
2025-12-24T09:00:00Z,15.4,0.0,63,111.0,146.7,1
2025-12-24T10:00:00Z,14.2,0.0,79,14.0,39.3,0
2025-12-24T11:00:00Z,13.8,0.0,98,0.0,0.0,0
2025-12-24T12:00:00Z,13.7,0.0,88,0.0,0.0,0
2025-12-24T13:00:00Z,12.9,0.0,63,0.0,0.0,0
2025-12-24T14:00:00Z,12.2,0.0,91,0.0,0.0,0
2025-12-24T15:00:00Z,11.9,0.0,90,0.0,0.0,0
2025-12-24T16:00:00Z,11.9,0.0,100,0.0,0.0,0
2025-12-24T17:00:00Z,11.8,0.0,90,0.0,0.0,0
2025-12-24T18:00:00Z,11.6,0.0,99,0.0,0.0,0
2025-12-24T19:00:00Z,11.6,0.0,100,0.0,0.0,1
2025-12-24T20:00:00Z,12.1,0.0,100,18.0,0.0,1
2025-12-24T21:00:00Z,12.6,0.0,92,85.0,40.1,1
2025-12-24T22:00:00Z,13.2,0.0,100,213.0,80.4,1
2025-12-24T23:00:00Z,13.4,0.0,99,237.0,41.2,1
2025-12-25T00:00:00Z,14.6,0.1,77,428.0,166.2,1
2025-12-25T01:00:00Z,15.3,0.1,100,728.0,480.5,1
2025-12-25T02:00:00Z,15.5,0.0,78,840.0,538.4,1
2025-12-25T03:00:00Z,15.6,0.0,63,666.0,241.2,1
2025-12-25T04:00:00Z,15.7,0.0,20,768.0,437.2,1
2025-12-25T05:00:00Z,16.0,0.0,52,879.0,809.4,1
2025-12-25T06:00:00Z,15.1,0.0,91,710.0,746.7,1
2025-12-25T07:00:00Z,14.8,0.0,30,436.0,453.3,1
2025-12-25T08:00:00Z,14.3,0.0,9,319.0,486.6,1
2025-12-25T09:00:00Z,13.6,0.0,52,151.0,413.8,1
2025-12-25T10:00:00Z,13.1,0.0,100,16.0,51.9,0
2025-12-25T11:00:00Z,13.1,0.0,100,0.0,0.0,0
2025-12-25T12:00:00Z,12.8,0.0,93,0.0,0.0,0
2025-12-25T13:00:00Z,12.6,0.0,100,0.0,0.0,0
2025-12-25T14:00:00Z,12.6,0.0,100,0.0,0.0,0
2025-12-25T15:00:00Z,12.6,0.0,98,0.0,0.0,0
2025-12-25T16:00:00Z,12.5,0.0,92,0.0,0.0,0
2025-12-25T17:00:00Z,12.3,0.0,90,0.0,0.0,0
2025-12-25T18:00:00Z,11.9,0.0,100,0.0,0.0,0
2025-12-25T19:00:00Z,12.0,0.0,94,0.0,0.0,1
2025-12-25T20:00:00Z,12.1,0.0,100,23.0,37.6,1
2025-12-25T21:00:00Z,12.4,0.0,100,77.0,0.0,1
2025-12-25T22:00:00Z,12.8,0.1,94,176.0,43.6,1
2025-12-25T23:00:00Z,13.2,0.0,100,289.0,122.3,1
2025-12-26T00:00:00Z,13.9,0.0,100,291.0,36.1,1
2025-12-26T01:00:00Z,13.8,0.0,98,455.0,89.4,1
2025-12-26T02:00:00Z,15.0,0.3,54,707.0,391.1,1
2025-12-26T03:00:00Z,15.6,0.1,43,851.0,595.4,1
2025-12-26T04:00:00Z,15.9,0.0,65,880.0,682.3,1
2025-12-26T05:00:00Z,15.7,0.0,79,750.0,570.0,1
2025-12-26T06:00:00Z,15.5,0.0,55,682.0,639.4,1
2025-12-26T07:00:00Z,15.4,0.0,15,571.0,770.0,1
2025-12-26T08:00:00Z,14.7,0.0,70,362.0,644.3,1
2025-12-26T09:00:00Z,13.9,0.0,86,150.0,388.0,1
2025-12-26T10:00:00Z,13.3,0.0,77,17.0,51.5,0
2025-12-26T11:00:00Z,13.2,0.0,100,0.0,0.0,0
2025-12-26T12:00:00Z,12.8,0.0,95,0.0,0.0,0
2025-12-26T13:00:00Z,12.7,0.0,100,0.0,0.0,0
2025-12-26T14:00:00Z,12.4,0.0,100,0.0,0.0,0
2025-12-26T15:00:00Z,12.4,0.0,100,0.0,0.0,0
2025-12-26T16:00:00Z,12.5,0.0,100,0.0,0.0,0
2025-12-26T17:00:00Z,12.4,0.0,77,0.0,0.0,0
2025-12-26T18:00:00Z,12.3,0.0,59,0.0,0.0,0
2025-12-26T19:00:00Z,11.6,0.0,46,0.0,0.0,1
2025-12-26T20:00:00Z,11.7,0.0,35,49.0,208.5,1
2025-12-26T21:00:00Z,12.9,0.0,25,206.0,447.3,1
2025-12-26T22:00:00Z,14.0,0.0,20,401.0,608.8,1
2025-12-26T23:00:00Z,15.1,0.0,7,611.0,732.3,1
2025-12-27T00:00:00Z,16.5,0.0,0,820.0,906.3,1
2025-12-27T01:00:00Z,18.0,0.0,0,962.0,956.2,1
2025-12-27T02:00:00Z,18.9,0.0,1,1043.0,973.5,1
2025-12-27T03:00:00Z,19.5,0.0,1,1064.0,978.6,1
2025-12-27T04:00:00Z,20.0,0.0,2,1020.0,963.7,1
2025-12-27T05:00:00Z,19.8,0.0,0,916.0,932.2,1
2025-12-27T06:00:00Z,19.5,0.0,0,765.0,887.8,1
2025-12-27T07:00:00Z,19.2,0.0,0,581.0,830.6,1
2025-12-27T08:00:00Z,19.0,0.0,0,371.0,714.3,1
2025-12-27T09:00:00Z,18.2,0.0,0,166.0,506.7,1
2025-12-27T10:00:00Z,17.0,0.0,0,21.0,115.1,0
2025-12-27T11:00:00Z,16.3,0.0,0,0.0,0.0,0
2025-12-27T12:00:00Z,15.6,0.0,0,0.0,0.0,0
2025-12-27T13:00:00Z,14.9,0.0,0,0.0,0.0,0
2025-12-27T14:00:00Z,14.1,0.0,14,0.0,0.0,0
2025-12-27T15:00:00Z,13.1,0.0,27,0.0,0.0,0
2025-12-27T16:00:00Z,12.2,0.0,8,0.0,0.0,0
2025-12-27T17:00:00Z,11.6,0.0,3,0.0,0.0,0
2025-12-27T18:00:00Z,11.2,0.0,0,0.0,0.0,0
2025-12-27T19:00:00Z,10.3,0.0,0,0.0,0.0,1
2025-12-27T20:00:00Z,11.1,0.0,0,51.0,258.3,1
2025-12-27T21:00:00Z,12.9,0.0,0,227.0,603.3,1
2025-12-27T22:00:00Z,15.8,0.0,0,440.0,776.2,1
2025-12-27T23:00:00Z,18.5,0.0,0,647.0,873.0,1
2025-12-28T00:00:00Z,21.2,0.0,0,828.0,931.2,1
2025-12-28T01:00:00Z,24.0,0.0,0,965.0,964.1,1
2025-12-28T02:00:00Z,25.6,0.0,0,1048.0,982.5,1
2025-12-28T03:00:00Z,27.0,0.0,0,1072.0,988.1,1
2025-12-28T04:00:00Z,28.0,0.0,0,1034.0,982.7,1
2025-12-28T05:00:00Z,28.5,0.0,0,935.0,963.1,1
2025-12-28T06:00:00Z,28.6,0.0,0,785.0,924.8,1
2025-12-28T07:00:00Z,28.2,0.0,0,594.0,858.3,1
2025-12-28T08:00:00Z,27.1,0.0,0,381.0,744.5,1
2025-12-28T09:00:00Z,26.0,0.0,0,171.0,536.5,1
2025-12-28T10:00:00Z,24.1,0.0,0,23.0,127.0,0
2025-12-28T11:00:00Z,22.5,0.0,0,0.0,0.0,0
2025-12-28T12:00:00Z,20.4,0.0,0,0.0,0.0,0
2025-12-28T13:00:00Z,19.0,0.0,0,0.0,0.0,0
2025-12-28T14:00:00Z,17.5,0.0,0,0.0,0.0,0
2025-12-28T15:00:00Z,16.4,0.0,0,0.0,0.0,0
2025-12-28T16:00:00Z,15.6,0.0,0,0.0,0.0,0
2025-12-28T17:00:00Z,15.1,0.0,0,0.0,0.0,0
2025-12-28T18:00:00Z,14.2,0.0,0,0.0,0.0,0
2025-12-28T19:00:00Z,13.1,0.0,97,0.0,0.0,1
2025-12-28T20:00:00Z,13.7,0.0,13,49.0,241.5,1
2025-12-28T21:00:00Z,16.1,0.0,0,218.0,562.9,1
2025-12-28T22:00:00Z,19.8,0.0,7,431.0,761.8,1
2025-12-28T23:00:00Z,24.6,0.0,30,637.0,861.0,1
2025-12-29T00:00:00Z,27.5,0.0,67,815.0,910.7,1
2025-12-29T01:00:00Z,30.8,0.0,77,945.0,926.6,1
2025-12-29T02:00:00Z,32.3,0.0,13,1032.0,955.6,1
2025-12-29T03:00:00Z,33.5,0.0,0,1059.0,975.8,1
2025-12-29T04:00:00Z,33.8,0.0,0,1022.0,970.8,1
2025-12-29T05:00:00Z,33.8,0.0,3,922.0,946.1,1
2025-12-29T06:00:00Z,33.8,0.0,2,752.0,861.3,1
2025-12-29T07:00:00Z,33.9,0.0,0,581.0,832.9,1
2025-12-29T08:00:00Z,33.0,0.0,0,374.0,727.8,1
2025-12-29T09:00:00Z,31.4,0.0,3,168.0,524.9,1
2025-12-29T10:00:00Z,29.5,0.0,76,22.0,126.3,0
2025-12-29T11:00:00Z,28.0,0.0,0,0.0,0.0,0
2025-12-29T12:00:00Z,26.5,0.0,0,0.0,0.0,0
2025-12-29T13:00:00Z,24.9,0.0,100,0.0,0.0,0
2025-12-29T14:00:00Z,23.7,0.0,100,0.0,0.0,0
2025-12-29T15:00:00Z,22.5,0.0,100,0.0,0.0,0
2025-12-29T16:00:00Z,21.9,0.0,100,0.0,0.0,0
2025-12-29T17:00:00Z,21.4,0.0,100,0.0,0.0,0
2025-12-29T18:00:00Z,21.4,0.0,100,0.0,0.0,0
2025-12-29T19:00:00Z,20.5,0.0,63,0.0,0.0,0
2025-12-29T20:00:00Z,20.9,0.0,98,46.0,214.7,1
2025-12-29T21:00:00Z,23.4,0.0,99,192.0,363.1,1
2025-12-29T22:00:00Z,27.3,0.0,100,347.0,381.4,1
2025-12-29T23:00:00Z,30.4,0.0,100,499.0,380.3,1
2025-12-30T00:00:00Z,32.3,0.0,100,572.0,288.5,1
2025-12-30T01:00:00Z,33.7,0.0,100,727.0,378.6,1
2025-12-30T02:00:00Z,31.5,0.0,100,679.0,250.4,1
2025-12-30T03:00:00Z,24.8,0.0,100,460.0,82.9,1
2025-12-30T04:00:00Z,20.8,0.0,98,548.0,154.1,1
2025-12-30T05:00:00Z,20.0,0.0,95,658.0,351.4,1
2025-12-30T06:00:00Z,18.6,0.0,100,449.0,150.6,1
2025-12-30T07:00:00Z,18.0,0.0,100,238.0,56.6,1
2025-12-30T08:00:00Z,17.4,0.0,100,186.0,49.2,1
2025-12-30T09:00:00Z,16.8,0.1,100,70.0,9.2,1
2025-12-30T10:00:00Z,16.6,0.1,100,7.0,0.0,0
2025-12-30T11:00:00Z,16.5,0.4,100,0.0,0.0,0
2025-12-30T12:00:00Z,15.8,0.2,100,0.0,0.0,0
2025-12-30T13:00:00Z,15.0,0.3,100,0.0,0.0,0
2025-12-30T14:00:00Z,14.6,0.0,100,0.0,0.0,0
2025-12-30T15:00:00Z,14.3,0.0,100,0.0,0.0,0
2025-12-30T16:00:00Z,14.1,0.1,100,0.0,0.0,0
2025-12-30T17:00:00Z,13.9,0.0,95,0.0,0.0,0
2025-12-30T18:00:00Z,13.9,0.0,89,0.0,0.0,0
2025-12-30T19:00:00Z,13.6,0.0,100,0.0,0.0,0
2025-12-30T20:00:00Z,13.7,0.0,98,33.0,108.5,1
2025-12-30T21:00:00Z,14.1,0.0,87,141.0,152.5,1
2025-12-30T22:00:00Z,14.9,0.0,62,349.0,432.1,1
2025-12-30T23:00:00Z,15.4,0.0,98,538.0,545.5,1
2025-12-31T00:00:00Z,15.9,0.0,91,665.0,477.9,1
2025-12-31T01:00:00Z,16.3,0.0,61,739.0,437.1,1
2025-12-31T02:00:00Z,17.2,0.0,83,961.0,689.4,1
2025-12-31T03:00:00Z,17.3,0.0,95,949.0,639.5,1
2025-12-31T04:00:00Z,17.1,0.0,100,801.0,489.0,1
2025-12-31T05:00:00Z,17.1,0.0,100,806.0,585.7,1
2025-12-31T06:00:00Z,16.8,0.0,100,678.0,539.7,1
2025-12-31T07:00:00Z,16.3,0.0,100,451.0,390.4,1
2025-12-31T08:00:00Z,15.4,0.1,100,179.0,95.8,1
2025-12-31T09:00:00Z,15.0,0.0,100,88.0,59.4,1
2025-12-31T10:00:00Z,15.1,0.0,100,9.0,0.0,0
2025-12-31T11:00:00Z,14.9,0.0,100,0.0,0.0,0
2025-12-31T12:00:00Z,14.8,0.0,100,0.0,0.0,0
2025-12-31T13:00:00Z,14.8,0.0,100,0.0,0.0,0
2025-12-31T14:00:00Z,14.6,0.0,99,0.0,0.0,0
2025-12-31T15:00:00Z,14.4,0.0,52,0.0,0.0,0
2025-12-31T16:00:00Z,14.1,0.0,34,0.0,0.0,0
2025-12-31T17:00:00Z,14.0,0.0,25,0.0,0.0,0
2025-12-31T18:00:00Z,13.8,0.0,18,0.0,0.0,0
2025-12-31T19:00:00Z,13.6,0.0,13,0.0,0.0,0
2025-12-31T20:00:00Z,14.0,0.0,12,41.0,179.4,1
2025-12-31T21:00:00Z,15.1,0.0,33,193.0,422.9,1
2025-12-31T22:00:00Z,16.2,0.0,47,364.0,498.9,1
2025-12-31T23:00:00Z,17.6,0.0,23,556.0,629.3,1
2026-01-01T00:00:00Z,19.3,0.0,38,769.0,803.6,1
2026-01-01T01:00:00Z,20.0,0.0,15,893.0,797.7,1
2026-01-01T02:00:00Z,20.1,0.0,49,993.0,856.0,1
2026-01-01T03:00:00Z,18.9,0.0,9,999.0,841.8,1
2026-01-01T04:00:00Z,18.8,0.0,2,965.0,843.1,1
2026-01-01T05:00:00Z,18.7,0.0,2,882.0,847.9,1
2026-01-01T06:00:00Z,18.5,0.0,5,760.0,871.2,1
2026-01-01T07:00:00Z,18.1,0.0,5,572.0,790.1,1
2026-01-01T08:00:00Z,18.0,0.0,2,364.0,662.0,1
2026-01-01T09:00:00Z,17.5,0.0,0,166.0,482.9,1
2026-01-01T10:00:00Z,16.7,0.0,0,22.0,112.1,0
2026-01-01T11:00:00Z,16.0,0.0,0,0.0,0.0,0
2026-01-01T12:00:00Z,15.6,0.0,2,0.0,0.0,0
2026-01-01T13:00:00Z,15.1,0.0,9,0.0,0.0,0
2026-01-01T14:00:00Z,14.9,0.0,25,0.0,0.0,0
2026-01-01T15:00:00Z,14.6,0.0,98,0.0,0.0,0
2026-01-01T16:00:00Z,14.4,0.0,95,0.0,0.0,0
2026-01-01T17:00:00Z,14.0,0.0,6,0.0,0.0,0
2026-01-01T18:00:00Z,13.5,0.0,2,0.0,0.0,0
2026-01-01T19:00:00Z,12.4,0.0,0,0.0,0.0,0
2026-01-01T20:00:00Z,12.4,0.0,40,45.0,231.7,1
2026-01-01T21:00:00Z,13.8,0.0,100,217.0,573.9,1
2026-01-01T22:00:00Z,15.1,0.0,100,413.0,681.0,1
2026-01-01T23:00:00Z,16.7,0.0,100,603.0,731.5,1
2026-01-02T00:00:00Z,18.0,0.0,100,786.0,818.2,1
2026-01-02T01:00:00Z,20.0,0.0,100,931.0,877.4,1
2026-01-02T02:00:00Z,21.6,0.0,99,1015.0,902.2,1
2026-01-02T03:00:00Z,23.1,0.0,100,1034.0,879.5,1
2026-01-02T04:00:00Z,24.4,0.0,100,998.0,865.6,1
2026-01-02T05:00:00Z,25.0,0.0,100,889.0,802.2,1
2026-01-02T06:00:00Z,25.0,0.0,100,730.0,720.4,1
2026-01-02T07:00:00Z,25.2,0.0,89,560.0,693.6,1
2026-01-02T08:00:00Z,24.8,0.0,100,366.0,648.8,1
2026-01-02T09:00:00Z,23.4,0.0,99,162.0,422.6,1
2026-01-02T10:00:00Z,22.0,0.0,100,22.0,86.9,0
2026-01-02T11:00:00Z,21.5,0.0,87,0.0,0.0,0
2026-01-02T12:00:00Z,21.0,0.0,100,0.0,0.0,0
2026-01-02T13:00:00Z,19.7,0.0,98,0.0,0.0,0
2026-01-02T14:00:00Z,18.8,0.0,5,0.0,0.0,0
2026-01-02T15:00:00Z,18.0,0.0,1,0.0,0.0,0
2026-01-02T16:00:00Z,16.9,0.0,0,0.0,0.0,0
2026-01-02T17:00:00Z,16.2,0.0,1,0.0,0.0,0
2026-01-02T18:00:00Z,15.2,0.0,95,0.0,0.0,0
2026-01-02T19:00:00Z,14.3,0.0,5,0.0,0.0,0
2026-01-02T20:00:00Z,15.5,0.0,57,40.0,203.8,1
2026-01-02T21:00:00Z,18.0,0.0,99,198.0,500.7,1
2026-01-02T22:00:00Z,23.2,0.0,100,390.0,623.2,1
2026-01-02T23:00:00Z,27.0,0.0,100,591.0,732.0,1
2026-01-03T00:00:00Z,28.9,0.0,100,720.0,629.9,1
2026-01-03T01:00:00Z,30.9,0.0,100,755.0,429.6,1
2026-01-03T02:00:00Z,31.6,0.0,100,742.0,355.0,1
2026-01-03T03:00:00Z,31.9,0.0,100,695.0,223.1,1
2026-01-03T04:00:00Z,32.2,0.0,100,699.0,300.7,1
2026-01-03T05:00:00Z,29.0,0.1,100,568.0,208.6,1
2026-01-03T06:00:00Z,21.2,0.9,100,388.0,116.4,1
2026-01-03T07:00:00Z,20.3,0.0,100,243.0,32.4,1
2026-01-03T08:00:00Z,19.7,0.0,100,150.0,17.1,1
2026-01-03T09:00:00Z,18.5,0.0,100,62.0,0.0,1
2026-01-03T10:00:00Z,18.0,0.0,100,14.0,0.0,0
2026-01-03T11:00:00Z,17.5,0.0,100,0.0,0.0,0
2026-01-03T12:00:00Z,17.2,0.0,100,0.0,0.0,0
2026-01-03T13:00:00Z,17.1,0.0,100,0.0,0.0,0
2026-01-03T14:00:00Z,17.0,0.0,100,0.0,0.0,0
2026-01-03T15:00:00Z,16.9,0.1,100,0.0,0.0,0
2026-01-03T16:00:00Z,17.0,0.1,100,0.0,0.0,0
2026-01-03T17:00:00Z,16.6,0.1,100,0.0,0.0,0
2026-01-03T18:00:00Z,16.5,0.1,100,0.0,0.0,0
2026-01-03T19:00:00Z,16.6,0.1,100,0.0,0.0,0
2026-01-03T20:00:00Z,16.6,0.1,100,22.0,20.6,1
2026-01-03T21:00:00Z,17.0,0.1,98,89.0,43.4,1
2026-01-03T22:00:00Z,17.2,0.1,95,181.0,40.8,1
2026-01-03T23:00:00Z,17.9,0.2,93,367.0,175.8,1
2026-01-04T00:00:00Z,19.5,0.1,98,595.0,377.9,1
2026-01-04T01:00:00Z,19.6,0.1,53,732.0,441.6,1
2026-01-04T02:00:00Z,19.7,0.0,88,813.0,457.1,1
2026-01-04T03:00:00Z,19.5,0.0,58,736.0,348.8,1
2026-01-04T04:00:00Z,19.7,0.0,93,813.0,388.4,1
2026-01-04T05:00:00Z,19.9,0.0,9,861.0,735.4,1
2026-01-04T06:00:00Z,19.5,0.0,8,755.0,838.6,1
2026-01-04T07:00:00Z,18.8,0.0,0,574.0,789.7,1
2026-01-04T08:00:00Z,18.0,0.0,0,377.0,713.1,1
2026-01-04T09:00:00Z,17.0,0.0,0,171.0,507.1,1
2026-01-04T10:00:00Z,16.1,0.0,8,23.0,123.6,0
2026-01-04T11:00:00Z,16.0,0.0,16,0.0,0.0,0
2026-01-04T12:00:00Z,16.0,0.0,38,0.0,0.0,0
2026-01-04T13:00:00Z,15.3,0.0,90,0.0,0.0,0
2026-01-04T14:00:00Z,14.9,0.0,23,0.0,0.0,0
2026-01-04T15:00:00Z,14.6,0.0,21,0.0,0.0,0
2026-01-04T16:00:00Z,14.5,0.0,67,0.0,0.0,0
2026-01-04T17:00:00Z,14.4,0.0,99,0.0,0.0,0
2026-01-04T18:00:00Z,14.4,0.0,100,0.0,0.0,0
2026-01-04T19:00:00Z,14.1,0.0,71,0.0,0.0,0
2026-01-04T20:00:00Z,14.1,0.0,31,32.0,114.9,1
2026-01-04T21:00:00Z,15.3,0.0,38,189.0,442.4,1
2026-01-04T22:00:00Z,16.5,0.0,19,384.0,602.1,1
2026-01-04T23:00:00Z,17.4,0.0,8,596.0,741.5,1
2026-01-05T00:00:00Z,18.5,0.0,1,798.0,874.5,1
2026-01-05T01:00:00Z,19.5,0.0,0,953.0,956.5,1
2026-01-05T02:00:00Z,20.4,0.0,0,1040.0,974.5,1
2026-01-05T03:00:00Z,21.0,0.0,0,1066.0,980.3,1
2026-01-05T04:00:00Z,21.0,0.0,0,1027.0,969.6,1
2026-01-05T05:00:00Z,20.8,0.0,0,930.0,947.3,1
2026-01-05T06:00:00Z,20.6,0.0,0,783.0,909.9,1
2026-01-05T07:00:00Z,19.8,0.0,0,594.0,843.7,1
2026-01-05T08:00:00Z,18.8,0.0,0,381.0,727.0,1
2026-01-05T09:00:00Z,18.0,0.0,10,172.0,515.5,1
2026-01-05T10:00:00Z,17.6,0.0,67,23.0,123.4,0
2026-01-05T11:00:00Z,17.5,0.0,99,0.0,0.0,0
2026-01-05T12:00:00Z,16.9,0.0,99,0.0,0.0,0
2026-01-05T13:00:00Z,16.0,0.0,50,0.0,0.0,0
2026-01-05T14:00:00Z,15.4,0.0,49,0.0,0.0,0
2026-01-05T15:00:00Z,15.1,0.0,23,0.0,0.0,0
2026-01-05T16:00:00Z,14.4,0.0,22,0.0,0.0,0
2026-01-05T17:00:00Z,14.2,0.0,27,0.0,0.0,0
2026-01-05T18:00:00Z,14.1,0.0,69,0.0,0.0,0
2026-01-05T19:00:00Z,13.4,0.0,69,0.0,0.0,0
2026-01-05T20:00:00Z,13.9,0.0,73,33.0,148.1,1
2026-01-05T21:00:00Z,15.4,0.0,48,190.0,495.1,1
2026-01-05T22:00:00Z,17.5,0.0,70,387.0,653.4,1
2026-01-05T23:00:00Z,19.8,0.0,0,601.0,812.7,1
2026-01-06T00:00:00Z,22.2,0.0,0,782.0,882.9,1
2026-01-06T01:00:00Z,24.2,0.0,37,919.0,918.9,1
2026-01-06T02:00:00Z,25.8,0.0,6,1004.0,935.1,1
2026-01-06T03:00:00Z,26.9,0.0,89,1031.0,945.5,1
2026-01-06T04:00:00Z,27.8,0.0,42,980.0,871.3,1
2026-01-06T05:00:00Z,28.6,0.0,10,897.0,895.9,1
2026-01-06T06:00:00Z,29.1,0.0,0,756.0,871.7,1
2026-01-06T07:00:00Z,28.9,0.0,0,572.0,809.1,1
2026-01-06T08:00:00Z,28.2,0.0,0,367.0,694.8,1
2026-01-06T09:00:00Z,26.9,0.0,0,166.0,492.5,1
2026-01-06T10:00:00Z,24.6,0.0,0,22.0,111.0,0
2026-01-06T11:00:00Z,23.6,0.0,0,0.0,0.0,0
2026-01-06T12:00:00Z,22.0,0.0,0,0.0,0.0,0
2026-01-06T13:00:00Z,21.0,0.0,0,0.0,0.0,0
2026-01-06T14:00:00Z,19.9,0.0,0,0.0,0.0,0
2026-01-06T15:00:00Z,19.0,0.0,0,0.0,0.0,0
2026-01-06T16:00:00Z,18.9,0.0,0,0.0,0.0,0
2026-01-06T17:00:00Z,19.3,0.0,0,0.0,0.0,0
2026-01-06T18:00:00Z,19.8,0.0,0,0.0,0.0,0
2026-01-06T19:00:00Z,20.6,0.0,0,0.0,0.0,0
2026-01-06T20:00:00Z,23.6,0.0,0,34.0,182.3,1
2026-01-06T21:00:00Z,27.4,0.0,0,194.0,545.1,1
2026-01-06T22:00:00Z,30.1,0.0,0,400.0,730.7,1
2026-01-06T23:00:00Z,33.0,0.0,0,606.0,835.2,1
2026-01-07T00:00:00Z,36.7,0.0,0,785.0,895.5,1
2026-01-07T01:00:00Z,38.3,0.0,5,924.0,931.8,1
2026-01-07T02:00:00Z,39.8,0.0,42,969.0,886.0,1
2026-01-07T03:00:00Z,40.5,0.0,14,888.0,740.2,1
2026-01-07T04:00:00Z,41.6,0.0,7,988.0,917.6,1
2026-01-07T05:00:00Z,41.5,0.0,26,836.0,785.2,1
2026-01-07T06:00:00Z,41.7,0.0,43,698.0,732.3,1
2026-01-07T07:00:00Z,41.7,0.0,25,503.0,584.0,1
2026-01-07T08:00:00Z,30.3,0.0,52,252.0,304.6,1
2026-01-07T09:00:00Z,27.2,0.0,63,126.0,311.6,1
2026-01-07T10:00:00Z,27.3,0.0,47,16.0,49.3,0
2026-01-07T11:00:00Z,26.2,0.0,22,0.0,0.0,0
2026-01-07T12:00:00Z,27.5,0.0,17,0.0,0.0,0
2026-01-07T13:00:00Z,26.1,0.0,100,0.0,0.0,0
2026-01-07T14:00:00Z,26.6,0.0,63,0.0,0.0,0
2026-01-07T15:00:00Z,25.8,0.0,98,0.0,0.0,0
2026-01-07T16:00:00Z,24.7,0.0,100,0.0,0.0,0
2026-01-07T17:00:00Z,25.0,0.0,31,0.0,0.0,0
2026-01-07T18:00:00Z,23.3,0.0,85,0.0,0.0,0
2026-01-07T19:00:00Z,23.5,0.0,95,0.0,0.0,0
2026-01-07T20:00:00Z,25.0,0.0,97,26.0,76.1,1
2026-01-07T21:00:00Z,27.1,0.0,100,127.0,172.7,1
2026-01-07T22:00:00Z,29.4,0.0,98,190.0,53.3,1
2026-01-07T23:00:00Z,30.9,0.0,95,395.0,222.7,1
2026-01-08T00:00:00Z,26.1,0.0,98,576.0,497.8,1
2026-01-08T01:00:00Z,24.5,0.0,88,655.0,323.4,1
2026-01-08T02:00:00Z,24.9,0.0,52,843.0,595.2,1
2026-01-08T03:00:00Z,26.2,0.0,64,906.0,639.8,1
2026-01-08T04:00:00Z,25.8,0.0,99,834.0,619.0,1
2026-01-08T05:00:00Z,26.9,0.0,95,825.0,716.5,1
2026-01-08T06:00:00Z,24.0,0.0,84,721.0,745.7,1
2026-01-08T07:00:00Z,23.5,0.0,100,475.0,471.5,1
2026-01-08T08:00:00Z,23.0,0.0,100,189.0,58.5,1
2026-01-08T09:00:00Z,22.9,0.0,95,65.0,9.0,1
2026-01-08T10:00:00Z,21.7,0.0,81,16.0,24.7,0
2026-01-08T11:00:00Z,21.2,0.0,90,0.0,0.0,0
2026-01-08T12:00:00Z,20.2,0.0,100,0.0,0.0,0
2026-01-08T13:00:00Z,19.7,0.0,93,0.0,0.0,0
2026-01-08T14:00:00Z,19.2,0.0,100,0.0,0.0,0
2026-01-08T15:00:00Z,18.8,0.0,46,0.0,0.0,0
2026-01-08T16:00:00Z,18.1,0.0,44,0.0,0.0,0
2026-01-08T17:00:00Z,17.7,0.0,100,0.0,0.0,0
2026-01-08T18:00:00Z,20.9,0.0,100,0.0,0.0,0
2026-01-08T19:00:00Z,17.4,0.0,95,0.0,0.0,0
2026-01-08T20:00:00Z,20.1,0.0,73,20.0,66.2,1
2026-01-08T21:00:00Z,21.7,0.0,98,141.0,295.2,1
2026-01-08T22:00:00Z,22.6,0.0,72,308.0,310.0,1
2026-01-08T23:00:00Z,33.2,0.0,47,552.0,675.5,1
2026-01-09T00:00:00Z,36.9,0.0,59,778.0,885.1,1
2026-01-09T01:00:00Z,39.7,0.0,99,912.0,906.0,1
2026-01-09T02:00:00Z,42.1,0.0,100,933.0,713.1,1
2026-01-09T03:00:00Z,42.3,0.0,98,832.0,463.2,1
2026-01-09T04:00:00Z,42.9,0.0,95,845.0,529.3,1
2026-01-09T05:00:00Z,43.2,0.0,100,782.0,581.4,1
2026-01-09T06:00:00Z,42.2,0.0,100,591.0,439.0,1
2026-01-09T07:00:00Z,32.4,0.0,100,367.0,299.5,1
2026-01-09T08:00:00Z,30.6,0.0,96,186.0,82.8,1
2026-01-09T09:00:00Z,30.0,0.0,100,126.0,162.6,1
2026-01-09T10:00:00Z,28.1,0.0,91,18.0,24.7,0
2026-01-09T11:00:00Z,26.4,0.0,99,0.0,0.0,0
2026-01-09T12:00:00Z,24.5,0.0,95,0.0,0.0,0
2026-01-09T13:00:00Z,22.3,0.0,99,0.0,0.0,0
2026-01-09T14:00:00Z,20.8,0.0,98,0.0,0.0,0
2026-01-09T15:00:00Z,20.6,0.0,95,0.0,0.0,0
2026-01-09T16:00:00Z,20.8,0.0,99,0.0,0.0,0
2026-01-09T17:00:00Z,20.9,0.1,100,0.0,0.0,0
2026-01-09T18:00:00Z,20.5,0.0,100,0.0,0.0,0
2026-01-09T19:00:00Z,19.9,0.0,100,0.0,0.0,0
2026-01-09T20:00:00Z,18.7,0.0,100,9.0,0.0,1
2026-01-09T21:00:00Z,18.5,0.0,100,59.0,4.2,1
2026-01-09T22:00:00Z,18.1,0.0,100,79.0,0.0,1
2026-01-09T23:00:00Z,18.4,0.0,100,281.0,74.8,1
2026-01-10T00:00:00Z,20.5,0.0,56,531.0,246.1,1
2026-01-10T01:00:00Z,22.5,0.0,50,889.0,807.0,1
2026-01-10T02:00:00Z,23.9,0.0,23,956.0,783.2,1
2026-01-10T03:00:00Z,25.4,0.0,98,968.0,825.0,1
2026-01-10T04:00:00Z,25.8,0.0,80,907.0,681.7,1
2026-01-10T05:00:00Z,24.6,0.0,100,766.0,625.8,1
2026-01-10T06:00:00Z,23.7,0.0,30,504.0,281.0,1
2026-01-10T07:00:00Z,21.9,0.0,5,389.0,355.6,1
2026-01-10T08:00:00Z,19.7,0.0,100,261.0,326.3,1
2026-01-10T09:00:00Z,17.9,0.1,16,134.0,302.9,1
2026-01-10T10:00:00Z,16.7,0.0,48,20.0,86.5,0
2026-01-10T11:00:00Z,16.4,0.0,23,0.0,0.0,0
2026-01-10T12:00:00Z,15.9,0.0,34,0.0,0.0,0
2026-01-10T13:00:00Z,15.7,0.0,27,0.0,0.0,0
2026-01-10T14:00:00Z,15.1,0.0,48,0.0,0.0,0
2026-01-10T15:00:00Z,14.7,0.0,30,0.0,0.0,0
2026-01-10T16:00:00Z,14.1,0.0,55,0.0,0.0,0
2026-01-10T17:00:00Z,14.1,0.0,73,0.0,0.0,0
2026-01-10T18:00:00Z,13.9,0.1,45,0.0,0.0,0
2026-01-10T19:00:00Z,14.0,0.4,100,0.0,0.0,0
2026-01-10T20:00:00Z,14.4,0.9,100,16.0,34.2,1
2026-01-10T21:00:00Z,15.2,0.1,100,83.0,72.4,1
2026-01-10T22:00:00Z,15.8,0.0,100,235.0,207.6,1
2026-01-10T23:00:00Z,15.9,0.0,93,348.0,158.5,1
2026-01-11T00:00:00Z,17.0,0.3,89,521.0,321.4,1
2026-01-11T01:00:00Z,16.9,0.1,41,606.0,233.6,1
2026-01-11T02:00:00Z,17.5,0.0,68,720.0,420.9,1
2026-01-11T03:00:00Z,17.5,0.0,83,744.0,381.6,1
2026-01-11T04:00:00Z,17.5,0.0,48,734.0,368.9,1
2026-01-11T05:00:00Z,18.2,0.0,86,766.0,549.0,1
2026-01-11T06:00:00Z,18.3,0.0,87,592.0,401.2,1
2026-01-11T07:00:00Z,17.6,0.0,68,460.0,369.2,1
2026-01-11T08:00:00Z,17.1,0.0,67,303.0,367.8,1
2026-01-11T09:00:00Z,16.3,0.0,45,130.0,239.9,1
2026-01-11T10:00:00Z,15.7,0.0,14,20.0,74.2,0
2026-01-11T11:00:00Z,15.2,0.0,8,0.0,0.0,0
2026-01-11T12:00:00Z,14.4,0.0,5,0.0,0.0,0
2026-01-11T13:00:00Z,13.6,0.0,0,0.0,0.0,0
2026-01-11T14:00:00Z,13.2,0.0,0,0.0,0.0,0
2026-01-11T15:00:00Z,12.9,0.0,0,0.0,0.0,0
2026-01-11T16:00:00Z,12.7,0.0,0,0.0,0.0,0
2026-01-11T17:00:00Z,12.4,0.0,0,0.0,0.0,0
2026-01-11T18:00:00Z,11.9,0.0,0,0.0,0.0,0
2026-01-11T19:00:00Z,11.3,0.0,0,0.0,0.0,0
2026-01-11T20:00:00Z,11.4,0.0,0,28.0,139.0,1
2026-01-11T21:00:00Z,12.5,0.0,0,180.0,504.2,1
2026-01-11T22:00:00Z,13.9,0.0,0,386.0,700.3,1
2026-01-11T23:00:00Z,15.4,0.0,0,593.0,813.8,1
2026-01-12T00:00:00Z,17.5,0.0,0,777.0,881.1,1
2026-01-12T01:00:00Z,19.4,0.0,0,918.0,917.6,1
2026-01-12T02:00:00Z,20.5,0.0,0,1008.0,941.2,1
2026-01-12T03:00:00Z,21.2,0.0,0,1038.0,948.4,1
2026-01-12T04:00:00Z,22.2,0.0,60,1012.0,960.2,1
2026-01-12T05:00:00Z,22.0,0.0,58,816.0,650.6,1
2026-01-12T06:00:00Z,20.8,0.0,63,538.0,370.2,1
2026-01-12T07:00:00Z,20.6,0.0,38,562.0,731.8,1
2026-01-12T08:00:00Z,19.0,0.0,6,364.0,665.2,1
2026-01-12T09:00:00Z,18.4,0.0,0,162.0,457.8,1
2026-01-12T10:00:00Z,18.0,0.0,0,21.0,99.2,0
2026-01-12T11:00:00Z,17.3,0.0,2,0.0,0.0,0
2026-01-12T12:00:00Z,16.7,0.0,28,0.0,0.0,0
2026-01-12T13:00:00Z,16.5,0.0,84,0.0,0.0,0
2026-01-12T14:00:00Z,16.2,0.0,84,0.0,0.0,0
2026-01-12T15:00:00Z,16.1,0.0,93,0.0,0.0,0
2026-01-12T16:00:00Z,16.1,0.1,95,0.0,0.0,0
2026-01-12T17:00:00Z,16.1,0.1,90,0.0,0.0,0
2026-01-12T18:00:00Z,16.1,0.1,55,0.0,0.0,0
2026-01-12T19:00:00Z,16.0,0.0,96,0.0,0.0,0
2026-01-12T20:00:00Z,16.4,0.0,100,22.0,82.5,1
2026-01-12T21:00:00Z,17.2,0.0,100,123.0,148.4,1
2026-01-12T22:00:00Z,18.4,0.1,100,306.0,387.0,1
2026-01-12T23:00:00Z,19.0,0.1,96,436.0,319.4,1
2026-01-13T00:00:00Z,18.9,0.1,100,558.0,349.9,1
2026-01-13T01:00:00Z,19.4,0.3,100,435.0,96.3,1
2026-01-13T02:00:00Z,19.5,0.4,100,474.0,56.8,1
2026-01-13T03:00:00Z,19.8,0.0,100,497.0,98.2,1
2026-01-13T04:00:00Z,20.4,0.0,98,587.0,176.0,1
2026-01-13T05:00:00Z,20.5,0.0,95,625.0,276.4,1
2026-01-13T06:00:00Z,19.5,0.0,100,614.0,504.1,1
2026-01-13T07:00:00Z,19.1,0.0,100,320.0,127.7,1
2026-01-13T08:00:00Z,18.5,0.0,100,188.0,43.9,1
2026-01-13T09:00:00Z,18.1,0.0,93,98.0,90.8,1
2026-01-13T10:00:00Z,17.5,0.0,100,13.0,12.4,0
2026-01-13T11:00:00Z,17.2,0.0,100,0.0,0.0,0
2026-01-13T12:00:00Z,17.0,0.0,100,0.0,0.0,0
2026-01-13T13:00:00Z,17.0,0.0,94,0.0,0.0,0
2026-01-13T14:00:00Z,16.8,0.0,69,0.0,0.0,0
2026-01-13T15:00:00Z,16.5,0.0,30,0.0,0.0,0
2026-01-13T16:00:00Z,16.3,0.0,98,0.0,0.0,0
2026-01-13T17:00:00Z,16.1,0.0,97,0.0,0.0,0
2026-01-13T18:00:00Z,16.2,0.0,99,0.0,0.0,0
2026-01-13T19:00:00Z,16.1,0.0,98,0.0,0.0,0
2026-01-13T20:00:00Z,16.2,0.0,99,19.0,59.9,1
2026-01-13T21:00:00Z,16.8,0.0,100,115.0,194.5,1
2026-01-13T22:00:00Z,17.8,0.1,99,240.0,192.3,1
2026-01-13T23:00:00Z,19.2,0.1,99,356.0,232.9,1
2026-01-14T00:00:00Z,20.3,0.1,100,433.0,118.3,1
2026-01-14T01:00:00Z,21.7,0.0,100,515.0,144.2,1
2026-01-14T02:00:00Z,23.0,0.0,99,604.0,143.7,1
2026-01-14T03:00:00Z,23.9,0.0,97,698.0,243.5,1
2026-01-14T04:00:00Z,24.0,0.0,42,838.0,548.9,1
2026-01-14T05:00:00Z,24.5,0.0,13,805.0,634.8,1
2026-01-14T06:00:00Z,25.1,0.0,3,718.0,754.4,1
2026-01-14T07:00:00Z,25.1,0.0,11,572.0,793.6,1
2026-01-14T08:00:00Z,24.0,0.0,26,360.0,646.7,1
2026-01-14T09:00:00Z,22.6,0.0,10,157.0,428.0,1
2026-01-14T10:00:00Z,21.7,0.0,11,21.0,99.9,0
2026-01-14T11:00:00Z,20.8,0.0,0,0.0,0.0,0
2026-01-14T12:00:00Z,20.4,0.0,0,0.0,0.0,0
2026-01-14T13:00:00Z,19.5,0.0,1,0.0,0.0,0
2026-01-14T14:00:00Z,18.6,0.0,0,0.0,0.0,0
2026-01-14T15:00:00Z,17.9,0.0,1,0.0,0.0,0
2026-01-14T16:00:00Z,17.3,0.0,5,0.0,0.0,0
2026-01-14T17:00:00Z,17.0,0.0,16,0.0,0.0,0
2026-01-14T18:00:00Z,16.6,0.0,23,0.0,0.0,0
2026-01-14T19:00:00Z,16.2,0.0,59,0.0,0.0,0
2026-01-14T20:00:00Z,16.9,0.0,92,18.0,48.8,1
2026-01-14T21:00:00Z,17.9,0.0,100,98.0,134.4,1
2026-01-14T22:00:00Z,19.0,0.0,100,221.0,290.4,1
2026-01-14T23:00:00Z,20.0,0.0,100,308.0,262.6,1
2026-01-15T00:00:00Z,21.3,0.0,100,463.0,264.1,1
2026-01-15T01:00:00Z,22.2,0.3,95,542.0,187.6,1
2026-01-15T02:00:00Z,22.7,0.1,99,646.0,314.6,1
2026-01-15T03:00:00Z,22.4,0.5,80,929.0,691.5,1
2026-01-15T04:00:00Z,22.1,0.2,90,705.0,402.0,1
2026-01-15T05:00:00Z,22.1,0.1,96,640.0,386.4,1
2026-01-15T06:00:00Z,20.4,0.0,91,340.0,136.6,1
2026-01-15T07:00:00Z,19.7,0.4,100,394.0,313.5,1
2026-01-15T08:00:00Z,20.8,0.2,83,198.0,215.0,1
2026-01-15T09:00:00Z,19.9,0.1,88,82.0,45.7,1
2026-01-15T10:00:00Z,19.0,0.1,84,13.0,37.6,0
2026-01-15T11:00:00Z,18.4,0.0,88,0.0,0.0,0
2026-01-15T12:00:00Z,18.0,0.1,75,0.0,0.0,0
2026-01-15T13:00:00Z,17.5,0.0,72,0.0,0.0,0
2026-01-15T14:00:00Z,17.4,0.1,59,0.0,0.0,0
2026-01-15T15:00:00Z,17.2,0.1,63,0.0,0.0,0
2026-01-15T16:00:00Z,17.1,0.1,86,0.0,0.0,0
2026-01-15T17:00:00Z,17.0,0.0,23,0.0,0.0,0
2026-01-15T18:00:00Z,17.1,0.0,40,0.0,0.0,0
2026-01-15T19:00:00Z,17.1,0.0,70,0.0,0.0,0
2026-01-15T20:00:00Z,17.5,0.0,97,13.0,37.3,1
2026-01-15T21:00:00Z,18.0,0.0,13,115.0,154.4,1
2026-01-15T22:00:00Z,19.0,0.0,33,333.0,531.1,1
2026-01-15T23:00:00Z,21.0,0.0,48,521.0,634.6,1
2026-01-16T00:00:00Z,21.8,0.0,48,633.0,590.6,1
2026-01-16T01:00:00Z,23.2,0.0,22,757.0,595.3,1
2026-01-16T02:00:00Z,24.4,0.0,27,932.0,800.0,1
2026-01-16T03:00:00Z,24.6,0.0,22,943.0,802.1,1
2026-01-16T04:00:00Z,24.8,0.0,23,922.0,813.2,1
2026-01-16T05:00:00Z,24.5,0.0,20,737.0,550.2,1
2026-01-16T06:00:00Z,24.0,0.0,31,691.0,675.3,1
2026-01-16T07:00:00Z,22.5,0.0,14,542.0,709.4,1
2026-01-16T08:00:00Z,21.4,0.0,31,341.0,587.1,1
2026-01-16T09:00:00Z,19.8,0.0,9,150.0,389.5,1
2026-01-16T10:00:00Z,18.3,0.0,20,19.0,88.2,0
2026-01-16T11:00:00Z,17.8,0.0,24,0.0,0.0,0
2026-01-16T12:00:00Z,17.9,0.0,26,0.0,0.0,0
2026-01-16T13:00:00Z,17.6,0.0,41,0.0,0.0,0
2026-01-16T14:00:00Z,17.2,0.0,50,0.0,0.0,0
2026-01-16T15:00:00Z,17.0,0.0,38,0.0,0.0,0
2026-01-16T16:00:00Z,16.9,0.0,23,0.0,0.0,0
2026-01-16T17:00:00Z,16.6,0.0,13,0.0,0.0,0
2026-01-16T18:00:00Z,17.0,0.0,13,0.0,0.0,0
2026-01-16T19:00:00Z,16.9,0.0,33,0.0,0.0,0
2026-01-16T20:00:00Z,17.0,0.0,48,17.0,63.4,1
2026-01-16T21:00:00Z,18.3,0.0,45,145.0,354.6,1
2026-01-16T22:00:00Z,19.9,0.0,16,325.0,512.6,1
2026-01-16T23:00:00Z,21.3,0.0,4,546.0,722.7,1
2026-01-17T00:00:00Z,24.1,0.0,11,741.0,837.5,1
2026-01-17T01:00:00Z,25.8,0.0,5,879.0,861.9,1
2026-01-17T02:00:00Z,27.6,0.0,9,984.0,919.5,1
2026-01-17T03:00:00Z,28.5,0.0,37,991.0,897.3,1
2026-01-17T04:00:00Z,28.3,0.0,30,861.0,735.2,1
2026-01-17T05:00:00Z,28.1,0.0,22,775.0,702.5,1
2026-01-17T06:00:00Z,27.1,0.1,42,630.0,651.3,1
2026-01-17T07:00:00Z,25.4,0.0,51,445.0,508.6,1
2026-01-17T08:00:00Z,24.0,0.0,17,308.0,516.9,1
2026-01-17T09:00:00Z,22.4,0.0,10,145.0,391.0,1
2026-01-17T10:00:00Z,21.0,0.0,5,19.0,88.7,0
2026-01-17T11:00:00Z,19.9,0.0,3,0.0,0.0,0
2026-01-17T12:00:00Z,19.6,0.0,2,0.0,0.0,0
2026-01-17T13:00:00Z,19.0,0.0,1,0.0,0.0,0
2026-01-17T14:00:00Z,18.5,0.0,1,0.0,0.0,0
2026-01-17T15:00:00Z,17.8,0.0,0,0.0,0.0,0
2026-01-17T16:00:00Z,17.2,0.0,0,0.0,0.0,0
2026-01-17T17:00:00Z,16.7,0.0,0,0.0,0.0,0
2026-01-17T18:00:00Z,16.3,0.0,0,0.0,0.0,0
2026-01-17T19:00:00Z,15.4,0.0,0,0.0,0.0,0
2026-01-17T20:00:00Z,15.5,0.0,0,19.0,90.5,1
2026-01-17T21:00:00Z,16.5,0.0,0,159.0,467.1,1
2026-01-17T22:00:00Z,18.1,0.0,0,363.0,679.1,1
2026-01-17T23:00:00Z,20.0,0.0,0,571.0,799.4,1
2026-01-18T00:00:00Z,22.1,0.0,0,755.0,868.4,1
2026-01-18T01:00:00Z,24.7,0.0,0,895.0,903.5,1
2026-01-18T02:00:00Z,26.0,0.0,0,991.0,934.9,1
2026-01-18T03:00:00Z,26.9,0.0,0,1030.0,953.9,1
2026-01-18T04:00:00Z,27.5,0.0,1,984.0,911.4,1
2026-01-18T05:00:00Z,28.0,0.0,1,868.0,841.1,1
2026-01-18T06:00:00Z,27.8,0.0,0,750.0,856.5,1
2026-01-18T07:00:00Z,28.0,0.0,2,541.0,703.9,1
2026-01-18T08:00:00Z,26.4,0.0,55,355.0,655.3,1
2026-01-18T09:00:00Z,24.8,0.0,34,158.0,457.4,1
2026-01-18T10:00:00Z,23.3,0.0,77,19.0,89.3,0
2026-01-18T11:00:00Z,22.9,0.0,99,0.0,0.0,0
2026-01-18T12:00:00Z,21.9,0.0,5,0.0,0.0,0
2026-01-18T13:00:00Z,20.9,0.0,64,0.0,0.0,0
2026-01-18T14:00:00Z,20.2,0.0,0,0.0,0.0,0
2026-01-18T15:00:00Z,19.8,0.0,0,0.0,0.0,0
2026-01-18T16:00:00Z,19.2,0.0,7,0.0,0.0,0
2026-01-18T17:00:00Z,18.5,0.0,0,0.0,0.0,0
2026-01-18T18:00:00Z,18.9,0.0,0,0.0,0.0,0
2026-01-18T19:00:00Z,19.3,0.0,0,0.0,0.0,0
2026-01-18T20:00:00Z,19.5,0.0,0,18.0,92.3,1
2026-01-18T21:00:00Z,20.9,0.0,0,155.0,464.5,1
2026-01-18T22:00:00Z,23.0,0.0,9,356.0,676.4,1
2026-01-18T23:00:00Z,25.3,0.0,97,562.0,794.2,1
2026-01-19T00:00:00Z,27.2,0.0,98,668.0,577.8,1
2026-01-19T01:00:00Z,29.2,0.0,0,836.0,703.3,1
2026-01-19T02:00:00Z,30.9,0.0,90,985.0,931.9,1
2026-01-19T03:00:00Z,31.7,0.0,100,980.0,828.9,1
2026-01-19T04:00:00Z,31.7,0.0,100,840.0,582.3,1
2026-01-19T05:00:00Z,31.5,0.0,100,606.0,262.2,1
2026-01-19T06:00:00Z,28.5,0.0,100,300.0,19.0,1
2026-01-19T07:00:00Z,27.8,0.1,100,219.0,47.9,1
2026-01-19T08:00:00Z,27.5,0.0,98,210.0,113.1,1
2026-01-19T09:00:00Z,26.1,0.0,95,99.0,102.1,1
2026-01-19T10:00:00Z,24.4,0.1,100,14.0,25.7,0
2026-01-19T11:00:00Z,23.5,0.0,100,0.0,0.0,0
2026-01-19T12:00:00Z,22.8,0.0,100,0.0,0.0,0
2026-01-19T13:00:00Z,22.2,0.0,100,0.0,0.0,0
2026-01-19T14:00:00Z,21.5,0.0,100,0.0,0.0,0
2026-01-19T15:00:00Z,20.2,0.0,100,0.0,0.0,0
2026-01-19T16:00:00Z,19.5,0.0,80,0.0,0.0,0
2026-01-19T17:00:00Z,18.8,0.0,28,0.0,0.0,0
2026-01-19T18:00:00Z,17.8,0.0,100,0.0,0.0,0
2026-01-19T19:00:00Z,17.9,0.0,100,0.0,0.0,0
2026-01-19T20:00:00Z,18.0,0.0,99,7.0,0.0,1
2026-01-19T21:00:00Z,18.9,0.0,27,102.0,197.2,1
2026-01-19T22:00:00Z,20.9,0.0,52,352.0,668.6,1
2026-01-19T23:00:00Z,22.9,0.0,12,537.0,721.4,1
2026-01-20T00:00:00Z,22.7,0.0,24,727.0,818.7,1
2026-01-20T01:00:00Z,23.4,0.0,13,844.0,801.2,1
2026-01-20T02:00:00Z,24.5,0.0,8,960.0,892.2,1
2026-01-20T03:00:00Z,25.2,0.0,23,1007.0,921.4,1
2026-01-20T04:00:00Z,26.5,0.0,27,966.0,895.9,1
2026-01-20T05:00:00Z,26.2,0.0,1,882.0,880.0,1
2026-01-20T06:00:00Z,26.5,0.0,0,750.0,867.5,1
2026-01-20T07:00:00Z,26.0,0.0,1,565.0,799.8,1
2026-01-20T08:00:00Z,25.2,0.0,2,358.0,672.9,1
2026-01-20T09:00:00Z,23.2,0.0,4,157.0,466.7,1
2026-01-20T10:00:00Z,21.1,0.0,5,18.0,90.6,0
2026-01-20T11:00:00Z,20.6,0.0,0,0.0,0.0,0
2026-01-20T12:00:00Z,20.5,0.0,0,0.0,0.0,0
2026-01-20T13:00:00Z,20.0,0.0,0,0.0,0.0,0
2026-01-20T14:00:00Z,19.5,0.0,2,0.0,0.0,0
2026-01-20T15:00:00Z,18.8,0.0,0,0.0,0.0,0
2026-01-20T16:00:00Z,18.1,0.0,0,0.0,0.0,0
2026-01-20T17:00:00Z,17.4,0.0,0,0.0,0.0,0
2026-01-20T18:00:00Z,17.0,0.0,5,0.0,0.0,0
2026-01-20T19:00:00Z,16.5,0.0,21,0.0,0.0,0
2026-01-20T20:00:00Z,16.5,0.0,74,15.0,68.8,1
2026-01-20T21:00:00Z,17.3,0.0,99,124.0,258.7,1
2026-01-20T22:00:00Z,18.2,0.0,100,277.0,348.0,1
2026-01-20T23:00:00Z,19.4,0.0,39,462.0,491.7,1
2026-01-21T00:00:00Z,20.0,0.0,34,715.0,734.7,1
2026-01-21T01:00:00Z,21.2,0.0,25,766.0,600.1,1
2026-01-21T02:00:00Z,22.2,0.0,20,943.0,843.8,1
2026-01-21T03:00:00Z,22.7,0.0,20,1000.0,905.6,1
2026-01-21T04:00:00Z,22.4,0.0,2,924.0,808.2,1
2026-01-21T05:00:00Z,22.3,0.0,12,904.0,907.8,1
2026-01-21T06:00:00Z,21.4,0.0,63,685.0,724.4,1
2026-01-21T07:00:00Z,19.9,0.0,98,431.0,478.6,1
2026-01-21T08:00:00Z,18.4,0.0,83,140.0,46.9,1
2026-01-21T09:00:00Z,17.1,0.2,100,61.0,28.2,1
2026-01-21T10:00:00Z,16.4,0.6,100,5.0,0.0,0
2026-01-21T11:00:00Z,16.0,0.2,95,0.0,0.0,0
2026-01-21T12:00:00Z,15.2,0.2,100,0.0,0.0,0
2026-01-21T13:00:00Z,15.1,0.3,40,0.0,0.0,0
2026-01-21T14:00:00Z,14.6,0.1,46,0.0,0.0,0
2026-01-21T15:00:00Z,14.6,0.0,41,0.0,0.0,0
2026-01-21T16:00:00Z,14.4,0.1,33,0.0,0.0,0
2026-01-21T17:00:00Z,14.7,0.0,63,0.0,0.0,0
2026-01-21T18:00:00Z,14.5,0.0,29,0.0,0.0,0
2026-01-21T19:00:00Z,14.3,0.0,54,0.0,0.0,0
2026-01-21T20:00:00Z,14.4,0.0,60,11.0,28.1,1
2026-01-21T21:00:00Z,14.8,0.0,65,102.0,228.0,1
2026-01-21T22:00:00Z,15.4,0.0,83,238.0,302.2,1
2026-01-21T23:00:00Z,16.5,0.0,34,402.0,382.1,1
2026-01-22T00:00:00Z,17.4,0.0,48,669.0,684.5,1
2026-01-22T01:00:00Z,17.8,0.1,86,662.0,516.3,1
2026-01-22T02:00:00Z,18.6,0.0,20,840.0,611.9,1
2026-01-22T03:00:00Z,18.8,0.0,28,921.0,766.5,1
2026-01-22T04:00:00Z,18.6,0.0,5,909.0,758.2,1
2026-01-22T05:00:00Z,18.5,0.0,3,873.0,825.4,1
2026-01-22T06:00:00Z,18.5,0.0,1,759.0,862.7,1
2026-01-22T07:00:00Z,18.0,0.0,13,578.0,816.1,1
2026-01-22T08:00:00Z,17.5,0.0,14,370.0,703.7,1
2026-01-22T09:00:00Z,16.9,0.0,6,160.0,486.7,1
2026-01-22T10:00:00Z,16.1,0.0,2,18.0,92.2,0
2026-01-22T11:00:00Z,15.5,0.0,0,0.0,0.0,0
2026-01-22T12:00:00Z,14.8,0.0,0,0.0,0.0,0
2026-01-22T13:00:00Z,14.2,0.0,0,0.0,0.0,0
2026-01-22T14:00:00Z,13.8,0.0,0,0.0,0.0,0
2026-01-22T15:00:00Z,13.4,0.0,0,0.0,0.0,0
2026-01-22T16:00:00Z,12.8,0.0,0,0.0,0.0,0
2026-01-22T17:00:00Z,12.2,0.0,0,0.0,0.0,0
2026-01-22T18:00:00Z,12.1,0.0,0,0.0,0.0,0
2026-01-22T19:00:00Z,11.6,0.0,0,0.0,0.0,0
2026-01-22T20:00:00Z,11.5,0.0,0,14.0,71.8,1
2026-01-22T21:00:00Z,12.4,0.0,0,151.0,488.2,1
2026-01-22T22:00:00Z,13.8,0.0,0,360.0,711.0,1
2026-01-22T23:00:00Z,15.8,0.0,0,575.0,835.9,1
2026-01-23T00:00:00Z,18.2,0.0,0,763.0,901.6,1
2026-01-23T01:00:00Z,20.2,0.0,0,905.0,933.0,1
2026-01-23T02:00:00Z,21.9,0.0,0,999.0,954.0,1
2026-01-23T03:00:00Z,23.1,0.0,0,1033.0,961.8,1
2026-01-23T04:00:00Z,23.9,0.0,0,1003.0,956.2,1
2026-01-23T05:00:00Z,24.2,0.0,0,910.0,933.3,1
2026-01-23T06:00:00Z,24.6,0.0,0,764.0,893.8,1
2026-01-23T07:00:00Z,24.1,0.0,0,579.0,829.6,1
2026-01-23T08:00:00Z,23.6,0.0,0,370.0,715.8,1
2026-01-23T09:00:00Z,23.4,0.0,0,161.0,504.4,1
2026-01-23T10:00:00Z,22.2,0.0,0,18.0,93.1,0
2026-01-23T11:00:00Z,21.0,0.0,0,0.0,0.0,0
2026-01-23T12:00:00Z,19.9,0.0,0,0.0,0.0,0
2026-01-23T13:00:00Z,18.4,0.0,0,0.0,0.0,0
2026-01-23T14:00:00Z,17.8,0.0,0,0.0,0.0,0
2026-01-23T15:00:00Z,16.6,0.0,0,0.0,0.0,0
2026-01-23T16:00:00Z,15.8,0.0,0,0.0,0.0,0
2026-01-23T17:00:00Z,15.1,0.0,0,0.0,0.0,0
2026-01-23T18:00:00Z,14.6,0.0,0,0.0,0.0,0
2026-01-23T19:00:00Z,14.1,0.0,0,0.0,0.0,0
2026-01-23T20:00:00Z,14.0,0.0,0,13.0,73.5,1
2026-01-23T21:00:00Z,16.2,0.0,0,150.0,506.3,1
2026-01-23T22:00:00Z,20.6,0.0,0,360.0,723.9,1
2026-01-23T23:00:00Z,26.3,0.0,0,573.0,843.1,1
2026-01-24T00:00:00Z,30.6,0.0,0,764.0,912.6,1
2026-01-24T01:00:00Z,33.2,0.0,0,917.0,956.3,1
2026-01-24T02:00:00Z,34.8,0.0,0,1014.0,978.5,1
2026-01-24T03:00:00Z,35.8,0.0,0,1046.0,983.2,1
2026-01-24T04:00:00Z,36.8,0.0,48,1015.0,976.9,1
2026-01-24T05:00:00Z,37.5,0.0,88,909.0,936.8,1
2026-01-24T06:00:00Z,38.1,0.0,5,721.0,764.1,1
2026-01-24T07:00:00Z,38.2,0.0,3,571.0,821.0,1
2026-01-24T08:00:00Z,38.2,0.0,17,364.0,710.7,1
2026-01-24T09:00:00Z,37.3,0.0,3,149.0,441.2,1
2026-01-24T10:00:00Z,35.7,0.0,5,17.0,94.2,0
2026-01-24T11:00:00Z,33.5,0.0,23,0.0,0.0,0
2026-01-24T12:00:00Z,31.6,0.0,1,0.0,0.0,0
2026-01-24T13:00:00Z,29.4,0.0,16,0.0,0.0,0
2026-01-24T14:00:00Z,27.1,0.0,86,0.0,0.0,0
2026-01-24T15:00:00Z,26.8,0.0,7,0.0,0.0,0
2026-01-24T16:00:00Z,25.5,0.0,18,0.0,0.0,0
2026-01-24T17:00:00Z,24.0,0.0,25,0.0,0.0,0
2026-01-24T18:00:00Z,21.5,0.0,34,0.0,0.0,0
2026-01-24T19:00:00Z,19.8,0.0,85,0.0,0.0,0
2026-01-24T20:00:00Z,19.2,0.0,97,9.0,15.1,1
2026-01-24T21:00:00Z,19.2,0.0,96,107.0,197.6,1
2026-01-24T22:00:00Z,19.7,0.0,16,247.0,269.9,1
2026-01-24T23:00:00Z,20.9,0.0,30,531.0,730.2,1
2026-01-25T00:00:00Z,20.6,0.0,88,692.0,729.5,1
2026-01-25T01:00:00Z,21.5,0.0,74,760.0,542.3,1
2026-01-25T02:00:00Z,22.0,0.0,61,809.0,538.6,1
2026-01-25T03:00:00Z,22.6,0.0,3,946.0,780.3,1
2026-01-25T04:00:00Z,23.2,0.0,3,953.0,864.2,1
2026-01-25T05:00:00Z,23.2,0.0,2,875.0,880.4,1
2026-01-25T06:00:00Z,22.5,0.0,4,741.0,861.0,1
2026-01-25T07:00:00Z,21.7,0.0,63,553.0,764.0,1
2026-01-25T08:00:00Z,20.4,0.0,5,290.0,430.5,1
2026-01-25T09:00:00Z,19.5,0.0,0,153.0,478.7,1
2026-01-25T10:00:00Z,19.0,0.0,0,16.0,81.7,0
2026-01-25T11:00:00Z,18.5,0.0,0,0.0,0.0,0
2026-01-25T12:00:00Z,17.8,0.0,0,0.0,0.0,0
2026-01-25T13:00:00Z,17.1,0.0,0,0.0,0.0,0
2026-01-25T14:00:00Z,16.5,0.0,0,0.0,0.0,0
2026-01-25T15:00:00Z,15.9,0.0,0,0.0,0.0,0
2026-01-25T16:00:00Z,15.6,0.0,0,0.0,0.0,0
2026-01-25T17:00:00Z,15.1,0.0,9,0.0,0.0,0
2026-01-25T18:00:00Z,15.4,0.0,100,0.0,0.0,0
2026-01-25T19:00:00Z,15.5,0.0,100,0.0,0.0,0
2026-01-25T20:00:00Z,15.6,0.0,98,6.0,0.0,1
2026-01-25T21:00:00Z,16.0,0.0,100,67.0,42.3,1
2026-01-25T22:00:00Z,17.2,0.0,100,200.0,159.5,1
2026-01-25T23:00:00Z,19.4,0.0,53,429.0,365.9,1
2026-01-26T00:00:00Z,21.1,0.0,16,751.0,859.8,1
2026-01-26T01:00:00Z,23.6,0.0,0,904.0,936.8,1
2026-01-26T02:00:00Z,25.9,0.0,0,998.0,955.7,1
2026-01-26T03:00:00Z,27.9,0.0,0,1033.0,968.1,1
2026-01-26T04:00:00Z,29.2,0.0,0,1003.0,964.3,1
2026-01-26T05:00:00Z,30.1,0.0,0,911.0,944.2,1
2026-01-26T06:00:00Z,31.0,0.0,0,767.0,907.7,1
2026-01-26T07:00:00Z,32.2,0.0,0,578.0,840.3,1
2026-01-26T08:00:00Z,32.1,0.0,0,369.0,731.2,1
2026-01-26T09:00:00Z,29.8,0.0,0,160.0,522.0,1
2026-01-26T10:00:00Z,26.8,0.0,0,16.0,96.5,0
2026-01-26T11:00:00Z,24.9,0.0,0,0.0,0.0,0
2026-01-26T12:00:00Z,22.6,0.0,0,0.0,0.0,0
2026-01-26T13:00:00Z,20.6,0.0,1,0.0,0.0,0
2026-01-26T14:00:00Z,19.3,0.0,0,0.0,0.0,0
2026-01-26T15:00:00Z,18.5,0.0,0,0.0,0.0,0
2026-01-26T16:00:00Z,17.8,0.0,0,0.0,0.0,0
2026-01-26T17:00:00Z,17.0,0.0,0,0.0,0.0,0
2026-01-26T18:00:00Z,16.3,0.0,0,0.0,0.0,0
2026-01-26T19:00:00Z,15.6,0.0,0,0.0,0.0,0
2026-01-26T20:00:00Z,15.7,0.0,0,10.0,63.3,1
2026-01-26T21:00:00Z,17.6,0.0,0,140.0,489.6,1
2026-01-26T22:00:00Z,21.2,0.0,0,347.0,711.6,1
2026-01-26T23:00:00Z,27.8,0.0,0,557.0,829.8,1
2026-01-27T00:00:00Z,33.2,0.0,0,745.0,897.4,1
2026-01-27T01:00:00Z,36.8,0.0,1,888.0,931.8,1
2026-01-27T02:00:00Z,39.0,0.0,2,978.0,948.7,1
2026-01-27T03:00:00Z,40.8,0.0,0,1009.0,951.5,1
2026-01-27T04:00:00Z,42.4,0.0,0,979.0,945.0,1
2026-01-27T05:00:00Z,43.3,0.0,5,887.0,922.0,1
2026-01-27T06:00:00Z,43.3,0.0,28,729.0,833.9,1
2026-01-27T07:00:00Z,43.3,0.0,52,534.0,743.4,1
2026-01-27T08:00:00Z,42.7,0.0,19,320.0,557.7,1
2026-01-27T09:00:00Z,40.3,0.0,25,137.0,418.6,1
2026-01-27T10:00:00Z,38.7,0.0,100,13.0,55.9,0
2026-01-27T11:00:00Z,25.2,0.0,26,0.0,0.0,0
2026-01-27T12:00:00Z,27.4,0.0,97,0.0,0.0,0
2026-01-27T13:00:00Z,25.3,0.0,77,0.0,0.0,0
2026-01-27T14:00:00Z,23.5,0.0,100,0.0,0.0,0
2026-01-27T15:00:00Z,23.0,0.0,98,0.0,0.0,0
2026-01-27T16:00:00Z,22.5,0.0,62,0.0,0.0,0
2026-01-27T17:00:00Z,21.8,0.0,2,0.0,0.0,0
2026-01-27T18:00:00Z,21.3,0.0,31,0.0,0.0,0
2026-01-27T19:00:00Z,20.8,0.0,52,0.0,0.0,0
2026-01-27T20:00:00Z,20.8,0.0,39,6.0,16.3,1
2026-01-27T21:00:00Z,21.0,0.0,68,106.0,317.7,1
2026-01-27T22:00:00Z,21.2,0.0,34,223.0,223.1,1
2026-01-27T23:00:00Z,21.8,0.0,48,448.0,552.2,1
2026-01-28T00:00:00Z,23.0,0.0,37,555.0,506.9,1
2026-01-28T01:00:00Z,23.2,0.0,73,810.0,728.1,1
2026-01-28T02:00:00Z,23.2,0.0,89,743.0,543.8,1
2026-01-28T03:00:00Z,23.4,0.0,100,751.0,410.6,1
2026-01-28T04:00:00Z,22.9,0.0,98,613.0,190.8,1
2026-01-28T05:00:00Z,22.4,0.0,98,661.0,447.5,1
2026-01-28T06:00:00Z,21.5,0.0,95,601.0,492.0,1
2026-01-28T07:00:00Z,20.8,0.0,47,291.0,177.7,1
2026-01-28T08:00:00Z,20.3,0.0,98,223.0,212.9,1
2026-01-28T09:00:00Z,19.6,0.0,100,89.0,89.6,1
2026-01-28T10:00:00Z,19.2,0.0,63,8.0,14.2,0
2026-01-28T11:00:00Z,18.9,0.0,54,0.0,0.0,0
2026-01-28T12:00:00Z,18.3,0.0,34,0.0,0.0,0
2026-01-28T13:00:00Z,17.8,0.0,99,0.0,0.0,0
2026-01-28T14:00:00Z,17.5,0.0,98,0.0,0.0,0
2026-01-28T15:00:00Z,17.3,0.0,100,0.0,0.0,0
2026-01-28T16:00:00Z,17.1,0.0,80,0.0,0.0,0
2026-01-28T17:00:00Z,17.0,0.0,97,0.0,0.0,0
2026-01-28T18:00:00Z,17.0,0.0,86,0.0,0.0,0
2026-01-28T19:00:00Z,16.8,0.0,98,0.0,0.0,0
2026-01-28T20:00:00Z,16.9,0.0,99,7.0,16.7,1
2026-01-28T21:00:00Z,17.4,0.0,100,100.0,161.8,1
2026-01-28T22:00:00Z,18.0,0.0,98,192.0,125.9,1
2026-01-28T23:00:00Z,18.9,0.0,62,318.0,333.3,1
2026-01-29T00:00:00Z,19.9,0.0,100,694.0,738.9,1
2026-01-29T01:00:00Z,20.7,0.0,67,527.0,222.1,1
2026-01-29T02:00:00Z,22.6,0.0,23,921.0,817.3,1
2026-01-29T03:00:00Z,23.9,0.0,100,974.0,876.9,1
2026-01-29T04:00:00Z,23.7,0.0,100,604.0,213.0,1
2026-01-29T05:00:00Z,22.0,0.0,100,229.0,0.0,1
2026-01-29T06:00:00Z,23.2,0.0,99,242.0,17.9,1
2026-01-29T07:00:00Z,23.0,0.0,100,407.0,344.1,1
2026-01-29T08:00:00Z,22.1,0.0,100,183.0,45.8,1
2026-01-29T09:00:00Z,21.2,0.0,99,88.0,80.5,1
2026-01-29T10:00:00Z,20.5,0.0,98,10.0,0.0,0
2026-01-29T11:00:00Z,20.0,0.0,100,0.0,0.0,0
2026-01-29T12:00:00Z,20.5,0.0,98,0.0,0.0,0
2026-01-29T13:00:00Z,20.2,0.0,100,0.0,0.0,0
2026-01-29T14:00:00Z,20.1,0.0,100,0.0,0.0,0
2026-01-29T15:00:00Z,19.8,0.0,100,0.0,0.0,0
2026-01-29T16:00:00Z,19.6,0.0,90,0.0,0.0,0
2026-01-29T17:00:00Z,19.6,0.0,99,0.0,0.0,0
2026-01-29T18:00:00Z,19.2,0.0,98,0.0,0.0,0
2026-01-29T19:00:00Z,19.3,0.0,97,0.0,0.0,0
2026-01-29T20:00:00Z,19.4,0.0,99,6.0,17.2,1
2026-01-29T21:00:00Z,20.5,0.0,100,93.0,164.8,1
2026-01-29T22:00:00Z,21.4,0.0,100,189.0,180.9,1
2026-01-29T23:00:00Z,23.0,0.0,96,382.0,258.9,1
2026-01-30T00:00:00Z,25.4,0.0,100,583.0,514.5,1
2026-01-30T01:00:00Z,26.2,0.0,4,761.0,698.0,1
2026-01-30T02:00:00Z,27.4,0.0,5,947.0,924.6,1
2026-01-30T03:00:00Z,27.9,0.0,8,975.0,910.5,1
2026-01-30T04:00:00Z,28.1,0.0,2,943.0,886.1,1
2026-01-30T05:00:00Z,28.2,0.0,0,861.0,882.8,1
2026-01-30T06:00:00Z,27.6,0.0,0,726.0,858.4,1
2026-01-30T07:00:00Z,26.1,0.0,88,545.0,790.2,1
2026-01-30T08:00:00Z,23.7,0.0,100,223.0,227.8,1
2026-01-30T09:00:00Z,22.6,0.0,100,40.0,0.0,1
2026-01-30T10:00:00Z,22.0,0.0,100,4.0,0.0,0
2026-01-30T11:00:00Z,21.3,0.0,65,0.0,0.0,0
2026-01-30T12:00:00Z,20.5,0.0,100,0.0,0.0,0
2026-01-30T13:00:00Z,20.1,0.0,76,0.0,0.0,0
2026-01-30T14:00:00Z,19.8,0.0,98,0.0,0.0,0
2026-01-30T15:00:00Z,19.5,0.0,100,0.0,0.0,0
2026-01-30T16:00:00Z,19.4,0.0,98,0.0,0.0,0
2026-01-30T17:00:00Z,19.2,0.0,100,0.0,0.0,0
2026-01-30T18:00:00Z,19.1,0.0,100,0.0,0.0,0
2026-01-30T19:00:00Z,19.1,0.0,100,0.0,0.0,0
2026-01-30T20:00:00Z,19.0,0.0,95,4.0,0.0,1
2026-01-30T21:00:00Z,19.5,0.0,82,70.0,46.4,1
2026-01-30T22:00:00Z,20.6,0.0,100,224.0,206.9,1
2026-01-30T23:00:00Z,22.0,0.0,92,429.0,393.0,1
2026-01-31T00:00:00Z,22.3,0.0,55,593.0,490.8,1
2026-01-31T01:00:00Z,24.6,0.0,77,743.0,591.2,1
2026-01-31T02:00:00Z,24.1,0.0,60,813.0,682.8,1
2026-01-31T03:00:00Z,26.3,0.0,70,937.0,803.1,1
2026-01-31T04:00:00Z,27.5,0.0,100,865.0,717.8,1
2026-01-31T05:00:00Z,23.5,0.0,100,306.0,58.3,1
2026-01-31T06:00:00Z,20.3,0.0,88,207.0,0.0,1
2026-01-31T07:00:00Z,21.2,0.5,100,242.0,160.0,1
2026-01-31T08:00:00Z,19.8,0.6,100,61.0,0.0,1
2026-01-31T09:00:00Z,19.2,1.0,84,24.0,0.0,1
2026-01-31T10:00:00Z,19.0,0.0,63,5.0,0.0,0
2026-01-31T11:00:00Z,18.6,0.0,99,0.0,0.0,0
2026-01-31T12:00:00Z,18.0,0.0,100,0.0,0.0,0
2026-01-31T13:00:00Z,18.0,0.1,100,0.0,0.0,0
2026-01-31T14:00:00Z,17.8,0.1,100,0.0,0.0,0
2026-01-31T15:00:00Z,17.1,0.1,100,0.0,0.0,0
2026-01-31T16:00:00Z,16.5,0.0,95,0.0,0.0,0
2026-01-31T17:00:00Z,16.2,0.0,100,0.0,0.0,0
2026-01-31T18:00:00Z,16.0,0.0,100,0.0,0.0,0
2026-01-31T19:00:00Z,15.9,0.0,100,0.0,0.0,0
2026-01-31T20:00:00Z,15.7,0.0,100,4.0,0.0,1
2026-01-31T21:00:00Z,15.6,0.0,100,67.0,29.6,1
2026-01-31T22:00:00Z,16.6,0.1,94,182.0,120.8,1
2026-01-31T23:00:00Z,17.4,0.0,97,390.0,376.7,1
2026-02-01T00:00:00Z,18.1,0.0,96,515.0,312.2,1
2026-02-01T01:00:00Z,19.1,0.0,75,502.0,140.3,1
2026-02-01T02:00:00Z,20.6,0.0,90,815.0,518.4,1
2026-02-01T03:00:00Z,20.5,0.0,96,757.0,444.6,1
2026-02-01T04:00:00Z,20.6,0.0,100,689.0,402.9,1
2026-02-01T05:00:00Z,18.0,0.1,96,455.0,149.1,1
2026-02-01T06:00:00Z,18.5,0.0,93,532.0,391.0,1
2026-02-01T07:00:00Z,15.2,0.1,63,251.0,149.9,1
2026-02-01T08:00:00Z,15.1,0.1,21,248.0,313.1,1
2026-02-01T09:00:00Z,14.5,0.0,15,123.0,354.5,1
2026-02-01T10:00:00Z,14.1,0.0,16,10.0,45.6,0
2026-02-01T11:00:00Z,13.9,0.0,45,0.0,0.0,0
2026-02-01T12:00:00Z,14.4,0.0,5,0.0,0.0,0
2026-02-01T13:00:00Z,14.1,0.0,9,0.0,0.0,0
2026-02-01T14:00:00Z,13.9,0.0,50,0.0,0.0,0
2026-02-01T15:00:00Z,13.8,0.0,88,0.0,0.0,0
2026-02-01T16:00:00Z,13.8,0.0,92,0.0,0.0,0
2026-02-01T17:00:00Z,13.9,0.0,48,0.0,0.0,0
2026-02-01T18:00:00Z,13.4,0.0,100,0.0,0.0,0
2026-02-01T19:00:00Z,13.1,0.0,100,0.0,0.0,0
2026-02-01T20:00:00Z,12.8,0.0,41,4.0,18.9,1
2026-02-01T21:00:00Z,12.9,0.0,59,99.0,277.5,1
2026-02-01T22:00:00Z,13.9,0.0,17,280.0,465.2,1
2026-02-01T23:00:00Z,15.1,0.0,4,493.0,632.2,1
2026-02-02T00:00:00Z,17.1,0.0,74,657.0,697.8,1
2026-02-02T01:00:00Z,18.0,0.0,3,793.0,697.4,1
2026-02-02T02:00:00Z,18.9,0.0,3,958.0,891.7,1
2026-02-02T03:00:00Z,19.6,0.0,1,1020.0,961.8,1
2026-02-02T04:00:00Z,19.9,0.0,0,992.0,961.4,1
2026-02-02T05:00:00Z,19.9,0.0,0,901.0,941.8,1
2026-02-02T06:00:00Z,20.0,0.0,0,755.0,902.3,1
2026-02-02T07:00:00Z,19.5,0.0,0,567.0,835.4,1
2026-02-02T08:00:00Z,18.7,0.0,0,354.0,715.8,1
2026-02-02T09:00:00Z,17.5,0.0,0,144.0,491.4,1
2026-02-02T10:00:00Z,16.5,0.0,0,11.0,62.0,0
2026-02-02T11:00:00Z,15.9,0.0,0,0.0,0.0,0
2026-02-02T12:00:00Z,15.1,0.0,0,0.0,0.0,0
2026-02-02T13:00:00Z,14.4,0.0,0,0.0,0.0,0
2026-02-02T14:00:00Z,13.6,0.0,0,0.0,0.0,0
2026-02-02T15:00:00Z,12.4,0.0,0,0.0,0.0,0
2026-02-02T16:00:00Z,12.1,0.0,0,0.0,0.0,0
2026-02-02T17:00:00Z,11.6,0.0,0,0.0,0.0,0
2026-02-02T18:00:00Z,11.1,0.0,0,0.0,0.0,0
2026-02-02T19:00:00Z,10.4,0.0,0,0.0,0.0,0
2026-02-02T20:00:00Z,10.2,0.0,0,5.0,19.5,1
2026-02-02T21:00:00Z,12.1,0.0,0,118.0,455.9,1
2026-02-02T22:00:00Z,16.5,0.0,0,325.0,701.0,1
2026-02-02T23:00:00Z,20.2,0.0,0,542.0,833.1,1
2026-02-03T00:00:00Z,23.5,0.0,0,736.0,909.0,1
2026-02-03T01:00:00Z,26.0,0.0,0,891.0,953.5,1
2026-02-03T02:00:00Z,27.7,0.0,0,990.0,977.0,1
2026-02-03T03:00:00Z,29.0,0.0,0,1026.0,984.2,1
2026-02-03T04:00:00Z,30.1,0.0,0,998.0,978.8,1
2026-02-03T05:00:00Z,30.5,0.0,0,906.0,957.1,1
2026-02-03T06:00:00Z,31.0,0.0,0,758.0,917.2,1
2026-02-03T07:00:00Z,30.8,0.0,0,570.0,852.8,1
2026-02-03T08:00:00Z,30.5,0.0,1,355.0,733.3,1
2026-02-03T09:00:00Z,29.0,0.0,0,144.0,514.4,1
2026-02-03T10:00:00Z,28.0,0.0,13,10.0,63.3,0
2026-02-03T11:00:00Z,26.2,0.0,13,0.0,0.0,0
2026-02-03T12:00:00Z,21.7,0.0,40,0.0,0.0,0
2026-02-03T13:00:00Z,19.4,0.0,100,0.0,0.0,0
2026-02-03T14:00:00Z,18.0,0.0,100,0.0,0.0,0
2026-02-03T15:00:00Z,16.9,0.0,95,0.0,0.0,0
2026-02-03T16:00:00Z,18.2,0.0,94,0.0,0.0,0
2026-02-03T17:00:00Z,20.5,0.0,88,0.0,0.0,0
2026-02-03T18:00:00Z,20.1,0.0,84,0.0,0.0,0
2026-02-03T19:00:00Z,19.5,0.0,60,0.0,0.0,0
2026-02-03T20:00:00Z,19.8,0.0,9,4.0,20.2,1
2026-02-03T21:00:00Z,21.6,0.0,20,115.0,453.1,1
2026-02-03T22:00:00Z,23.9,0.0,24,320.0,695.9,1
2026-02-03T23:00:00Z,26.8,0.0,42,531.0,818.9,1
2026-02-04T00:00:00Z,30.1,0.0,100,736.0,910.8,1
2026-02-04T01:00:00Z,30.2,0.0,95,392.0,51.2,1
2026-02-04T02:00:00Z,32.7,0.0,98,693.0,387.2,1
2026-02-04T03:00:00Z,26.7,0.1,98,393.0,98.1,1
2026-02-04T04:00:00Z,25.2,0.0,76,549.0,265.1,1
2026-02-04T05:00:00Z,25.2,0.0,100,385.0,140.5,1
2026-02-04T06:00:00Z,24.2,0.0,76,307.0,36.3,1
2026-02-04T07:00:00Z,25.2,0.0,86,418.0,470.8,1
2026-02-04T08:00:00Z,23.1,0.0,75,280.0,429.6,1
2026-02-04T09:00:00Z,20.6,0.0,88,91.0,195.8,1
2026-02-04T10:00:00Z,20.6,0.0,23,6.0,16.2,0
2026-02-04T11:00:00Z,20.8,0.0,2,0.0,0.0,0
2026-02-04T12:00:00Z,19.6,0.0,0,0.0,0.0,0
2026-02-04T13:00:00Z,19.0,0.0,0,0.0,0.0,0
2026-02-04T14:00:00Z,18.5,0.0,0,0.0,0.0,0
2026-02-04T15:00:00Z,17.8,0.0,0,0.0,0.0,0
2026-02-04T16:00:00Z,17.4,0.0,16,0.0,0.0,0
2026-02-04T17:00:00Z,16.9,0.0,30,0.0,0.0,0
2026-02-04T18:00:00Z,16.2,0.0,28,0.0,0.0,0
2026-02-04T19:00:00Z,15.5,0.0,23,0.0,0.0,0
2026-02-04T20:00:00Z,15.1,0.0,97,3.0,20.9,1
2026-02-04T21:00:00Z,15.6,0.0,64,91.0,250.9,1
2026-02-04T22:00:00Z,17.1,0.0,30,281.0,491.7,1
2026-02-04T23:00:00Z,18.9,0.0,91,446.0,528.3,1
2026-02-05T00:00:00Z,21.0,0.0,98,545.0,380.1,1
2026-02-05T01:00:00Z,22.0,0.0,100,803.0,755.7,1
2026-02-05T02:00:00Z,21.4,0.0,100,827.0,621.2,1
2026-02-05T03:00:00Z,21.5,0.0,96,876.0,654.5,1
2026-02-05T04:00:00Z,22.0,0.0,6,947.0,863.3,1
2026-02-05T05:00:00Z,21.4,0.0,2,872.0,882.1,1
2026-02-05T06:00:00Z,21.5,0.0,0,742.0,891.6,1
2026-02-05T07:00:00Z,21.0,0.0,0,557.0,830.9,1
2026-02-05T08:00:00Z,19.9,0.0,0,346.0,713.7,1
2026-02-05T09:00:00Z,18.8,0.0,0,136.0,485.9,1
2026-02-05T10:00:00Z,18.4,0.0,0,9.0,49.7,0
2026-02-05T11:00:00Z,18.0,0.0,0,0.0,0.0,0
2026-02-05T12:00:00Z,17.1,0.0,0,0.0,0.0,0
2026-02-05T13:00:00Z,16.3,0.0,0,0.0,0.0,0
2026-02-05T14:00:00Z,15.8,0.0,0,0.0,0.0,0
2026-02-05T15:00:00Z,15.3,0.0,0,0.0,0.0,0
2026-02-05T16:00:00Z,14.8,0.0,0,0.0,0.0,0
2026-02-05T17:00:00Z,14.2,0.0,2,0.0,0.0,0
2026-02-05T18:00:00Z,13.4,0.0,13,0.0,0.0,0
2026-02-05T19:00:00Z,12.2,0.0,1,0.0,0.0,0
2026-02-05T20:00:00Z,11.9,0.0,0,3.0,21.7,1
2026-02-05T21:00:00Z,13.6,0.0,0,110.0,447.3,1
2026-02-05T22:00:00Z,15.4,0.0,0,315.0,688.3,1
2026-02-05T23:00:00Z,17.1,0.0,0,525.0,803.2,1
2026-02-06T00:00:00Z,19.5,0.0,0,723.0,890.0,1
2026-02-06T01:00:00Z,21.1,0.0,0,878.0,945.5,1
2026-02-06T02:00:00Z,22.1,0.0,0,976.0,968.2,1
2026-02-06T03:00:00Z,23.0,0.0,0,1013.0,976.4,1
2026-02-06T04:00:00Z,23.2,0.0,0,984.0,970.6,1
2026-02-06T05:00:00Z,23.4,0.0,0,891.0,947.0,1
2026-02-06T06:00:00Z,23.1,0.0,0,742.0,902.8,1
2026-02-06T07:00:00Z,22.3,0.0,0,554.0,834.4,1
2026-02-06T08:00:00Z,20.7,0.0,0,341.0,713.3,1
2026-02-06T09:00:00Z,19.5,0.0,0,133.0,482.6,1
2026-02-06T10:00:00Z,18.8,0.0,0,8.0,51.0,0
2026-02-06T11:00:00Z,18.1,0.0,0,0.0,0.0,0
2026-02-06T12:00:00Z,17.3,0.0,0,0.0,0.0,0
2026-02-06T13:00:00Z,16.4,0.0,0,0.0,0.0,0
2026-02-06T14:00:00Z,15.9,0.0,0,0.0,0.0,0
2026-02-06T15:00:00Z,15.5,0.0,0,0.0,0.0,0
2026-02-06T16:00:00Z,15.1,0.0,0,0.0,0.0,0
2026-02-06T17:00:00Z,14.4,0.0,0,0.0,0.0,0
2026-02-06T18:00:00Z,14.2,0.0,0,0.0,0.0,0
2026-02-06T19:00:00Z,13.3,0.0,0,0.0,0.0,0
2026-02-06T20:00:00Z,12.9,0.0,0,3.0,22.6,1
2026-02-06T21:00:00Z,14.0,0.0,0,104.0,424.0,1
2026-02-06T22:00:00Z,15.7,0.0,0,308.0,688.8,1
2026-02-06T23:00:00Z,17.7,0.0,0,518.0,811.2,1
2026-02-07T00:00:00Z,19.9,0.0,0,707.0,881.8,1
2026-02-07T01:00:00Z,21.6,0.0,0,856.0,922.4,1
2026-02-07T02:00:00Z,23.1,0.0,0,953.0,945.8,1
2026-02-07T03:00:00Z,24.3,0.0,0,989.0,953.6,1
2026-02-07T04:00:00Z,25.0,0.0,1,961.0,949.5,1
2026-02-07T05:00:00Z,25.3,0.0,2,869.0,924.0,1
2026-02-07T06:00:00Z,24.6,0.0,9,724.0,883.0,1
2026-02-07T07:00:00Z,23.3,0.0,16,532.0,792.9,1
2026-02-07T08:00:00Z,22.8,0.0,15,320.0,645.8,1
2026-02-07T09:00:00Z,21.6,0.0,27,119.0,405.1,1
2026-02-07T10:00:00Z,20.5,0.0,4,7.0,34.9,0
2026-02-07T11:00:00Z,20.0,0.0,10,0.0,0.0,0
2026-02-07T12:00:00Z,19.2,0.0,29,0.0,0.0,0
2026-02-07T13:00:00Z,18.5,0.0,34,0.0,0.0,0
2026-02-07T14:00:00Z,18.1,0.0,19,0.0,0.0,0
2026-02-07T15:00:00Z,17.6,0.0,23,0.0,0.0,0
2026-02-07T16:00:00Z,18.5,0.0,95,0.0,0.0,0
2026-02-07T17:00:00Z,20.5,0.0,59,0.0,0.0,0
2026-02-07T18:00:00Z,22.4,0.0,27,0.0,0.0,0
2026-02-07T19:00:00Z,22.6,0.0,51,0.0,0.0,0
2026-02-07T20:00:00Z,22.4,0.0,95,2.0,0.0,1
2026-02-07T21:00:00Z,22.6,0.0,100,53.0,48.2,1
2026-02-07T22:00:00Z,23.6,0.0,15,197.0,198.6,1
2026-02-07T23:00:00Z,25.6,0.0,21,435.0,559.6,1
2026-02-08T00:00:00Z,28.5,0.0,16,660.0,781.7,1
2026-02-08T01:00:00Z,30.6,0.0,61,825.0,869.6,1
2026-02-08T02:00:00Z,32.0,0.0,81,870.0,785.3,1
2026-02-08T03:00:00Z,21.3,3.7,99,579.0,357.7,1
2026-02-08T04:00:00Z,22.5,0.0,50,208.0,0.0,1
2026-02-08T05:00:00Z,24.3,0.1,37,516.0,300.7,1
2026-02-08T06:00:00Z,26.6,0.0,100,612.0,614.2,1
2026-02-08T07:00:00Z,26.5,0.3,37,346.0,297.6,1
2026-02-08T08:00:00Z,26.1,0.0,11,290.0,512.4,1
2026-02-08T09:00:00Z,24.9,0.0,25,119.0,423.9,1
2026-02-08T10:00:00Z,21.6,0.0,4,6.0,35.8,0
2026-02-08T11:00:00Z,21.2,0.0,18,0.0,0.0,0
2026-02-08T12:00:00Z,21.2,0.0,46,0.0,0.0,0
2026-02-08T13:00:00Z,20.3,0.1,79,0.0,0.0,0
2026-02-08T14:00:00Z,19.5,0.1,52,0.0,0.0,0
2026-02-08T15:00:00Z,19.0,0.0,40,0.0,0.0,0
2026-02-08T16:00:00Z,18.5,0.0,62,0.0,0.0,0
2026-02-08T17:00:00Z,18.4,0.0,96,0.0,0.0,0
2026-02-08T18:00:00Z,18.0,0.0,94,0.0,0.0,0
2026-02-08T19:00:00Z,17.7,0.0,65,0.0,0.0,0
2026-02-08T20:00:00Z,17.7,0.0,61,2.0,0.0,1
2026-02-08T21:00:00Z,18.4,0.0,90,66.0,141.1,1
2026-02-08T22:00:00Z,19.5,0.1,100,192.0,179.8,1
2026-02-08T23:00:00Z,19.9,0.1,100,224.0,57.2,1
2026-02-09T00:00:00Z,19.6,0.1,100,311.0,71.6,1
2026-02-09T01:00:00Z,20.1,0.1,100,377.0,79.2,1
2026-02-09T02:00:00Z,20.5,0.1,100,422.0,43.9,1
2026-02-09T03:00:00Z,20.8,0.0,100,484.0,91.6,1
2026-02-09T04:00:00Z,20.5,0.0,100,587.0,183.2,1
2026-02-09T05:00:00Z,20.9,0.0,100,666.0,507.0,1
2026-02-09T06:00:00Z,19.7,0.0,100,534.0,384.8,1
2026-02-09T07:00:00Z,19.5,0.0,100,196.0,34.6,1
2026-02-09T08:00:00Z,18.9,0.0,100,107.0,0.0,1
2026-02-09T09:00:00Z,18.5,0.0,39,73.0,106.4,1
2026-02-09T10:00:00Z,18.1,0.0,24,5.0,18.4,0
2026-02-09T11:00:00Z,17.9,0.0,79,0.0,0.0,0
2026-02-09T12:00:00Z,18.3,0.0,100,0.0,0.0,0
2026-02-09T13:00:00Z,18.1,0.0,100,0.0,0.0,0
2026-02-09T14:00:00Z,17.8,0.0,100,0.0,0.0,0
2026-02-09T15:00:00Z,17.5,0.0,100,0.0,0.0,0
2026-02-09T16:00:00Z,17.3,0.0,100,0.0,0.0,0
2026-02-09T17:00:00Z,17.0,0.0,100,0.0,0.0,0
2026-02-09T18:00:00Z,17.0,0.0,100,0.0,0.0,0
2026-02-09T19:00:00Z,17.0,0.0,100,0.0,0.0,0
2026-02-09T20:00:00Z,17.0,0.1,100,1.0,0.0,1
2026-02-09T21:00:00Z,17.3,0.1,100,25.0,0.0,1
2026-02-09T22:00:00Z,17.8,0.0,100,90.0,5.9,1
2026-02-09T23:00:00Z,18.1,0.0,100,160.0,5.8,1
2026-02-10T00:00:00Z,18.6,0.1,100,310.0,66.0,1
2026-02-10T01:00:00Z,19.4,0.1,100,359.0,63.3,1
2026-02-10T02:00:00Z,20.3,0.1,99,492.0,154.7,1
2026-02-10T03:00:00Z,21.5,0.1,100,642.0,197.7,1
2026-02-10T04:00:00Z,22.6,0.0,64,931.0,858.9,1
2026-02-10T05:00:00Z,22.8,0.0,0,853.0,870.5,1
2026-02-10T06:00:00Z,22.5,0.0,0,737.0,909.1,1
2026-02-10T07:00:00Z,22.4,0.0,0,548.0,844.4,1
2026-02-10T08:00:00Z,21.4,0.0,6,330.0,710.4,1
2026-02-10T09:00:00Z,20.2,0.0,56,122.0,470.1,1
2026-02-10T10:00:00Z,19.0,0.0,5,5.0,19.0,0
2026-02-10T11:00:00Z,19.0,0.0,100,0.0,0.0,0
2026-02-10T12:00:00Z,18.9,0.0,35,0.0,0.0,0
2026-02-10T13:00:00Z,18.0,0.0,19,0.0,0.0,0
2026-02-10T14:00:00Z,17.3,0.0,98,0.0,0.0,0
2026-02-10T15:00:00Z,17.0,0.0,80,0.0,0.0,0
2026-02-10T16:00:00Z,17.0,0.0,98,0.0,0.0,0
2026-02-10T17:00:00Z,17.1,0.0,91,0.0,0.0,0
2026-02-10T18:00:00Z,18.4,0.0,100,0.0,0.0,0
2026-02-10T19:00:00Z,20.2,0.0,98,0.0,0.0,0
2026-02-10T20:00:00Z,21.4,0.0,96,1.0,0.0,1
2026-02-10T21:00:00Z,22.3,0.0,99,82.0,255.1,1
2026-02-10T22:00:00Z,24.2,0.0,99,264.0,489.5,1
2026-02-10T23:00:00Z,26.4,0.0,53,412.0,443.5,1
2026-02-11T00:00:00Z,29.8,0.0,95,670.0,821.6,1
2026-02-11T01:00:00Z,33.1,0.0,61,742.0,639.7,1
2026-02-11T02:00:00Z,34.8,0.0,100,835.0,682.6,1
2026-02-11T03:00:00Z,31.1,0.0,100,588.0,246.4,1
2026-02-11T04:00:00Z,24.7,0.0,100,458.0,142.6,1
2026-02-11T05:00:00Z,25.0,0.0,100,414.0,113.7,1
2026-02-11T06:00:00Z,23.8,0.0,100,329.0,82.9,1
2026-02-11T07:00:00Z,20.2,0.8,100,83.0,0.0,1
2026-02-11T08:00:00Z,18.5,2.0,100,20.0,0.0,1
2026-02-11T09:00:00Z,17.4,2.1,100,7.0,0.0,1
2026-02-11T10:00:00Z,16.5,2.9,100,0.0,0.0,0
2026-02-11T11:00:00Z,16.2,0.8,100,0.0,0.0,0
2026-02-11T12:00:00Z,15.7,0.1,100,0.0,0.0,0
2026-02-11T13:00:00Z,15.2,0.0,100,0.0,0.0,0
2026-02-11T14:00:00Z,14.8,0.0,100,0.0,0.0,0
2026-02-11T15:00:00Z,14.6,0.0,41,0.0,0.0,0
2026-02-11T16:00:00Z,13.9,0.0,39,0.0,0.0,0
2026-02-11T17:00:00Z,13.2,0.0,34,0.0,0.0,0
2026-02-11T18:00:00Z,12.4,0.0,10,0.0,0.0,0
2026-02-11T19:00:00Z,11.6,0.0,19,0.0,0.0,0
2026-02-11T20:00:00Z,11.6,0.0,16,1.0,0.0,1
2026-02-11T21:00:00Z,12.4,0.0,23,82.0,346.5,1
2026-02-11T22:00:00Z,13.9,0.0,28,261.0,554.7,1
2026-02-11T23:00:00Z,15.1,0.0,37,461.0,688.3,1
2026-02-12T00:00:00Z,16.1,0.0,37,561.0,549.9,1
2026-02-12T01:00:00Z,16.4,0.1,56,712.0,639.1,1
2026-02-12T02:00:00Z,16.8,0.1,56,793.0,609.5,1
2026-02-12T03:00:00Z,17.0,0.1,45,865.0,680.7,1
2026-02-12T04:00:00Z,17.1,0.0,93,768.0,578.5,1
2026-02-12T05:00:00Z,17.0,0.0,44,628.0,382.6,1
2026-02-12T06:00:00Z,17.0,0.1,74,458.0,340.2,1
2026-02-12T07:00:00Z,16.3,0.0,21,445.0,520.0,1
2026-02-12T08:00:00Z,15.9,0.0,98,239.0,352.8,1
2026-02-12T09:00:00Z,15.4,0.0,50,58.0,69.1,1
2026-02-12T10:00:00Z,14.9,0.0,83,3.0,20.3,0
2026-02-12T11:00:00Z,15.1,0.0,86,0.0,0.0,0
2026-02-12T12:00:00Z,14.3,0.0,27,0.0,0.0,0
2026-02-12T13:00:00Z,13.9,0.0,63,0.0,0.0,0
2026-02-12T14:00:00Z,14.1,0.0,100,0.0,0.0,0
2026-02-12T15:00:00Z,14.1,0.0,86,0.0,0.0,0
2026-02-12T16:00:00Z,13.9,0.0,79,0.0,0.0,0
2026-02-12T17:00:00Z,13.8,0.0,80,0.0,0.0,0
2026-02-12T18:00:00Z,13.1,0.0,75,0.0,0.0,0
2026-02-12T19:00:00Z,12.3,0.0,71,0.0,0.0,0
2026-02-12T20:00:00Z,12.3,0.0,93,1.0,0.0,1
2026-02-12T21:00:00Z,13.1,0.0,80,68.0,186.5,1
2026-02-12T22:00:00Z,14.6,0.0,63,213.0,272.4,1
2026-02-12T23:00:00Z,15.9,0.0,100,377.0,368.5,1
2026-02-13T00:00:00Z,16.6,0.0,100,521.0,396.2,1
2026-02-13T01:00:00Z,17.0,0.0,100,462.0,95.2,1
2026-02-13T02:00:00Z,17.9,0.0,95,692.0,327.8,1
2026-02-13T03:00:00Z,18.5,0.0,70,739.0,394.1,1
2026-02-13T04:00:00Z,19.0,0.0,76,777.0,476.3,1
2026-02-13T05:00:00Z,19.0,0.0,98,686.0,453.9,1
2026-02-13T06:00:00Z,19.7,0.0,55,552.0,393.4,1
2026-02-13T07:00:00Z,18.6,0.0,48,485.0,645.6,1
2026-02-13T08:00:00Z,18.0,0.0,21,305.0,633.0,1
2026-02-13T09:00:00Z,17.0,0.0,15,108.0,417.2,1
2026-02-13T10:00:00Z,16.2,0.0,10,3.0,21.1,0
2026-02-13T11:00:00Z,15.7,0.0,5,0.0,0.0,0
2026-02-13T12:00:00Z,15.4,0.0,2,0.0,0.0,0
2026-02-13T13:00:00Z,14.9,0.0,1,0.0,0.0,0
2026-02-13T14:00:00Z,14.4,0.0,0,0.0,0.0,0
2026-02-13T15:00:00Z,14.2,0.0,2,0.0,0.0,0
2026-02-13T16:00:00Z,14.1,0.0,100,0.0,0.0,0
2026-02-13T17:00:00Z,14.1,0.0,100,0.0,0.0,0
2026-02-13T18:00:00Z,14.1,0.0,99,0.0,0.0,0
2026-02-13T19:00:00Z,13.9,0.0,100,0.0,0.0,0
2026-02-13T20:00:00Z,13.2,0.0,100,1.0,0.0,1
2026-02-13T21:00:00Z,13.9,0.0,100,65.0,98.1,1
2026-02-13T22:00:00Z,14.8,0.0,100,213.0,225.6,1
2026-02-13T23:00:00Z,16.0,0.0,96,395.0,368.6,1
2026-02-14T00:00:00Z,17.6,0.0,28,633.0,674.9,1
2026-02-14T01:00:00Z,18.9,0.0,2,781.0,727.3,1
2026-02-14T02:00:00Z,20.2,0.0,0,935.0,954.2,1
2026-02-14T03:00:00Z,21.3,0.0,0,967.0,950.3,1
2026-02-14T04:00:00Z,21.9,0.0,1,938.0,941.7,1
2026-02-14T05:00:00Z,22.1,0.0,21,849.0,921.9,1
2026-02-14T06:00:00Z,22.2,0.0,74,700.0,862.3,1
2026-02-14T07:00:00Z,21.5,0.0,70,502.0,727.9,1
2026-02-14T08:00:00Z,20.9,0.0,42,297.0,593.3,1
2026-02-14T09:00:00Z,19.6,0.0,2,106.0,420.4,1
2026-02-14T10:00:00Z,18.6,0.0,0,3.0,21.9,0
2026-02-14T11:00:00Z,18.2,0.0,0,0.0,0.0,0
2026-02-14T12:00:00Z,17.6,0.0,0,0.0,0.0,0
2026-02-14T13:00:00Z,17.0,0.0,0,0.0,0.0,0
2026-02-14T14:00:00Z,16.5,0.0,0,0.0,0.0,0
2026-02-14T15:00:00Z,15.9,0.0,0,0.0,0.0,0
2026-02-14T16:00:00Z,15.4,0.0,0,0.0,0.0,0
2026-02-14T17:00:00Z,15.1,0.0,0,0.0,0.0,0
2026-02-14T18:00:00Z,14.5,0.0,5,0.0,0.0,0
2026-02-14T19:00:00Z,14.1,0.0,20,0.0,0.0,0
2026-02-14T20:00:00Z,14.0,0.0,9,0.0,0.0,1
2026-02-14T21:00:00Z,15.3,0.0,0,71.0,259.8,1
2026-02-14T22:00:00Z,17.1,0.0,0,276.0,652.2,1
2026-02-14T23:00:00Z,19.0,0.0,0,488.0,804.6,1
2026-02-15T00:00:00Z,22.0,0.0,5,674.0,864.7,1
2026-02-15T01:00:00Z,24.5,0.0,5,825.0,912.4,1
2026-02-15T02:00:00Z,26.1,0.0,0,926.0,937.4,1
2026-02-15T03:00:00Z,26.5,0.0,1,879.0,816.8,1
2026-02-15T04:00:00Z,26.8,0.0,3,878.0,834.3,1
2026-02-15T05:00:00Z,27.0,0.0,0,783.0,807.4,1
2026-02-15T06:00:00Z,28.2,0.0,11,644.0,743.9,1
2026-02-15T07:00:00Z,27.3,0.0,5,509.0,777.4,1
2026-02-15T08:00:00Z,27.5,0.0,3,315.0,720.1,1
2026-02-15T09:00:00Z,26.8,0.0,0,105.0,451.1,1
2026-02-15T10:00:00Z,25.8,0.0,0,3.0,22.8,0
2026-02-15T11:00:00Z,24.6,0.0,0,0.0,0.0,0
2026-02-15T12:00:00Z,22.7,0.0,0,0.0,0.0,0
2026-02-15T13:00:00Z,21.6,0.0,0,0.0,0.0,0
2026-02-15T14:00:00Z,20.4,0.0,0,0.0,0.0,0
2026-02-15T15:00:00Z,19.5,0.0,0,0.0,0.0,0
2026-02-15T16:00:00Z,18.5,0.0,0,0.0,0.0,0
2026-02-15T17:00:00Z,18.0,0.0,0,0.0,0.0,0
2026-02-15T18:00:00Z,17.6,0.0,3,0.0,0.0,0
2026-02-15T19:00:00Z,17.5,0.0,2,0.0,0.0,0
2026-02-15T20:00:00Z,18.5,0.0,0,0.0,0.0,1
2026-02-15T21:00:00Z,20.8,0.0,0,79.0,371.3,1
2026-02-15T22:00:00Z,23.3,0.0,0,274.0,655.5,1
2026-02-15T23:00:00Z,25.6,0.0,0,484.0,799.3,1
2026-02-16T00:00:00Z,28.3,0.0,2,675.0,875.8,1
2026-02-16T01:00:00Z,30.5,0.0,0,822.0,902.8,1
2026-02-16T02:00:00Z,32.2,0.0,1,927.0,947.1,1
2026-02-16T03:00:00Z,33.5,0.0,13,954.0,932.4,1
2026-02-16T04:00:00Z,33.8,0.0,2,855.0,785.6,1
2026-02-16T05:00:00Z,34.3,0.0,23,769.0,740.6,1
2026-02-16T06:00:00Z,33.7,0.0,67,615.0,678.5,1
2026-02-16T07:00:00Z,33.9,0.0,100,391.0,462.1,1
2026-02-16T08:00:00Z,32.6,0.0,17,258.0,480.1,1
2026-02-16T09:00:00Z,31.2,0.0,2,100.0,435.3,1
2026-02-16T10:00:00Z,30.3,0.0,2,2.0,0.0,0
2026-02-16T11:00:00Z,28.8,0.0,0,0.0,0.0,0
2026-02-16T12:00:00Z,27.0,0.0,0,0.0,0.0,0
2026-02-16T13:00:00Z,25.9,0.0,0,0.0,0.0,0
2026-02-16T14:00:00Z,24.9,0.0,0,0.0,0.0,0
2026-02-16T15:00:00Z,24.2,0.0,0,0.0,0.0,0
2026-02-16T16:00:00Z,24.8,0.0,0,0.0,0.0,0
2026-02-16T17:00:00Z,24.5,0.0,0,0.0,0.0,0
2026-02-16T18:00:00Z,23.9,0.0,0,0.0,0.0,0
2026-02-16T19:00:00Z,23.5,0.0,0,0.0,0.0,0
2026-02-16T20:00:00Z,23.2,0.0,0,0.0,0.0,1
2026-02-16T21:00:00Z,23.8,0.0,0,78.0,383.8,1
2026-02-16T22:00:00Z,25.1,0.0,0,276.0,674.9,1
2026-02-16T23:00:00Z,27.2,0.0,0,489.0,818.0,1
2026-02-17T00:00:00Z,29.5,0.0,53,678.0,887.0,1
2026-02-17T01:00:00Z,31.3,0.0,100,805.0,848.8,1
2026-02-17T02:00:00Z,32.3,0.0,100,863.0,750.7,1
2026-02-17T03:00:00Z,33.5,0.0,100,770.0,527.7,1
2026-02-17T04:00:00Z,34.2,0.0,100,658.0,518.5,1
2026-02-17T05:00:00Z,35.2,0.0,100,632.0,342.9,1
2026-02-17T06:00:00Z,32.3,0.0,100,300.0,88.0,1
2026-02-17T07:00:00Z,33.3,0.0,100,198.0,74.3,1
2026-02-17T08:00:00Z,24.0,1.3,100,21.0,0.0,1
2026-02-17T09:00:00Z,23.0,0.0,62,42.0,85.1,1
2026-02-17T10:00:00Z,20.8,0.0,100,1.0,0.0,0
2026-02-17T11:00:00Z,19.5,1.1,100,0.0,0.0,0
2026-02-17T12:00:00Z,16.2,1.7,100,0.0,0.0,0
2026-02-17T13:00:00Z,16.2,0.2,100,0.0,0.0,0
2026-02-17T14:00:00Z,16.2,0.0,100,0.0,0.0,0
2026-02-17T15:00:00Z,16.0,0.0,25,0.0,0.0,0
2026-02-17T16:00:00Z,15.2,0.0,0,0.0,0.0,0
2026-02-17T17:00:00Z,14.5,0.0,5,0.0,0.0,0
2026-02-17T18:00:00Z,13.9,0.0,17,0.0,0.0,0
2026-02-17T19:00:00Z,13.4,0.0,8,0.0,0.0,0
2026-02-17T20:00:00Z,13.0,0.0,0,0.0,0.0,1
2026-02-17T21:00:00Z,13.5,0.0,0,74.0,349.0,1
2026-02-17T22:00:00Z,14.9,0.0,1,274.0,669.0,1
2026-02-17T23:00:00Z,16.6,0.0,1,491.0,822.9,1
2026-02-18T00:00:00Z,18.8,0.0,73,660.0,839.2,1
2026-02-18T01:00:00Z,19.6,0.0,100,593.0,394.7,1
2026-02-18T02:00:00Z,20.6,0.0,100,681.0,365.0,1
2026-02-18T03:00:00Z,22.0,0.0,52,723.0,352.8,1
2026-02-18T04:00:00Z,23.0,0.0,8,901.0,858.2,1
2026-02-18T05:00:00Z,23.5,0.0,15,834.0,887.5,1
2026-02-18T06:00:00Z,23.6,0.0,33,681.0,814.4,1
2026-02-18T07:00:00Z,24.2,0.0,80,485.0,734.8,1
2026-02-18T08:00:00Z,23.5,0.0,4,271.0,517.4,1
2026-02-18T09:00:00Z,21.8,0.0,2,95.0,424.2,1
2026-02-18T10:00:00Z,19.7,0.0,2,1.0,0.0,0
2026-02-18T11:00:00Z,19.1,0.0,0,0.0,0.0,0
2026-02-18T12:00:00Z,18.0,0.0,0,0.0,0.0,0
2026-02-18T13:00:00Z,17.2,0.0,2,0.0,0.0,0
2026-02-18T14:00:00Z,16.3,0.0,0,0.0,0.0,0
2026-02-18T15:00:00Z,15.6,0.0,0,0.0,0.0,0
2026-02-18T16:00:00Z,15.1,0.0,0,0.0,0.0,0
2026-02-18T17:00:00Z,14.6,0.0,0,0.0,0.0,0
2026-02-18T18:00:00Z,14.5,0.0,0,0.0,0.0,0
2026-02-18T19:00:00Z,13.7,0.0,0,0.0,0.0,0
2026-02-18T20:00:00Z,13.4,0.0,4,0.0,0.0,1
2026-02-18T21:00:00Z,14.8,0.0,44,72.0,345.5,1
2026-02-18T22:00:00Z,16.4,0.0,91,241.0,480.9,1
2026-02-18T23:00:00Z,17.1,0.0,100,373.0,353.3,1
2026-02-19T00:00:00Z,19.5,0.0,70,497.0,375.8,1
2026-02-19T01:00:00Z,21.8,0.0,83,726.0,601.7,1
2026-02-19T02:00:00Z,23.2,0.0,73,830.0,652.3,1
2026-02-19T03:00:00Z,23.1,0.0,13,763.0,473.8,1
2026-02-19T04:00:00Z,23.4,0.0,13,831.0,704.7,1
2026-02-19T05:00:00Z,23.1,0.0,2,803.0,800.4,1
2026-02-19T06:00:00Z,22.6,0.0,0,693.0,883.5,1
2026-02-19T07:00:00Z,22.3,0.0,0,509.0,824.8,1
2026-02-19T08:00:00Z,21.0,0.0,0,296.0,691.7,1
2026-02-19T09:00:00Z,19.9,0.0,0,94.0,430.2,1
2026-02-19T10:00:00Z,19.4,0.0,0,1.0,0.0,0
2026-02-19T11:00:00Z,19.1,0.0,0,0.0,0.0,0
2026-02-19T12:00:00Z,18.5,0.0,1,0.0,0.0,0
2026-02-19T13:00:00Z,17.8,0.0,5,0.0,0.0,0
2026-02-19T14:00:00Z,16.9,0.0,0,0.0,0.0,0
2026-02-19T15:00:00Z,16.1,0.0,0,0.0,0.0,0
2026-02-19T16:00:00Z,15.4,0.0,0,0.0,0.0,0
2026-02-19T17:00:00Z,15.1,0.0,0,0.0,0.0,0
2026-02-19T18:00:00Z,14.6,0.0,0,0.0,0.0,0
2026-02-19T19:00:00Z,13.4,0.0,6,0.0,0.0,0
2026-02-19T20:00:00Z,12.5,0.0,16,0.0,0.0,1
2026-02-19T21:00:00Z,13.6,0.0,98,68.0,309.3,1
2026-02-19T22:00:00Z,15.8,0.0,1,247.0,509.0,1
2026-02-19T23:00:00Z,17.9,0.0,0,480.0,792.3,1
2026-02-20T00:00:00Z,20.0,0.0,0,681.0,898.5,1
2026-02-20T01:00:00Z,23.1,0.0,0,833.0,941.0,1
2026-02-20T02:00:00Z,25.2,0.0,0,937.0,971.7,1
2026-02-20T03:00:00Z,27.1,0.0,0,979.0,985.4,1
2026-02-20T04:00:00Z,28.6,0.0,0,953.0,983.9,1
2026-02-20T05:00:00Z,29.5,0.0,0,859.0,963.8,1
2026-02-20T06:00:00Z,29.8,0.0,0,702.0,910.2,1
2026-02-20T07:00:00Z,29.6,0.0,0,512.0,840.3,1
2026-02-20T08:00:00Z,29.0,0.0,0,297.0,709.0,1
2026-02-20T09:00:00Z,27.8,0.0,0,92.0,443.8,1
2026-02-20T10:00:00Z,26.7,0.0,0,1.0,0.0,0
2026-02-20T11:00:00Z,26.0,0.0,0,0.0,0.0,0
2026-02-20T12:00:00Z,24.5,0.0,0,0.0,0.0,0
2026-02-20T13:00:00Z,21.5,0.0,0,0.0,0.0,0
2026-02-20T14:00:00Z,20.5,0.0,0,0.0,0.0,0
2026-02-20T15:00:00Z,19.1,0.0,0,0.0,0.0,0
2026-02-20T16:00:00Z,18.3,0.0,0,0.0,0.0,0
2026-02-20T17:00:00Z,17.9,0.0,39,0.0,0.0,0
2026-02-20T18:00:00Z,17.4,0.0,57,0.0,0.0,0
2026-02-20T19:00:00Z,17.0,0.0,22,0.0,0.0,0
2026-02-20T20:00:00Z,16.5,0.0,26,0.0,0.0,1
2026-02-20T21:00:00Z,17.6,0.0,28,61.0,272.2,1
2026-02-20T22:00:00Z,18.8,0.0,23,237.0,554.2,1
2026-02-20T23:00:00Z,20.3,0.0,97,417.0,580.5,1
2026-02-21T00:00:00Z,21.2,0.0,9,632.0,752.1,1
2026-02-21T01:00:00Z,22.6,0.0,0,806.0,885.3,1
2026-02-21T02:00:00Z,24.0,0.0,0,910.0,929.4,1
2026-02-21T03:00:00Z,25.5,0.0,0,953.0,957.0,1
2026-02-21T04:00:00Z,26.5,0.0,0,923.0,952.6,1
2026-02-21T05:00:00Z,26.8,0.0,38,829.0,928.4,1
2026-02-21T06:00:00Z,25.9,0.0,95,674.0,855.1,1
2026-02-21T07:00:00Z,25.3,0.0,0,418.0,452.6,1
2026-02-21T08:00:00Z,25.8,0.0,0,282.0,665.3,1
2026-02-21T09:00:00Z,24.8,0.0,0,85.0,398.0,1
2026-02-21T10:00:00Z,23.8,0.0,0,0.0,0.0,0
2026-02-21T11:00:00Z,23.1,0.0,0,0.0,0.0,0
2026-02-21T12:00:00Z,21.5,0.0,10,0.0,0.0,0
2026-02-21T13:00:00Z,19.9,0.0,2,0.0,0.0,0
2026-02-21T14:00:00Z,18.9,0.0,13,0.0,0.0,0
2026-02-21T15:00:00Z,19.0,0.0,5,0.0,0.0,0
2026-02-21T16:00:00Z,19.3,0.0,27,0.0,0.0,0
2026-02-21T17:00:00Z,20.2,0.0,92,0.0,0.0,0
2026-02-21T18:00:00Z,22.9,0.0,100,0.0,0.0,0
2026-02-21T19:00:00Z,26.0,0.0,100,0.0,0.0,0
2026-02-21T20:00:00Z,26.5,0.0,100,0.0,0.0,1
2026-02-21T21:00:00Z,24.8,0.1,100,7.0,0.0,1
2026-02-21T22:00:00Z,24.7,0.1,100,44.0,20.1,1
2026-02-21T23:00:00Z,23.9,0.3,100,39.0,0.0,1
2026-02-22T00:00:00Z,26.9,0.2,100,46.0,0.0,1
2026-02-22T01:00:00Z,27.0,0.0,100,144.0,3.9,1
2026-02-22T02:00:00Z,26.4,0.3,100,194.0,0.0,1
2026-02-22T03:00:00Z,25.0,0.6,100,238.0,6.8,1
2026-02-22T04:00:00Z,25.1,0.1,100,257.0,8.1,1
2026-02-22T05:00:00Z,24.5,2.3,100,210.0,5.1,1
2026-02-22T06:00:00Z,25.1,1.4,100,116.0,13.5,1
2026-02-22T07:00:00Z,23.8,1.6,100,89.0,0.0,1
2026-02-22T08:00:00Z,23.6,0.5,100,76.0,0.0,1
2026-02-22T09:00:00Z,22.4,0.4,100,10.0,0.0,1
2026-02-22T10:00:00Z,18.0,1.4,100,0.0,0.0,0
2026-02-22T11:00:00Z,17.2,0.6,100,0.0,0.0,0
2026-02-22T12:00:00Z,16.1,0.4,100,0.0,0.0,0
2026-02-22T13:00:00Z,15.9,0.2,100,0.0,0.0,0
2026-02-22T14:00:00Z,15.9,0.0,100,0.0,0.0,0
2026-02-22T15:00:00Z,15.9,0.0,100,0.0,0.0,0
2026-02-22T16:00:00Z,15.6,0.0,31,0.0,0.0,0
2026-02-22T17:00:00Z,14.9,0.0,77,0.0,0.0,0
2026-02-22T18:00:00Z,14.1,0.0,31,0.0,0.0,0
2026-02-22T19:00:00Z,13.6,0.0,18,0.0,0.0,0
2026-02-22T20:00:00Z,13.2,0.0,20,0.0,0.0,1
2026-02-22T21:00:00Z,13.9,0.0,23,59.0,254.3,1
2026-02-22T22:00:00Z,15.4,0.0,21,242.0,535.8,1
2026-02-22T23:00:00Z,17.0,0.0,91,444.0,681.0,1
2026-02-23T00:00:00Z,18.2,0.0,70,599.0,655.1,1
2026-02-23T01:00:00Z,18.9,0.0,13,785.0,797.2,1
2026-02-23T02:00:00Z,19.5,0.0,2,930.0,963.9,1
2026-02-23T03:00:00Z,20.0,0.0,1,969.0,982.8,1
2026-02-23T04:00:00Z,20.4,0.0,0,935.0,970.0,1
2026-02-23T05:00:00Z,20.7,0.0,0,839.0,945.2,1
2026-02-23T06:00:00Z,21.6,0.0,0,688.0,902.0,1
2026-02-23T07:00:00Z,21.0,0.0,0,500.0,831.4,1
2026-02-23T08:00:00Z,19.5,0.0,0,284.0,691.9,1
2026-02-23T09:00:00Z,18.0,0.0,0,81.0,395.2,1
2026-02-23T10:00:00Z,17.1,0.0,0,0.0,0.0,0
2026-02-23T11:00:00Z,16.6,0.0,0,0.0,0.0,0
2026-02-23T12:00:00Z,16.4,0.0,0,0.0,0.0,0
2026-02-23T13:00:00Z,15.7,0.0,0,0.0,0.0,0
2026-02-23T14:00:00Z,15.4,0.0,0,0.0,0.0,0
2026-02-23T15:00:00Z,15.1,0.0,0,0.0,0.0,0
2026-02-23T16:00:00Z,14.6,0.0,5,0.0,0.0,0
2026-02-23T17:00:00Z,14.2,0.0,0,0.0,0.0,0
2026-02-23T18:00:00Z,14.4,0.0,27,0.0,0.0,0
2026-02-23T19:00:00Z,14.6,0.0,37,0.0,0.0,0
2026-02-23T20:00:00Z,14.5,0.0,53,0.0,0.0,1
2026-02-23T21:00:00Z,15.4,0.0,66,47.0,197.7,1
2026-02-23T22:00:00Z,17.1,0.0,41,188.0,387.5,1
2026-02-23T23:00:00Z,18.5,11.1,98,329.0,449.9,1
2026-02-24T00:00:00Z,19.9,15.2,32,374.0,275.4,1
2026-02-24T01:00:00Z,22.1,0.5,80,682.0,657.1,1
2026-02-24T02:00:00Z,22.3,0.7,82,699.0,524.3,1
2026-02-24T03:00:00Z,22.1,0.9,97,564.0,361.0,1
2026-02-24T04:00:00Z,22.4,7.5,100,589.0,296.1,1
2026-02-24T05:00:00Z,21.8,1.5,35,505.0,297.6,1
2026-02-24T06:00:00Z,20.5,0.0,46,561.0,606.2,1
2026-02-24T07:00:00Z,20.4,2.2,49,347.0,408.9,1
2026-02-24T08:00:00Z,19.0,5.9,65,157.0,243.3,1
2026-02-24T09:00:00Z,18.6,1.7,83,42.0,118.2,1
2026-02-24T10:00:00Z,18.2,0.1,91,0.0,0.0,0
2026-02-24T11:00:00Z,18.1,0.1,97,0.0,0.0,0
2026-02-24T12:00:00Z,18.0,3.2,72,0.0,0.0,0
2026-02-24T13:00:00Z,17.5,0.4,48,0.0,0.0,0
2026-02-24T14:00:00Z,17.1,0.0,98,0.0,0.0,0
2026-02-24T15:00:00Z,17.4,0.0,20,0.0,0.0,0
2026-02-24T16:00:00Z,17.0,0.0,66,0.0,0.0,0
2026-02-24T17:00:00Z,17.0,0.1,100,0.0,0.0,0
2026-02-24T18:00:00Z,17.1,0.0,100,0.0,0.0,0
2026-02-24T19:00:00Z,17.0,0.0,80,0.0,0.0,0
2026-02-24T20:00:00Z,16.8,0.0,85,0.0,0.0,1
2026-02-24T21:00:00Z,16.9,0.0,89,39.0,148.2,1
2026-02-24T22:00:00Z,17.3,0.0,94,158.0,201.1,1
2026-02-24T23:00:00Z,17.9,0.0,84,273.0,255.8,1
2026-02-25T00:00:00Z,18.8,0.0,20,422.0,292.3,1
2026-02-25T01:00:00Z,19.6,0.0,97,723.0,709.3,1
2026-02-25T02:00:00Z,19.4,0.0,100,552.0,186.8,1
2026-02-25T03:00:00Z,19.0,0.1,100,528.0,178.3,1
2026-02-25T04:00:00Z,19.2,0.0,100,465.0,113.9,1
2026-02-25T05:00:00Z,19.2,0.0,100,487.0,207.5,1
2026-02-25T06:00:00Z,19.2,0.0,88,416.0,187.9,1
2026-02-25T07:00:00Z,18.9,0.0,98,320.0,204.1,1
2026-02-25T08:00:00Z,17.8,0.0,100,178.0,172.0,1
2026-02-25T09:00:00Z,16.8,0.0,96,42.0,56.1,1
2026-02-25T10:00:00Z,16.4,0.0,96,0.0,0.0,0
2026-02-25T11:00:00Z,16.2,0.0,11,0.0,0.0,0
2026-02-25T12:00:00Z,15.8,0.0,2,0.0,0.0,0
2026-02-25T13:00:00Z,15.7,0.0,0,0.0,0.0,0
2026-02-25T14:00:00Z,15.8,0.0,0,0.0,0.0,0
2026-02-25T15:00:00Z,15.4,0.0,1,0.0,0.0,0
2026-02-25T16:00:00Z,14.9,0.0,2,0.0,0.0,0
2026-02-25T17:00:00Z,13.9,0.0,0,0.0,0.0,0
2026-02-25T18:00:00Z,13.1,0.0,23,0.0,0.0,0
2026-02-25T19:00:00Z,13.1,0.0,62,0.0,0.0,0
2026-02-25T20:00:00Z,13.1,0.0,71,0.0,0.0,0
2026-02-25T21:00:00Z,13.9,0.0,84,42.0,123.8,1
2026-02-25T22:00:00Z,15.7,0.0,59,189.0,294.5,1
2026-02-25T23:00:00Z,17.4,0.0,100,406.0,548.6,1
2026-02-26T00:00:00Z,18.5,0.0,100,505.0,435.0,1
2026-02-26T01:00:00Z,19.7,0.0,100,534.0,203.3,1
2026-02-26T02:00:00Z,20.6,0.0,52,620.0,354.8,1
2026-02-26T03:00:00Z,22.1,0.0,16,846.0,757.0,1
2026-02-26T04:00:00Z,23.2,0.0,5,831.0,764.2,1
2026-02-26T05:00:00Z,24.7,0.0,4,775.0,812.9,1
2026-02-26T06:00:00Z,25.3,0.0,4,635.0,814.5,1
2026-02-26T07:00:00Z,24.2,0.0,2,457.0,759.8,1
2026-02-26T08:00:00Z,22.9,0.0,3,252.0,612.1,1
2026-02-26T09:00:00Z,20.9,0.0,2,65.0,318.0,1
2026-02-26T10:00:00Z,19.6,0.0,2,0.0,0.0,0
2026-02-26T11:00:00Z,18.6,0.0,4,0.0,0.0,0
2026-02-26T12:00:00Z,17.9,0.0,15,0.0,0.0,0
2026-02-26T13:00:00Z,17.6,0.0,23,0.0,0.0,0
2026-02-26T14:00:00Z,17.2,0.0,43,0.0,0.0,0
2026-02-26T15:00:00Z,17.3,0.0,18,0.0,0.0,0
2026-02-26T16:00:00Z,17.0,0.1,90,0.0,0.0,0
2026-02-26T17:00:00Z,16.8,0.0,30,0.0,0.0,0
2026-02-26T18:00:00Z,16.2,0.0,15,0.0,0.0,0
2026-02-26T19:00:00Z,16.3,0.0,38,0.0,0.0,0
2026-02-26T20:00:00Z,16.4,0.0,15,0.0,0.0,0
2026-02-26T21:00:00Z,17.0,0.0,13,41.0,161.5,1
2026-02-26T22:00:00Z,18.1,0.0,19,207.0,443.3,1
2026-02-26T23:00:00Z,20.0,0.0,9,409.0,645.7,1
2026-02-27T00:00:00Z,20.3,0.1,52,615.0,815.8,1
2026-02-27T01:00:00Z,23.7,0.0,42,696.0,658.3,1
2026-02-27T02:00:00Z,25.7,0.0,48,682.0,569.3,1
2026-02-27T03:00:00Z,27.1,0.0,65,740.0,610.1,1
2026-02-27T04:00:00Z,27.9,0.0,84,656.0,496.1,1
2026-02-27T05:00:00Z,27.0,0.0,98,517.0,353.7,1
2026-02-27T06:00:00Z,28.2,0.0,91,310.0,120.6,1
2026-02-27T07:00:00Z,27.5,0.0,98,299.0,232.1,1
2026-02-27T08:00:00Z,26.8,0.0,63,170.0,160.2,1
2026-02-27T09:00:00Z,25.3,0.0,80,57.0,224.1,1
2026-02-27T10:00:00Z,24.2,0.0,0,0.0,0.0,0
2026-02-27T11:00:00Z,23.1,0.0,0,0.0,0.0,0
2026-02-27T12:00:00Z,21.1,0.0,100,0.0,0.0,0
2026-02-27T13:00:00Z,20.8,0.0,100,0.0,0.0,0
2026-02-27T14:00:00Z,20.5,0.0,100,0.0,0.0,0
2026-02-27T15:00:00Z,20.3,0.0,100,0.0,0.0,0
2026-02-27T16:00:00Z,20.2,0.0,100,0.0,0.0,0
2026-02-27T17:00:00Z,19.8,0.0,100,0.0,0.0,0
2026-02-27T18:00:00Z,19.4,0.0,100,0.0,0.0,0
2026-02-27T19:00:00Z,19.0,0.1,100,0.0,0.0,0
2026-02-27T20:00:00Z,18.9,0.0,100,0.0,0.0,0
2026-02-27T21:00:00Z,19.9,0.0,100,37.0,63.7,1
2026-02-27T22:00:00Z,21.3,0.0,100,169.0,193.7,1
2026-02-27T23:00:00Z,23.6,0.0,100,361.0,408.4,1
2026-02-28T00:00:00Z,26.0,0.0,98,593.0,729.4,1
2026-02-28T01:00:00Z,27.0,0.0,100,652.0,545.9,1
2026-02-28T02:00:00Z,27.8,0.0,100,734.0,546.3,1
2026-02-28T03:00:00Z,27.7,0.0,100,505.0,166.4,1
2026-02-28T04:00:00Z,28.5,0.0,98,656.0,385.2,1
2026-02-28T05:00:00Z,29.1,0.0,100,545.0,341.0,1
2026-02-28T06:00:00Z,29.1,0.0,90,438.0,321.9,1
2026-02-28T07:00:00Z,29.0,0.0,100,376.0,503.4,1
2026-02-28T08:00:00Z,28.0,0.0,100,163.0,176.1,1
2026-02-28T09:00:00Z,26.2,0.0,100,33.0,33.8,1
2026-02-28T10:00:00Z,24.8,0.0,100,0.0,0.0,0
2026-02-28T11:00:00Z,24.1,0.0,100,0.0,0.0,0
2026-02-28T12:00:00Z,23.9,0.0,100,0.0,0.0,0
2026-02-28T13:00:00Z,23.4,0.0,100,0.0,0.0,0
2026-02-28T14:00:00Z,22.5,0.1,100,0.0,0.0,0
2026-02-28T15:00:00Z,22.0,0.3,100,0.0,0.0,0
2026-02-28T16:00:00Z,21.6,0.2,100,0.0,0.0,0
2026-02-28T17:00:00Z,21.4,0.1,100,0.0,0.0,0
2026-02-28T18:00:00Z,22.0,0.0,100,0.0,0.0,0
2026-02-28T19:00:00Z,22.0,0.3,98,0.0,0.0,0
2026-02-28T20:00:00Z,21.4,0.0,100,0.0,0.0,0
2026-02-28T21:00:00Z,22.1,0.0,97,28.0,64.7,1
2026-02-28T22:00:00Z,23.7,0.0,100,142.0,98.0,1
2026-02-28T23:00:00Z,24.1,0.0,99,206.0,77.5,1
2026-03-01T00:00:00Z,25.4,0.0,48,237.0,49.4,1
2026-03-01T01:00:00Z,26.9,0.0,25,611.0,452.6,1
2026-03-01T02:00:00Z,28.2,0.0,100,765.0,670.7,1
2026-03-01T03:00:00Z,28.5,0.0,100,637.0,294.6,1
2026-03-01T04:00:00Z,26.9,0.0,100,579.0,317.5,1
2026-03-01T05:00:00Z,25.6,0.5,100,212.0,14.4,1
2026-03-01T06:00:00Z,21.8,0.6,100,140.0,6.3,1
2026-03-01T07:00:00Z,22.4,0.7,100,108.0,8.4,1
2026-03-01T08:00:00Z,21.8,1.5,99,70.0,0.0,1
2026-03-01T09:00:00Z,21.3,0.3,84,37.0,112.0,1
2026-03-01T10:00:00Z,21.1,1.1,100,0.0,0.0,0
2026-03-01T11:00:00Z,21.1,0.1,83,0.0,0.0,0
2026-03-01T12:00:00Z,21.0,0.0,100,0.0,0.0,0
2026-03-01T13:00:00Z,21.5,0.3,100,0.0,0.0,0
2026-03-01T14:00:00Z,21.6,0.1,100,0.0,0.0,0
2026-03-01T15:00:00Z,21.2,0.3,98,0.0,0.0,0
2026-03-01T16:00:00Z,21.0,0.1,100,0.0,0.0,0
2026-03-01T17:00:00Z,20.9,0.3,100,0.0,0.0,0
2026-03-01T18:00:00Z,20.9,2.1,100,0.0,0.0,0
2026-03-01T19:00:00Z,20.8,0.5,100,0.0,0.0,0
2026-03-01T20:00:00Z,20.9,0.2,100,0.0,0.0,0
2026-03-01T21:00:00Z,20.9,3.0,100,17.0,18.8,1
2026-03-01T22:00:00Z,20.9,2.0,99,39.0,0.0,1
2026-03-01T23:00:00Z,21.2,1.9,100,117.0,26.0,1
2026-03-02T00:00:00Z,20.4,1.6,100,106.0,4.8,1
2026-03-02T01:00:00Z,21.4,0.4,100,160.0,0.0,1
2026-03-02T02:00:00Z,23.0,0.2,100,380.0,43.4,1
2026-03-02T03:00:00Z,22.8,0.5,100,265.0,25.6,1
2026-03-02T04:00:00Z,22.9,0.2,100,179.0,0.0,1
2026-03-02T05:00:00Z,22.1,1.0,100,250.0,43.5,1
2026-03-02T06:00:00Z,19.1,0.4,100,252.0,170.0,1
2026-03-02T07:00:00Z,19.4,0.1,100,104.0,0.0,1
2026-03-02T08:00:00Z,19.0,0.1,100,71.0,14.0,1
2026-03-02T09:00:00Z,18.8,0.1,100,12.0,0.0,0
2026-03-02T10:00:00Z,18.6,0.2,100,0.0,0.0,0
2026-03-02T11:00:00Z,18.3,0.2,100,0.0,0.0,0
2026-03-02T12:00:00Z,17.8,0.3,100,0.0,0.0,0
2026-03-02T13:00:00Z,17.5,0.4,100,0.0,0.0,0
2026-03-02T14:00:00Z,17.3,0.2,100,0.0,0.0,0
2026-03-02T15:00:00Z,17.1,0.2,100,0.0,0.0,0
2026-03-02T16:00:00Z,16.9,0.1,100,0.0,0.0,0
2026-03-02T17:00:00Z,16.8,0.1,100,0.0,0.0,0
2026-03-02T18:00:00Z,16.2,0.1,100,0.0,0.0,0
2026-03-02T19:00:00Z,16.0,0.1,100,0.0,0.0,0
2026-03-02T20:00:00Z,16.0,0.1,100,0.0,0.0,0
2026-03-02T21:00:00Z,16.0,0.1,100,10.0,0.0,1
2026-03-02T22:00:00Z,16.2,0.0,100,61.0,11.2,1
2026-03-02T23:00:00Z,16.5,0.0,100,131.0,2.2,1
2026-03-03T00:00:00Z,16.9,0.0,98,311.0,111.0,1
2026-03-03T01:00:00Z,17.5,0.0,100,407.0,129.8,1
2026-03-03T02:00:00Z,18.8,0.0,99,546.0,204.3,1
2026-03-03T03:00:00Z,19.4,0.0,91,640.0,300.4,1
2026-03-03T04:00:00Z,19.2,0.0,32,680.0,394.9,1
2026-03-03T05:00:00Z,19.0,0.0,75,700.0,657.7,1
2026-03-03T06:00:00Z,18.7,0.0,27,613.0,779.5,1
2026-03-03T07:00:00Z,18.2,0.0,15,439.0,748.7,1
2026-03-03T08:00:00Z,17.5,0.0,6,233.0,599.4,1
2026-03-03T09:00:00Z,17.0,0.0,11,51.0,260.0,0
2026-03-03T10:00:00Z,16.6,0.0,16,0.0,0.0,0
2026-03-03T11:00:00Z,16.4,0.0,23,0.0,0.0,0
2026-03-03T12:00:00Z,16.3,0.0,46,0.0,0.0,0
2026-03-03T13:00:00Z,16.1,0.0,98,0.0,0.0,0
2026-03-03T14:00:00Z,16.2,0.0,100,0.0,0.0,0
2026-03-03T15:00:00Z,16.5,0.0,100,0.0,0.0,0
2026-03-03T16:00:00Z,16.6,0.0,100,0.0,0.0,0
2026-03-03T17:00:00Z,16.7,0.0,100,0.0,0.0,0
2026-03-03T18:00:00Z,16.8,0.0,100,0.0,0.0,0
2026-03-03T19:00:00Z,16.8,0.0,100,0.0,0.0,0
2026-03-03T20:00:00Z,16.8,0.0,100,0.0,0.0,0
2026-03-03T21:00:00Z,17.0,0.1,100,14.0,9.7,1
2026-03-03T22:00:00Z,17.5,0.2,100,74.0,22.6,1
2026-03-03T23:00:00Z,18.1,0.2,100,153.0,46.1,1
2026-03-04T00:00:00Z,18.7,0.1,100,255.0,50.1,1
2026-03-04T01:00:00Z,19.1,0.1,100,352.0,90.0,1
2026-03-04T02:00:00Z,19.5,0.1,100,451.0,105.6,1
2026-03-04T03:00:00Z,19.7,0.0,97,560.0,291.0,1
2026-03-04T04:00:00Z,19.9,0.0,94,580.0,324.0,1
2026-03-04T05:00:00Z,19.8,0.0,45,549.0,471.8,1
2026-03-04T06:00:00Z,19.9,0.0,37,529.0,543.8,1
2026-03-04T07:00:00Z,19.4,0.0,27,371.0,534.5,1
2026-03-04T08:00:00Z,18.6,0.0,0,229.0,591.1,1
2026-03-04T09:00:00Z,17.6,0.0,9,50.0,265.4,0
2026-03-04T10:00:00Z,17.1,0.0,2,0.0,0.0,0
2026-03-04T11:00:00Z,16.8,0.0,12,0.0,0.0,0
2026-03-04T12:00:00Z,17.2,0.0,100,0.0,0.0,0
2026-03-04T13:00:00Z,17.0,0.0,100,0.0,0.0,0
2026-03-04T14:00:00Z,16.4,0.0,6,0.0,0.0,0
2026-03-04T15:00:00Z,15.7,0.0,5,0.0,0.0,0
2026-03-04T16:00:00Z,14.9,0.0,9,0.0,0.0,0
2026-03-04T17:00:00Z,14.4,0.0,97,0.0,0.0,0
2026-03-04T18:00:00Z,14.6,0.0,96,0.0,0.0,0
2026-03-04T19:00:00Z,14.7,0.0,70,0.0,0.0,0
2026-03-04T20:00:00Z,14.4,0.0,90,0.0,0.0,0
2026-03-04T21:00:00Z,14.8,0.0,100,28.0,98.3,1
2026-03-04T22:00:00Z,15.6,0.0,95,147.0,243.7,1
2026-03-04T23:00:00Z,17.1,0.0,96,310.0,338.4,1
2026-03-05T00:00:00Z,18.7,0.0,9,521.0,512.0,1
2026-03-05T01:00:00Z,20.2,0.0,2,767.0,869.3,1
2026-03-05T02:00:00Z,21.5,0.0,0,873.0,932.4,1
2026-03-05T03:00:00Z,22.6,0.0,0,917.0,965.1,1
2026-03-05T04:00:00Z,22.9,0.0,0,886.0,959.5,1
2026-03-05T05:00:00Z,22.5,0.0,0,787.0,931.1,1
2026-03-05T06:00:00Z,22.6,0.0,0,635.0,881.3,1
2026-03-05T07:00:00Z,22.4,0.0,0,445.0,801.8,1
2026-03-05T08:00:00Z,21.8,0.0,0,234.0,645.1,1
2026-03-05T09:00:00Z,19.5,0.0,0,48.0,261.9,0
2026-03-05T10:00:00Z,18.6,0.0,0,0.0,0.0,0
2026-03-05T11:00:00Z,18.3,0.0,0,0.0,0.0,0
2026-03-05T12:00:00Z,17.2,0.0,0,0.0,0.0,0
2026-03-05T13:00:00Z,16.6,0.0,0,0.0,0.0,0
2026-03-05T14:00:00Z,16.1,0.0,16,0.0,0.0,0
2026-03-05T15:00:00Z,16.0,0.0,91,0.0,0.0,0
2026-03-05T16:00:00Z,15.6,0.0,26,0.0,0.0,0
2026-03-05T17:00:00Z,15.5,0.0,0,0.0,0.0,0
2026-03-05T18:00:00Z,14.9,0.0,2,0.0,0.0,0
2026-03-05T19:00:00Z,13.9,0.0,0,0.0,0.0,0
2026-03-05T20:00:00Z,13.6,0.0,7,0.0,0.0,0
2026-03-05T21:00:00Z,14.4,0.0,42,36.0,179.7,1
2026-03-05T22:00:00Z,16.0,0.0,48,186.0,408.7,1
2026-03-05T23:00:00Z,17.3,0.0,55,342.0,483.4,1
2026-03-06T00:00:00Z,19.0,0.0,53,464.0,385.6,1
2026-03-06T01:00:00Z,20.5,0.0,55,697.0,681.9,1
2026-03-06T02:00:00Z,21.5,0.0,1,837.0,842.0,1
2026-03-06T03:00:00Z,22.1,0.0,0,897.0,937.2,1
2026-03-06T04:00:00Z,22.9,0.0,0,871.0,943.1,1
2026-03-06T05:00:00Z,23.0,0.0,0,777.0,922.7,1
2026-03-06T06:00:00Z,23.0,0.0,0,624.0,871.2,1
2026-03-06T07:00:00Z,21.6,0.0,0,432.0,779.1,1
2026-03-06T08:00:00Z,20.7,0.0,0,222.0,615.3,1
2026-03-06T09:00:00Z,20.1,0.0,0,43.0,229.6,0
2026-03-06T10:00:00Z,19.3,0.0,0,0.0,0.0,0
2026-03-06T11:00:00Z,18.5,0.0,2,0.0,0.0,0
2026-03-06T12:00:00Z,18.0,0.0,2,0.0,0.0,0
2026-03-06T13:00:00Z,17.5,0.0,1,0.0,0.0,0
2026-03-06T14:00:00Z,17.2,0.0,10,0.0,0.0,0
2026-03-06T15:00:00Z,17.0,0.0,34,0.0,0.0,0
2026-03-06T16:00:00Z,17.0,0.0,47,0.0,0.0,0
2026-03-06T17:00:00Z,16.5,0.0,54,0.0,0.0,0
2026-03-06T18:00:00Z,16.4,0.1,63,0.0,0.0,0
2026-03-06T19:00:00Z,16.4,0.0,99,0.0,0.0,0
2026-03-06T20:00:00Z,16.4,0.0,100,0.0,0.0,0
2026-03-06T21:00:00Z,16.8,0.0,93,24.0,71.0,1
2026-03-06T22:00:00Z,17.7,0.0,100,140.0,195.2,1
2026-03-06T23:00:00Z,18.3,0.0,99,249.0,177.2,1
2026-03-07T00:00:00Z,19.9,0.1,30,359.0,215.2,1
2026-03-07T01:00:00Z,20.4,0.0,52,594.0,524.3,1
2026-03-07T02:00:00Z,20.8,0.0,78,641.0,459.6,1
2026-03-07T03:00:00Z,20.8,0.1,70,710.0,506.2,1
2026-03-07T04:00:00Z,20.2,0.0,100,586.0,403.3,1
2026-03-07T05:00:00Z,19.9,0.0,100,367.0,78.6,1
2026-03-07T06:00:00Z,20.2,0.0,100,295.0,120.4,1
2026-03-07T07:00:00Z,20.0,0.0,100,235.0,185.7,1
2026-03-07T08:00:00Z,19.4,0.0,37,125.0,174.7,1
2026-03-07T09:00:00Z,18.2,0.0,52,29.0,127.3,0
2026-03-07T10:00:00Z,17.6,0.0,60,0.0,0.0,0
2026-03-07T11:00:00Z,17.0,0.0,24,0.0,0.0,0
2026-03-07T12:00:00Z,17.0,0.0,85,0.0,0.0,0
2026-03-07T13:00:00Z,16.8,0.0,98,0.0,0.0,0
2026-03-07T14:00:00Z,16.3,0.0,55,0.0,0.0,0
2026-03-07T15:00:00Z,15.8,0.0,9,0.0,0.0,0
2026-03-07T16:00:00Z,15.4,0.0,2,0.0,0.0,0
2026-03-07T17:00:00Z,15.1,0.0,2,0.0,0.0,0
2026-03-07T18:00:00Z,14.9,0.0,0,0.0,0.0,0
2026-03-07T19:00:00Z,14.8,0.0,1,0.0,0.0,0
2026-03-07T20:00:00Z,14.7,0.0,6,0.0,0.0,0
2026-03-07T21:00:00Z,15.1,0.0,17,35.0,196.0,1
2026-03-07T22:00:00Z,16.4,0.0,26,200.0,533.7,1
2026-03-07T23:00:00Z,17.8,0.0,66,390.0,639.5,1
2026-03-08T00:00:00Z,18.6,0.0,100,466.0,482.2,1
2026-03-08T01:00:00Z,20.3,0.0,100,402.0,121.7,1
2026-03-08T02:00:00Z,22.4,0.0,91,608.0,354.2,1
2026-03-08T03:00:00Z,23.9,0.0,90,716.0,494.1,1
2026-03-08T04:00:00Z,23.8,0.0,13,587.0,346.1,1
2026-03-08T05:00:00Z,24.4,0.0,55,705.0,755.9,1
2026-03-08T06:00:00Z,23.9,0.0,8,551.0,673.8,1
2026-03-08T07:00:00Z,23.2,0.0,0,417.0,750.4,1
2026-03-08T08:00:00Z,21.9,0.0,0,213.0,607.2,1
2026-03-08T09:00:00Z,20.1,0.0,0,38.0,210.7,0
2026-03-08T10:00:00Z,19.1,0.0,0,0.0,0.0,0
2026-03-08T11:00:00Z,18.1,0.0,0,0.0,0.0,0
2026-03-08T12:00:00Z,17.7,0.0,0,0.0,0.0,0
2026-03-08T13:00:00Z,16.9,0.0,0,0.0,0.0,0
2026-03-08T14:00:00Z,16.2,0.0,0,0.0,0.0,0
2026-03-08T15:00:00Z,15.8,0.0,20,0.0,0.0,0
2026-03-08T16:00:00Z,15.6,0.0,24,0.0,0.0,0
2026-03-08T17:00:00Z,15.6,0.0,12,0.0,0.0,0
2026-03-08T18:00:00Z,14.8,0.0,2,0.0,0.0,0
2026-03-08T19:00:00Z,14.3,0.0,37,0.0,0.0,0
2026-03-08T20:00:00Z,14.1,0.0,100,0.0,0.0,0
2026-03-08T21:00:00Z,14.5,0.0,98,29.0,136.4,1
2026-03-08T22:00:00Z,16.7,0.0,25,182.0,424.5,1
2026-03-08T23:00:00Z,20.5,0.0,4,394.0,694.2,1
2026-03-09T00:00:00Z,23.4,0.0,0,592.0,833.4,1
2026-03-09T01:00:00Z,25.8,0.0,1,743.0,893.2,1
2026-03-09T02:00:00Z,27.4,0.0,41,840.0,921.0,1
2026-03-09T03:00:00Z,28.5,0.0,48,769.0,691.8,1
2026-03-09T04:00:00Z,29.1,0.0,25,748.0,708.0,1
2026-03-09T05:00:00Z,29.4,0.0,30,691.0,769.9,1
2026-03-09T06:00:00Z,28.6,0.0,36,530.0,682.1,1
2026-03-09T07:00:00Z,23.3,0.0,25,347.0,534.9,1
2026-03-09T08:00:00Z,20.2,0.0,2,179.0,469.2,1
2026-03-09T09:00:00Z,19.2,0.0,20,34.0,185.2,0
2026-03-09T10:00:00Z,18.9,0.0,5,0.0,0.0,0
2026-03-09T11:00:00Z,18.6,0.0,6,0.0,0.0,0
2026-03-09T12:00:00Z,18.3,0.0,31,0.0,0.0,0
2026-03-09T13:00:00Z,18.0,0.0,27,0.0,0.0,0
2026-03-09T14:00:00Z,17.5,0.0,47,0.0,0.0,0
2026-03-09T15:00:00Z,17.1,0.0,49,0.0,0.0,0
2026-03-09T16:00:00Z,17.0,0.0,68,0.0,0.0,0
2026-03-09T17:00:00Z,17.2,0.0,100,0.0,0.0,0
2026-03-09T18:00:00Z,16.9,0.0,100,0.0,0.0,0
2026-03-09T19:00:00Z,16.9,0.0,98,0.0,0.0,0
2026-03-09T20:00:00Z,16.8,0.0,100,0.0,0.0,0
2026-03-09T21:00:00Z,17.0,0.0,100,21.0,42.7,1
2026-03-09T22:00:00Z,17.8,0.0,100,139.0,206.9,1
2026-03-09T23:00:00Z,19.0,0.0,100,310.0,341.7,1
2026-03-10T00:00:00Z,21.5,0.0,2,535.0,620.9,1
2026-03-10T01:00:00Z,24.4,0.0,0,737.0,878.1,1
2026-03-10T02:00:00Z,26.7,0.0,0,840.0,927.6,1
2026-03-10T03:00:00Z,28.7,0.0,0,875.0,939.4,1
2026-03-10T04:00:00Z,27.8,0.0,4,839.0,925.5,1
2026-03-10T05:00:00Z,26.5,0.0,37,641.0,698.7,1
2026-03-10T06:00:00Z,27.4,0.0,27,497.0,614.0,1
2026-03-10T07:00:00Z,27.5,0.0,16,382.0,668.5,1
2026-03-10T08:00:00Z,27.1,0.0,18,188.0,530.8,1
2026-03-10T09:00:00Z,26.5,0.0,14,30.0,169.0,0
2026-03-10T10:00:00Z,25.4,0.0,4,0.0,0.0,0
2026-03-10T11:00:00Z,24.3,0.0,5,0.0,0.0,0
2026-03-10T12:00:00Z,22.3,0.0,81,0.0,0.0,0
2026-03-10T13:00:00Z,20.8,0.0,27,0.0,0.0,0
2026-03-10T14:00:00Z,19.9,0.0,41,0.0,0.0,0
2026-03-10T15:00:00Z,18.9,0.0,100,0.0,0.0,0
2026-03-10T16:00:00Z,18.9,0.0,89,0.0,0.0,0
2026-03-10T17:00:00Z,21.0,0.0,16,0.0,0.0,0
2026-03-10T18:00:00Z,22.2,0.0,16,0.0,0.0,0
2026-03-10T19:00:00Z,21.5,0.0,77,0.0,0.0,0
2026-03-10T20:00:00Z,21.8,0.0,92,0.0,0.0,0
2026-03-10T21:00:00Z,22.2,0.0,100,18.0,21.7,1
2026-03-10T22:00:00Z,22.8,0.0,98,59.0,28.8,1
2026-03-10T23:00:00Z,23.5,0.0,100,100.0,23.1,1
2026-03-11T00:00:00Z,26.9,0.0,100,83.0,0.0,1
2026-03-11T01:00:00Z,28.1,0.0,92,196.0,13.9,1
2026-03-11T02:00:00Z,23.5,0.0,100,415.0,151.3,1
2026-03-11T03:00:00Z,23.2,0.0,95,245.0,62.9,1
2026-03-11T04:00:00Z,23.9,0.0,83,380.0,100.0,1
2026-03-11T05:00:00Z,22.3,0.1,93,259.0,79.0,1
2026-03-11T06:00:00Z,23.1,0.1,43,228.0,102.3,1
2026-03-11T07:00:00Z,20.0,0.0,30,280.0,415.3,1
2026-03-11T08:00:00Z,18.7,0.0,41,184.0,513.0,1
2026-03-11T09:00:00Z,17.3,0.0,77,25.0,119.4,0
2026-03-11T10:00:00Z,16.4,0.0,36,0.0,0.0,0
2026-03-11T11:00:00Z,15.8,0.0,13,0.0,0.0,0
2026-03-11T12:00:00Z,15.4,0.0,6,0.0,0.0,0
2026-03-11T13:00:00Z,14.5,0.0,3,0.0,0.0,0
2026-03-11T14:00:00Z,13.9,0.0,2,0.0,0.0,0
2026-03-11T15:00:00Z,13.6,0.0,2,0.0,0.0,0
2026-03-11T16:00:00Z,13.4,0.0,5,0.0,0.0,0
2026-03-11T17:00:00Z,13.2,0.0,10,0.0,0.0,0
2026-03-11T18:00:00Z,13.3,0.0,16,0.0,0.0,0
2026-03-11T19:00:00Z,13.1,0.0,9,0.0,0.0,0
2026-03-11T20:00:00Z,12.7,0.0,20,0.0,0.0,0
2026-03-11T21:00:00Z,12.9,0.0,14,26.0,143.7,1
2026-03-11T22:00:00Z,14.5,0.0,100,194.0,570.8,1
2026-03-11T23:00:00Z,15.6,0.0,100,228.0,216.5,1
2026-03-12T00:00:00Z,16.8,0.0,100,251.0,74.3,1
2026-03-12T01:00:00Z,16.3,0.0,100,418.0,224.4,1
2026-03-12T02:00:00Z,17.4,0.0,100,440.0,139.5,1
2026-03-12T03:00:00Z,17.1,0.0,100,429.0,131.3,1
2026-03-12T04:00:00Z,17.1,0.0,80,360.0,27.7,1
2026-03-12T05:00:00Z,17.7,0.0,100,461.0,230.2,1
2026-03-12T06:00:00Z,16.9,0.0,100,226.0,10.1,1
2026-03-12T07:00:00Z,16.1,0.0,93,152.0,21.0,1
2026-03-12T08:00:00Z,15.9,0.0,100,61.0,21.0,1
2026-03-12T09:00:00Z,15.6,0.0,100,10.0,11.2,0
2026-03-12T10:00:00Z,15.1,0.0,100,0.0,0.0,0
2026-03-12T11:00:00Z,14.9,0.0,100,0.0,0.0,0
2026-03-12T12:00:00Z,15.1,0.0,100,0.0,0.0,0
2026-03-12T13:00:00Z,14.8,0.0,100,0.0,0.0,0
2026-03-12T14:00:00Z,14.0,0.1,98,0.0,0.0,0
2026-03-12T15:00:00Z,14.0,0.0,91,0.0,0.0,0
2026-03-12T16:00:00Z,14.4,0.0,100,0.0,0.0,0
2026-03-12T17:00:00Z,14.1,0.3,100,0.0,0.0,0
2026-03-12T18:00:00Z,14.4,0.1,100,0.0,0.0,0
2026-03-12T19:00:00Z,14.7,0.1,99,0.0,0.0,0
2026-03-12T20:00:00Z,14.6,0.0,84,0.0,0.0,0
2026-03-12T21:00:00Z,14.9,0.0,88,18.0,78.8,1
2026-03-12T22:00:00Z,15.7,0.0,100,111.0,164.7,1
2026-03-12T23:00:00Z,16.4,0.0,100,278.0,300.2,1
2026-03-13T00:00:00Z,16.8,0.1,100,300.0,115.4,1
2026-03-13T01:00:00Z,17.4,0.2,81,483.0,355.8,1
2026-03-13T02:00:00Z,17.9,0.0,88,613.0,396.4,1
2026-03-13T03:00:00Z,18.8,0.0,54,780.0,740.2,1
2026-03-13T04:00:00Z,18.3,0.0,78,579.0,368.9,1
2026-03-13T05:00:00Z,18.7,0.0,80,651.0,679.4,1
2026-03-13T06:00:00Z,18.7,0.0,80,536.0,678.0,1
2026-03-13T07:00:00Z,18.1,0.0,62,311.0,396.6,1
2026-03-13T08:00:00Z,17.5,0.0,34,148.0,244.1,1
2026-03-13T09:00:00Z,16.5,0.0,9,24.0,114.9,0
2026-03-13T10:00:00Z,15.9,0.0,38,0.0,0.0,0
2026-03-13T11:00:00Z,15.7,0.0,58,0.0,0.0,0
2026-03-13T12:00:00Z,14.5,0.0,0,0.0,0.0,0
2026-03-13T13:00:00Z,13.6,0.0,1,0.0,0.0,0
2026-03-13T14:00:00Z,13.0,0.0,0,0.0,0.0,0
2026-03-13T15:00:00Z,12.4,0.0,0,0.0,0.0,0
2026-03-13T16:00:00Z,12.0,0.0,0,0.0,0.0,0
2026-03-13T17:00:00Z,11.4,0.0,95,0.0,0.0,0
2026-03-13T18:00:00Z,11.1,0.0,67,0.0,0.0,0
2026-03-13T19:00:00Z,10.2,0.0,0,0.0,0.0,0
2026-03-13T20:00:00Z,9.6,0.0,42,0.0,0.0,0
2026-03-13T21:00:00Z,10.1,0.0,100,25.0,137.6,1
2026-03-13T22:00:00Z,11.8,0.0,100,151.0,209.8,1
2026-03-13T23:00:00Z,13.9,0.0,68,304.0,340.3,1
2026-03-14T00:00:00Z,16.4,0.0,98,592.0,863.9,1
2026-03-14T01:00:00Z,18.4,0.0,96,649.0,598.3,1
2026-03-14T02:00:00Z,20.0,0.0,38,770.0,697.6,1
2026-03-14T03:00:00Z,21.5,0.0,21,860.0,929.2,1
2026-03-14T04:00:00Z,22.2,0.0,8,826.0,922.3,1
2026-03-14T05:00:00Z,22.0,0.0,0,732.0,906.9,1
2026-03-14T06:00:00Z,21.7,0.0,80,581.0,853.6,1
2026-03-14T07:00:00Z,20.6,0.0,99,383.0,716.6,1
2026-03-14T08:00:00Z,20.0,0.0,100,157.0,310.9,1
2026-03-14T09:00:00Z,19.0,0.0,100,15.0,11.8,0
2026-03-14T10:00:00Z,18.1,0.0,100,0.0,0.0,0
2026-03-14T11:00:00Z,17.2,0.0,100,0.0,0.0,0
2026-03-14T12:00:00Z,16.4,0.0,29,0.0,0.0,0
2026-03-14T13:00:00Z,14.9,0.0,6,0.0,0.0,0
2026-03-14T14:00:00Z,14.4,0.0,10,0.0,0.0,0
2026-03-14T15:00:00Z,13.8,0.0,5,0.0,0.0,0
2026-03-14T16:00:00Z,12.9,0.0,18,0.0,0.0,0
2026-03-14T17:00:00Z,12.2,0.0,46,0.0,0.0,0
2026-03-14T18:00:00Z,11.8,0.0,39,0.0,0.0,0
2026-03-14T19:00:00Z,10.9,0.0,100,0.0,0.0,0
2026-03-14T20:00:00Z,10.9,0.0,92,0.0,0.0,0
2026-03-14T21:00:00Z,11.7,0.0,27,22.0,93.4,1
2026-03-14T22:00:00Z,13.6,0.0,98,179.0,538.5,1
2026-03-14T23:00:00Z,15.8,0.0,52,348.0,533.6,1
2026-03-15T00:00:00Z,18.8,0.0,98,543.0,698.9,1
2026-03-15T01:00:00Z,22.0,0.0,38,676.0,711.7,1
2026-03-15T02:00:00Z,24.4,0.0,81,808.0,902.3,1
2026-03-15T03:00:00Z,26.1,0.0,22,813.0,821.6,1
2026-03-15T04:00:00Z,27.1,0.0,90,814.0,906.9,1
2026-03-15T05:00:00Z,26.9,0.0,98,609.0,580.1,1
2026-03-15T06:00:00Z,24.6,0.0,100,468.0,484.9,1
2026-03-15T07:00:00Z,22.8,0.0,100,175.0,84.6,1
2026-03-15T08:00:00Z,21.5,0.0,100,34.0,0.0,1
2026-03-15T09:00:00Z,21.0,0.0,100,6.0,0.0,0
2026-03-15T10:00:00Z,19.7,0.0,100,0.0,0.0,0
2026-03-15T11:00:00Z,18.5,0.0,100,0.0,0.0,0
2026-03-15T12:00:00Z,17.9,0.0,100,0.0,0.0,0
2026-03-15T13:00:00Z,17.6,0.0,100,0.0,0.0,0
2026-03-15T14:00:00Z,17.5,0.0,100,0.0,0.0,0
2026-03-15T15:00:00Z,17.1,0.0,100,0.0,0.0,0
2026-03-15T16:00:00Z,16.7,0.0,98,0.0,0.0,0
2026-03-15T17:00:00Z,16.4,0.1,89,0.0,0.0,0
2026-03-15T18:00:00Z,16.1,0.0,100,0.0,0.0,0
2026-03-15T19:00:00Z,15.9,0.0,100,0.0,0.0,0
2026-03-15T20:00:00Z,15.9,0.0,100,0.0,0.0,0
2026-03-15T21:00:00Z,16.1,0.0,100,7.0,0.0,1
2026-03-15T22:00:00Z,16.5,0.0,100,77.0,13.2,1
2026-03-15T23:00:00Z,17.2,0.0,100,153.0,14.4,1
2026-03-16T00:00:00Z,17.8,0.0,100,164.0,1.7,1
2026-03-16T01:00:00Z,17.5,0.4,100,86.0,0.0,1
2026-03-16T02:00:00Z,18.4,0.5,100,184.0,7.7,1
2026-03-16T03:00:00Z,18.5,0.4,100,171.0,1.2,1
2026-03-16T04:00:00Z,18.5,0.2,100,187.0,0.0,1
2026-03-16T05:00:00Z,19.4,0.2,100,274.0,10.0,1
2026-03-16T06:00:00Z,18.6,0.3,100,144.0,0.0,1
2026-03-16T07:00:00Z,18.6,0.7,100,42.0,0.0,1
2026-03-16T08:00:00Z,18.5,1.1,100,19.0,0.0,1
2026-03-16T09:00:00Z,18.1,1.2,100,3.0,0.0,0
2026-03-16T10:00:00Z,17.7,1.5,100,0.0,0.0,0
2026-03-16T11:00:00Z,17.5,1.2,100,0.0,0.0,0
2026-03-16T12:00:00Z,18.0,1.3,100,0.0,0.0,0
2026-03-16T13:00:00Z,17.8,0.8,100,0.0,0.0,0
2026-03-16T14:00:00Z,17.2,0.2,100,0.0,0.0,0
2026-03-16T15:00:00Z,17.0,0.0,100,0.0,0.0,0
2026-03-16T16:00:00Z,17.0,0.0,100,0.0,0.0,0
2026-03-16T17:00:00Z,16.9,0.0,100,0.0,0.0,0
2026-03-16T18:00:00Z,16.9,0.1,100,0.0,0.0,0
2026-03-16T19:00:00Z,16.7,0.0,100,0.0,0.0,0
2026-03-16T20:00:00Z,16.8,0.1,100,0.0,0.0,0
2026-03-16T21:00:00Z,16.9,0.2,100,4.0,0.0,1
2026-03-16T22:00:00Z,17.0,0.2,100,32.0,0.0,1
2026-03-16T23:00:00Z,17.3,0.2,100,109.0,9.7,1
2026-03-17T00:00:00Z,17.2,0.3,100,182.0,52.1,1
2026-03-17T01:00:00Z,17.8,0.0,100,203.0,18.6,1
2026-03-17T02:00:00Z,18.5,0.1,100,336.0,65.6,1
2026-03-17T03:00:00Z,19.0,0.1,100,452.0,164.5,1
2026-03-17T04:00:00Z,18.7,0.0,100,329.0,46.5,1
2026-03-17T05:00:00Z,19.0,0.0,99,422.0,269.4,1
2026-03-17T06:00:00Z,19.2,0.0,39,354.0,331.1,1
2026-03-17T07:00:00Z,18.8,0.0,5,304.0,517.8,1
2026-03-17T08:00:00Z,18.0,0.0,2,150.0,432.2,1
2026-03-17T09:00:00Z,17.5,0.0,29,14.0,78.3,0
2026-03-17T10:00:00Z,17.2,0.0,22,0.0,0.0,0
2026-03-17T11:00:00Z,16.5,0.0,10,0.0,0.0,0
2026-03-17T12:00:00Z,15.8,0.0,13,0.0,0.0,0
2026-03-17T13:00:00Z,15.1,0.0,12,0.0,0.0,0
2026-03-17T14:00:00Z,14.4,0.0,13,0.0,0.0,0
2026-03-17T15:00:00Z,13.9,0.0,9,0.0,0.0,0
2026-03-17T16:00:00Z,13.4,0.0,12,0.0,0.0,0
2026-03-17T17:00:00Z,13.3,0.0,16,0.0,0.0,0
2026-03-17T18:00:00Z,13.1,0.0,17,0.0,0.0,0
2026-03-17T19:00:00Z,12.9,0.0,20,0.0,0.0,0
2026-03-17T20:00:00Z,12.6,0.0,12,0.0,0.0,0
2026-03-17T21:00:00Z,13.1,0.0,100,19.0,99.0,1
2026-03-17T22:00:00Z,14.4,0.0,100,160.0,421.7,1
2026-03-17T23:00:00Z,15.6,0.0,100,345.0,566.0,1
2026-03-18T00:00:00Z,16.5,0.0,100,476.0,487.7,1
2026-03-18T01:00:00Z,18.2,0.0,100,560.0,411.0,1
2026-03-18T02:00:00Z,19.6,0.0,100,713.0,636.4,1
2026-03-18T03:00:00Z,20.5,0.0,94,744.0,667.7,1
2026-03-18T04:00:00Z,20.5,0.0,99,732.0,719.7,1
2026-03-18T05:00:00Z,20.0,0.0,100,579.0,510.5,1
2026-03-18T06:00:00Z,20.4,0.0,30,355.0,254.1,1
2026-03-18T07:00:00Z,20.0,0.0,59,327.0,594.7,1
2026-03-18T08:00:00Z,19.4,0.0,94,137.0,341.8,1
2026-03-18T09:00:00Z,18.8,0.0,23,14.0,67.6,0
2026-03-18T10:00:00Z,18.2,0.0,35,0.0,0.0,0
2026-03-18T11:00:00Z,17.6,0.0,37,0.0,0.0,0
2026-03-18T12:00:00Z,17.5,0.0,41,0.0,0.0,0
2026-03-18T13:00:00Z,17.4,0.0,65,0.0,0.0,0
2026-03-18T14:00:00Z,17.2,0.0,90,0.0,0.0,0
2026-03-18T15:00:00Z,17.0,0.0,54,0.0,0.0,0
2026-03-18T16:00:00Z,16.9,0.0,73,0.0,0.0,0
2026-03-18T17:00:00Z,16.9,0.0,73,0.0,0.0,0
2026-03-18T18:00:00Z,17.4,0.1,100,0.0,0.0,0
2026-03-18T19:00:00Z,17.3,0.1,100,0.0,0.0,0
2026-03-18T20:00:00Z,17.1,0.1,100,0.0,0.0,0
2026-03-18T21:00:00Z,17.0,0.0,100,7.0,0.0,1
2026-03-18T22:00:00Z,17.3,0.1,95,60.0,4.6,1
2026-03-18T23:00:00Z,17.7,0.0,100,129.0,22.1,1
2026-03-19T00:00:00Z,18.1,0.2,100,187.0,31.7,1
2026-03-19T01:00:00Z,18.7,0.3,100,332.0,88.1,1
2026-03-19T02:00:00Z,18.8,0.2,100,386.0,109.2,1
2026-03-19T03:00:00Z,19.0,0.1,100,423.0,115.8,1
2026-03-19T04:00:00Z,19.1,0.1,100,402.0,96.7,1
2026-03-19T05:00:00Z,19.1,0.1,100,408.0,195.7,1
2026-03-19T06:00:00Z,18.6,0.1,100,283.0,60.9,1
2026-03-19T07:00:00Z,18.2,0.1,100,175.0,33.0,1
2026-03-19T08:00:00Z,17.8,0.0,100,100.0,148.1,1
2026-03-19T09:00:00Z,17.6,0.0,100,7.0,0.0,0
2026-03-19T10:00:00Z,17.3,0.0,95,0.0,0.0,0
2026-03-19T11:00:00Z,16.1,0.0,6,0.0,0.0,0
2026-03-19T12:00:00Z,15.7,0.0,6,0.0,0.0,0
2026-03-19T13:00:00Z,14.9,0.0,49,0.0,0.0,0
2026-03-19T14:00:00Z,14.3,0.0,4,0.0,0.0,0
2026-03-19T15:00:00Z,13.8,0.0,12,0.0,0.0,0
2026-03-19T16:00:00Z,13.3,0.0,81,0.0,0.0,0
2026-03-19T17:00:00Z,13.2,0.0,100,0.0,0.0,0
2026-03-19T18:00:00Z,13.6,0.0,99,0.0,0.0,0
2026-03-19T19:00:00Z,13.1,0.0,98,0.0,0.0,0
2026-03-19T20:00:00Z,12.9,0.0,95,0.0,0.0,0
2026-03-19T21:00:00Z,13.2,0.0,98,15.0,64.5,1
2026-03-19T22:00:00Z,14.8,0.0,100,121.0,280.3,1
2026-03-19T23:00:00Z,16.2,0.0,100,256.0,285.2,1
2026-03-20T00:00:00Z,17.5,0.0,98,337.0,168.1,1
2026-03-20T01:00:00Z,18.5,0.0,99,577.0,537.4,1
2026-03-20T02:00:00Z,19.5,0.0,58,721.0,688.6,1
2026-03-20T03:00:00Z,20.1,0.0,16,791.0,792.4,1
2026-03-20T04:00:00Z,20.1,0.0,0,799.0,916.0,1
2026-03-20T05:00:00Z,20.0,0.0,16,705.0,908.7,1
2026-03-20T06:00:00Z,20.2,0.0,47,551.0,846.2,1
2026-03-20T07:00:00Z,19.2,0.0,97,353.0,700.3,1
2026-03-20T08:00:00Z,18.5,0.0,98,134.0,309.1,1
2026-03-20T09:00:00Z,17.8,0.0,27,12.0,43.6,0
2026-03-20T10:00:00Z,16.9,0.0,23,0.0,0.0,0
2026-03-20T11:00:00Z,16.0,0.0,24,0.0,0.0,0
2026-03-20T12:00:00Z,15.3,0.0,0,0.0,0.0,0
2026-03-20T13:00:00Z,14.4,0.0,66,0.0,0.0,0
2026-03-20T14:00:00Z,13.9,0.0,8,0.0,0.0,0
2026-03-20T15:00:00Z,13.6,0.0,1,0.0,0.0,0
2026-03-20T16:00:00Z,12.9,0.0,0,0.0,0.0,0
2026-03-20T17:00:00Z,12.1,0.0,5,0.0,0.0,0
2026-03-20T18:00:00Z,12.2,0.0,100,0.0,0.0,0
2026-03-20T19:00:00Z,13.6,0.0,100,0.0,0.0,0
2026-03-20T20:00:00Z,14.1,0.0,100,0.0,0.0,0
2026-03-20T21:00:00Z,14.1,0.0,100,8.0,13.2,1
2026-03-20T22:00:00Z,15.2,0.0,70,104.0,194.5,1
2026-03-20T23:00:00Z,16.6,0.1,77,231.0,227.6,1
2026-03-21T00:00:00Z,18.4,0.1,100,327.0,187.0,1
2026-03-21T01:00:00Z,19.5,0.0,97,651.0,705.3,1
2026-03-21T02:00:00Z,20.4,0.0,28,777.0,856.4,1
2026-03-21T03:00:00Z,20.8,0.0,14,818.0,893.4,1
2026-03-21T04:00:00Z,21.0,0.0,5,785.0,897.6,1
2026-03-21T05:00:00Z,21.1,0.0,2,696.0,894.3,1
2026-03-21T06:00:00Z,20.8,0.0,0,547.0,851.9,1
2026-03-21T07:00:00Z,20.3,0.0,0,356.0,751.3,1
2026-03-21T08:00:00Z,19.7,0.0,1,149.0,535.9,1
2026-03-21T09:00:00Z,18.5,0.0,0,11.0,75.6,0
2026-03-21T10:00:00Z,17.8,0.0,0,0.0,0.0,0
2026-03-21T11:00:00Z,17.0,0.0,0,0.0,0.0,0
2026-03-21T12:00:00Z,16.4,0.0,0,0.0,0.0,0
2026-03-21T13:00:00Z,15.7,0.0,0,0.0,0.0,0
2026-03-21T14:00:00Z,14.9,0.0,5,0.0,0.0,0
2026-03-21T15:00:00Z,15.0,0.0,20,0.0,0.0,0
2026-03-21T16:00:00Z,14.7,0.0,100,0.0,0.0,0
2026-03-21T17:00:00Z,14.6,0.0,100,0.0,0.0,0
2026-03-21T18:00:00Z,14.6,0.0,100,0.0,0.0,0
2026-03-21T19:00:00Z,14.8,0.0,100,0.0,0.0,0
2026-03-21T20:00:00Z,14.6,0.0,100,0.0,0.0,0
2026-03-21T21:00:00Z,14.4,0.0,100,10.0,13.5,1
2026-03-21T22:00:00Z,15.6,0.0,17,137.0,327.6,1
2026-03-21T23:00:00Z,19.5,0.0,8,352.0,658.3,1
2026-03-22T00:00:00Z,23.2,0.0,98,548.0,836.9,1
2026-03-22T01:00:00Z,26.0,0.0,98,671.0,795.8,1
2026-03-22T02:00:00Z,27.3,0.0,99,746.0,783.0,1
2026-03-22T03:00:00Z,28.2,0.0,100,733.0,699.9,1
2026-03-22T04:00:00Z,29.0,0.0,100,688.0,659.6,1
2026-03-22T05:00:00Z,29.5,0.0,100,615.0,636.6,1
2026-03-22T06:00:00Z,29.3,0.0,93,453.0,526.5,1
2026-03-22T07:00:00Z,28.8,0.0,8,317.0,568.3,1
2026-03-22T08:00:00Z,26.8,0.0,16,137.0,486.5,1
2026-03-22T09:00:00Z,24.9,0.0,24,9.0,47.2,0
2026-03-22T10:00:00Z,24.1,0.0,16,0.0,0.0,0
2026-03-22T11:00:00Z,21.5,0.0,9,0.0,0.0,0
2026-03-22T12:00:00Z,19.4,0.0,1,0.0,0.0,0
2026-03-22T13:00:00Z,18.6,0.0,0,0.0,0.0,0
2026-03-22T14:00:00Z,18.1,0.0,0,0.0,0.0,0
2026-03-22T15:00:00Z,17.3,0.0,0,0.0,0.0,0
2026-03-22T16:00:00Z,16.7,0.0,0,0.0,0.0,0
2026-03-22T17:00:00Z,16.0,0.0,3,0.0,0.0,0
2026-03-22T18:00:00Z,15.6,0.0,5,0.0,0.0,0
2026-03-22T19:00:00Z,14.6,0.0,100,0.0,0.0,0
2026-03-22T20:00:00Z,14.4,0.0,100,0.0,0.0,0
2026-03-22T21:00:00Z,14.6,0.0,89,12.0,27.5,1
2026-03-22T22:00:00Z,16.4,0.0,94,141.0,406.3,1
2026-03-22T23:00:00Z,18.1,0.0,100,265.0,236.6,1
2026-03-23T00:00:00Z,20.1,0.0,98,391.0,245.3,1
2026-03-23T01:00:00Z,22.9,0.0,80,585.0,535.9,1
2026-03-23T02:00:00Z,25.2,0.0,100,711.0,674.3,1
2026-03-23T03:00:00Z,27.0,0.0,100,772.0,789.9,1
2026-03-23T04:00:00Z,27.2,0.0,89,692.0,685.0,1
2026-03-23T05:00:00Z,27.5,0.0,63,589.0,611.1,1
2026-03-23T06:00:00Z,28.3,0.0,100,465.0,622.3,1
2026-03-23T07:00:00Z,27.0,0.0,81,266.0,375.1,1
2026-03-23T08:00:00Z,25.2,0.0,23,111.0,296.8,1
2026-03-23T09:00:00Z,24.1,0.0,2,8.0,49.2,0
2026-03-23T10:00:00Z,23.1,0.0,0,0.0,0.0,0
2026-03-23T11:00:00Z,21.5,0.0,0,0.0,0.0,0
2026-03-23T12:00:00Z,20.0,0.0,4,0.0,0.0,0
2026-03-23T13:00:00Z,18.4,0.0,1,0.0,0.0,0
2026-03-23T14:00:00Z,17.5,0.0,0,0.0,0.0,0
2026-03-23T15:00:00Z,17.5,0.0,85,0.0,0.0,0
2026-03-23T16:00:00Z,17.9,0.0,93,0.0,0.0,0
2026-03-23T17:00:00Z,18.1,0.0,100,0.0,0.0,0
2026-03-23T18:00:00Z,18.2,0.0,59,0.0,0.0,0
2026-03-23T19:00:00Z,19.0,0.0,8,0.0,0.0,0
2026-03-23T20:00:00Z,19.8,0.0,80,0.0,0.0,0
2026-03-23T21:00:00Z,20.1,0.0,100,12.0,42.2,1
2026-03-23T22:00:00Z,21.4,0.0,100,94.0,64.7,1
2026-03-23T23:00:00Z,22.6,0.0,100,169.0,28.2,1
2026-03-24T00:00:00Z,25.0,0.0,73,371.0,226.9,1
2026-03-24T01:00:00Z,26.6,0.0,99,497.0,451.3,1
2026-03-24T02:00:00Z,26.8,1.4,99,571.0,415.0,1
2026-03-24T03:00:00Z,26.0,0.0,95,401.0,210.9,1
2026-03-24T04:00:00Z,26.0,0.0,95,488.0,325.7,1
2026-03-24T05:00:00Z,22.9,0.0,98,346.0,176.9,1
2026-03-24T06:00:00Z,22.9,1.0,93,266.0,180.0,1
2026-03-24T07:00:00Z,21.3,0.0,97,147.0,54.3,1
2026-03-24T08:00:00Z,20.5,1.3,100,27.0,39.6,1
2026-03-24T09:00:00Z,20.0,0.2,91,1.0,0.0,0
2026-03-24T10:00:00Z,19.6,0.0,8,0.0,0.0,0
2026-03-24T11:00:00Z,19.1,0.0,1,0.0,0.0,0
2026-03-24T12:00:00Z,17.6,0.0,16,0.0,0.0,0
2026-03-24T13:00:00Z,17.8,0.0,13,0.0,0.0,0
2026-03-24T14:00:00Z,18.0,0.0,0,0.0,0.0,0
2026-03-24T15:00:00Z,18.0,0.0,0,0.0,0.0,0
2026-03-24T16:00:00Z,18.1,0.0,2,0.0,0.0,0
2026-03-24T17:00:00Z,18.1,0.0,19,0.0,0.0,0
2026-03-24T18:00:00Z,17.5,0.0,4,0.0,0.0,0
2026-03-24T19:00:00Z,17.4,0.0,41,0.0,0.0,0
2026-03-24T20:00:00Z,17.6,0.0,91,0.0,0.0,0
2026-03-24T21:00:00Z,18.1,0.0,49,9.0,14.4,1
2026-03-24T22:00:00Z,19.1,0.0,27,125.0,333.7,1
2026-03-24T23:00:00Z,21.1,0.0,71,314.0,582.3,1
2026-03-25T00:00:00Z,23.3,0.0,97,465.0,613.9,1
2026-03-25T01:00:00Z,24.4,0.0,39,420.0,319.5,1
2026-03-25T02:00:00Z,25.2,0.0,52,666.0,680.3,1
2026-03-25T03:00:00Z,25.1,0.2,100,554.0,446.2,1
2026-03-25T04:00:00Z,21.8,6.3,100,477.0,319.6,1
2026-03-25T05:00:00Z,22.5,0.3,67,221.0,0.0,1
2026-03-25T06:00:00Z,22.5,0.1,38,357.0,376.6,1
2026-03-25T07:00:00Z,21.7,0.0,47,239.0,454.4,1
2026-03-25T08:00:00Z,21.5,0.0,94,91.0,285.5,1
2026-03-25T09:00:00Z,19.7,0.2,27,3.0,17.9,0
2026-03-25T10:00:00Z,18.8,0.1,98,0.0,0.0,0
2026-03-25T11:00:00Z,18.2,0.4,100,0.0,0.0,0
2026-03-25T12:00:00Z,17.7,0.9,100,0.0,0.0,0
2026-03-25T13:00:00Z,18.0,0.2,100,0.0,0.0,0
2026-03-25T14:00:00Z,17.8,0.0,100,0.0,0.0,0
2026-03-25T15:00:00Z,17.0,0.0,100,0.0,0.0,0
2026-03-25T16:00:00Z,16.4,0.0,100,0.0,0.0,0
2026-03-25T17:00:00Z,15.9,0.1,100,0.0,0.0,0
2026-03-25T18:00:00Z,15.7,0.0,100,0.0,0.0,0
2026-03-25T19:00:00Z,15.2,0.0,100,0.0,0.0,0
2026-03-25T20:00:00Z,15.1,0.0,100,0.0,0.0,0
2026-03-25T21:00:00Z,14.8,0.0,100,4.0,0.0,1
2026-03-25T22:00:00Z,14.7,0.0,92,62.0,56.5,1
2026-03-25T23:00:00Z,15.6,0.0,9,255.0,415.2,1
2026-03-26T00:00:00Z,17.1,0.0,32,502.0,715.4,1
2026-03-26T01:00:00Z,17.9,0.0,49,604.0,704.3,1
2026-03-26T02:00:00Z,16.5,0.2,99,539.0,450.6,1
2026-03-26T03:00:00Z,14.4,1.2,100,344.0,128.2,1
2026-03-26T04:00:00Z,13.9,1.4,100,269.0,58.6,1
2026-03-26T05:00:00Z,12.6,1.5,100,82.0,0.0,1
2026-03-26T06:00:00Z,11.8,1.2,100,89.0,3.8,1
2026-03-26T07:00:00Z,11.9,1.0,100,46.0,11.2,1
2026-03-26T08:00:00Z,11.2,1.1,100,9.0,0.0,1
2026-03-26T09:00:00Z,10.9,0.6,100,2.0,0.0,0
2026-03-26T10:00:00Z,10.4,0.8,100,0.0,0.0,0
2026-03-26T11:00:00Z,9.8,0.5,99,0.0,0.0,0
2026-03-26T12:00:00Z,10.8,0.7,90,0.0,0.0,0
2026-03-26T13:00:00Z,10.9,1.4,97,0.0,0.0,0
2026-03-26T14:00:00Z,11.4,0.4,95,0.0,0.0,0
2026-03-26T15:00:00Z,11.9,1.0,59,0.0,0.0,0
2026-03-26T16:00:00Z,11.7,0.1,72,0.0,0.0,0
2026-03-26T17:00:00Z,11.0,1.1,57,0.0,0.0,0
2026-03-26T18:00:00Z,11.2,1.7,49,0.0,0.0,0
2026-03-26T19:00:00Z,12.8,0.6,34,0.0,0.0,0
2026-03-26T20:00:00Z,13.6,0.2,30,0.0,0.0,0
2026-03-26T21:00:00Z,13.6,0.1,46,9.0,60.4,1
2026-03-26T22:00:00Z,13.9,0.2,50,111.0,345.0,1
2026-03-26T23:00:00Z,14.6,0.2,27,260.0,469.0,1
2026-03-27T00:00:00Z,13.9,0.2,93,408.0,544.3,1
2026-03-27T01:00:00Z,14.4,0.2,84,304.0,149.5,1
2026-03-27T02:00:00Z,15.0,0.7,48,544.0,466.7,1
2026-03-27T03:00:00Z,15.6,0.1,30,587.0,552.7,1
2026-03-27T04:00:00Z,15.4,0.1,64,560.0,493.8,1
2026-03-27T05:00:00Z,15.4,0.2,70,463.0,440.7,1
2026-03-27T06:00:00Z,14.8,0.1,33,260.0,154.3,1
2026-03-27T07:00:00Z,14.9,0.1,89,251.0,413.9,1
2026-03-27T08:00:00Z,14.4,0.1,77,81.0,198.5,1
2026-03-27T09:00:00Z,14.4,0.0,98,3.0,0.0,0
2026-03-27T10:00:00Z,14.6,0.0,100,0.0,0.0,0
2026-03-27T11:00:00Z,14.4,0.0,100,0.0,0.0,0
2026-03-27T12:00:00Z,14.4,0.0,73,0.0,0.0,0
2026-03-27T13:00:00Z,14.4,0.0,100,0.0,0.0,0
2026-03-27T14:00:00Z,13.8,0.3,100,0.0,0.0,0
2026-03-27T15:00:00Z,13.9,0.7,100,0.0,0.0,0
2026-03-27T16:00:00Z,13.4,0.9,100,0.0,0.0,0
2026-03-27T17:00:00Z,13.5,0.5,98,0.0,0.0,0
2026-03-27T18:00:00Z,12.9,0.9,86,0.0,0.0,0
2026-03-27T19:00:00Z,13.0,0.9,92,0.0,0.0,0
2026-03-27T20:00:00Z,12.9,1.0,97,0.0,0.0,0
2026-03-27T21:00:00Z,13.3,1.1,100,5.0,15.5,1
2026-03-27T22:00:00Z,14.3,1.0,100,47.0,47.9,1
2026-03-27T23:00:00Z,15.1,0.7,99,105.0,37.2,1
2026-03-28T00:00:00Z,15.4,0.7,100,231.0,128.6,1
2026-03-28T01:00:00Z,16.4,0.6,100,246.0,39.5,1
2026-03-28T02:00:00Z,17.5,0.3,98,387.0,101.0,1
2026-03-28T03:00:00Z,18.0,0.3,67,533.0,361.4,1
2026-03-28T04:00:00Z,18.4,0.3,62,534.0,411.4,1
2026-03-28T05:00:00Z,18.5,0.3,56,462.0,384.9,1
2026-03-28T06:00:00Z,18.0,0.1,32,435.0,572.9,1
2026-03-28T07:00:00Z,17.3,0.2,54,254.0,474.8,1
2026-03-28T08:00:00Z,16.8,0.0,100,75.0,205.2,1
2026-03-28T09:00:00Z,16.0,0.1,100,2.0,0.0,0
2026-03-28T10:00:00Z,15.8,0.6,100,0.0,0.0,0
2026-03-28T11:00:00Z,15.8,0.1,100,0.0,0.0,0
2026-03-28T12:00:00Z,15.5,0.1,100,0.0,0.0,0
2026-03-28T13:00:00Z,15.4,0.3,88,0.0,0.0,0
2026-03-28T14:00:00Z,14.8,0.5,95,0.0,0.0,0
2026-03-28T15:00:00Z,14.5,0.5,100,0.0,0.0,0
2026-03-28T16:00:00Z,14.4,0.4,85,0.0,0.0,0
2026-03-28T17:00:00Z,13.4,0.2,69,0.0,0.0,0
2026-03-28T18:00:00Z,13.8,0.1,65,0.0,0.0,0
2026-03-28T19:00:00Z,13.4,0.2,68,0.0,0.0,0
2026-03-28T20:00:00Z,12.8,0.1,66,0.0,0.0,0
2026-03-28T21:00:00Z,13.1,0.0,47,6.0,15.9,1
2026-03-28T22:00:00Z,14.2,0.1,48,97.0,184.0,1
2026-03-28T23:00:00Z,15.6,0.0,70,265.0,415.9,1
2026-03-29T00:00:00Z,17.0,0.1,80,411.0,461.7,1
2026-03-29T01:00:00Z,18.5,0.0,97,576.0,617.5,1
2026-03-29T02:00:00Z,19.8,0.0,50,674.0,650.5,1
2026-03-29T03:00:00Z,20.4,0.0,8,732.0,751.1,1
2026-03-29T04:00:00Z,20.4,0.0,3,740.0,889.4,1
2026-03-29T05:00:00Z,20.0,0.0,9,644.0,868.5,1
2026-03-29T06:00:00Z,19.7,0.0,63,493.0,812.9,1
2026-03-29T07:00:00Z,19.0,0.0,5,302.0,672.0,1
2026-03-29T08:00:00Z,17.8,0.0,2,110.0,477.8,1
2026-03-29T09:00:00Z,17.3,0.0,79,3.0,22.1,0
2026-03-29T10:00:00Z,16.6,0.0,98,0.0,0.0,0
2026-03-29T11:00:00Z,15.8,0.0,23,0.0,0.0,0
2026-03-29T12:00:00Z,14.8,0.0,87,0.0,0.0,0
2026-03-29T13:00:00Z,13.9,0.0,79,0.0,0.0,0
2026-03-29T14:00:00Z,13.5,0.0,20,0.0,0.0,0
2026-03-29T15:00:00Z,12.9,0.0,99,0.0,0.0,0
2026-03-29T16:00:00Z,12.5,0.0,99,0.0,0.0,0
2026-03-29T17:00:00Z,12.2,0.0,80,0.0,0.0,0
2026-03-29T18:00:00Z,11.5,0.0,96,0.0,0.0,0
2026-03-29T19:00:00Z,11.2,0.0,90,0.0,0.0,0
2026-03-29T20:00:00Z,11.0,0.0,57,0.0,0.0,0
2026-03-29T21:00:00Z,11.1,0.0,18,8.0,32.6,1
2026-03-29T22:00:00Z,13.1,0.0,0,136.0,501.3,1
2026-03-29T23:00:00Z,16.5,0.0,10,334.0,717.7,1
2026-03-30T00:00:00Z,20.5,0.0,53,516.0,824.0,1
2026-03-30T01:00:00Z,23.5,0.0,93,658.0,875.0,1
2026-03-30T02:00:00Z,24.5,0.0,60,742.0,883.5,1
2026-03-30T03:00:00Z,25.2,0.0,68,770.0,897.7,1
2026-03-30T04:00:00Z,25.6,0.0,53,734.0,895.4,1
2026-03-30T05:00:00Z,25.6,0.0,48,635.0,865.8,1
2026-03-30T06:00:00Z,25.6,0.0,16,486.0,811.3,1
2026-03-30T07:00:00Z,25.0,0.0,28,297.0,691.4,1
2026-03-30T08:00:00Z,23.4,0.0,38,102.0,440.1,1
2026-03-30T09:00:00Z,22.0,0.0,44,2.0,0.0,0
2026-03-30T10:00:00Z,20.8,0.0,26,0.0,0.0,0
2026-03-30T11:00:00Z,19.4,0.0,45,0.0,0.0,0
2026-03-30T12:00:00Z,18.3,0.0,22,0.0,0.0,0
2026-03-30T13:00:00Z,17.5,0.0,1,0.0,0.0,0
2026-03-30T14:00:00Z,17.0,0.0,39,0.0,0.0,0
2026-03-30T15:00:00Z,16.5,0.0,42,0.0,0.0,0
2026-03-30T16:00:00Z,16.1,0.0,54,0.0,0.0,0
2026-03-30T17:00:00Z,15.8,0.0,84,0.0,0.0,0
2026-03-30T18:00:00Z,15.2,0.0,69,0.0,0.0,0
2026-03-30T19:00:00Z,14.8,0.0,100,0.0,0.0,0
2026-03-30T20:00:00Z,14.8,0.0,100,0.0,0.0,0
2026-03-30T21:00:00Z,15.0,0.0,100,7.0,16.7,1
2026-03-30T22:00:00Z,16.5,0.0,100,108.0,213.2,1
2026-03-30T23:00:00Z,19.1,0.0,48,303.0,530.3,1
2026-03-31T00:00:00Z,22.4,0.0,100,481.0,654.7,1
2026-03-31T01:00:00Z,24.2,0.0,27,574.0,540.0,1
2026-03-31T02:00:00Z,25.6,0.0,87,710.0,766.6,1
2026-03-31T03:00:00Z,26.8,0.0,100,744.0,794.0,1
2026-03-31T04:00:00Z,27.0,0.0,2,720.0,831.0,1
2026-03-31T05:00:00Z,27.4,0.0,0,634.0,868.0,1
2026-03-31T06:00:00Z,27.8,0.0,0,483.0,819.8,1
2026-03-31T07:00:00Z,27.4,0.0,0,295.0,705.4,1
2026-03-31T08:00:00Z,25.5,0.0,0,101.0,474.7,1
2026-03-31T09:00:00Z,23.5,0.0,0,2.0,0.0,0
2026-03-31T10:00:00Z,21.8,0.0,0,0.0,0.0,0
2026-03-31T11:00:00Z,20.5,0.0,0,0.0,0.0,0
2026-03-31T12:00:00Z,20.8,0.0,0,0.0,0.0,0
2026-03-31T13:00:00Z,20.2,0.0,0,0.0,0.0,0
2026-03-31T14:00:00Z,19.8,0.0,49,0.0,0.0,0
2026-03-31T15:00:00Z,19.6,0.0,91,0.0,0.0,0
2026-03-31T16:00:00Z,19.6,0.0,12,0.0,0.0,0
2026-03-31T17:00:00Z,19.3,0.0,7,0.0,0.0,0
2026-03-31T18:00:00Z,19.0,0.0,61,0.0,0.0,0
2026-03-31T19:00:00Z,18.6,0.0,98,0.0,0.0,0
2026-03-31T20:00:00Z,18.5,0.0,100,0.0,0.0,0
2026-03-31T21:00:00Z,18.5,0.0,99,6.0,17.2,1
2026-03-31T22:00:00Z,19.5,0.0,100,115.0,280.0,1
2026-03-31T23:00:00Z,20.5,0.0,100,201.0,77.3,1
2026-04-01T00:00:00Z,23.3,0.0,99,473.0,636.3,1
2026-04-01T01:00:00Z,25.1,0.0,73,556.0,504.4,1
2026-04-01T02:00:00Z,26.9,0.0,100,661.0,648.2,1
2026-04-01T03:00:00Z,28.0,0.0,100,542.0,282.1,1
2026-04-01T04:00:00Z,25.4,0.0,100,515.0,285.1,1
2026-04-01T05:00:00Z,22.1,0.0,100,337.0,114.2,1
2026-04-01T06:00:00Z,20.4,0.0,100,145.0,14.2,1
2026-04-01T07:00:00Z,19.0,0.0,100,80.0,0.0,1
2026-04-01T08:00:00Z,19.1,0.0,100,30.0,0.0,1
2026-04-01T09:00:00Z,19.0,0.0,100,0.0,0.0,0
2026-04-01T10:00:00Z,18.5,0.0,88,0.0,0.0,0
2026-04-01T11:00:00Z,18.0,0.0,27,0.0,0.0,0
2026-04-01T12:00:00Z,17.3,0.0,9,0.0,0.0,0
2026-04-01T13:00:00Z,16.6,0.0,0,0.0,0.0,0
2026-04-01T14:00:00Z,16.1,0.0,1,0.0,0.0,0
2026-04-01T15:00:00Z,15.2,0.0,1,0.0,0.0,0
2026-04-01T16:00:00Z,14.2,0.0,0,0.0,0.0,0
2026-04-01T17:00:00Z,13.6,0.0,2,0.0,0.0,0
2026-04-01T18:00:00Z,13.3,0.0,4,0.0,0.0,0
2026-04-01T19:00:00Z,12.5,0.0,99,0.0,0.0,0
2026-04-01T20:00:00Z,12.4,0.0,93,0.0,0.0,0
2026-04-01T21:00:00Z,12.6,0.0,80,5.0,17.7,1
2026-04-01T22:00:00Z,13.8,0.0,29,101.0,262.0,1
2026-04-01T23:00:00Z,15.5,0.0,9,273.0,459.8,1
